Nama_Dataset,Nama_Video_Mentah,Jenis_Latihan,Kategori_Sumber,Total_Frame,Jumlah_Frame_Benar,Jumlah_Frame_Salah,Persentase_Salah_Pct,Status_Kualitatif,Rentang_Frame_Salah,Daftar_Eksplisit_Frame_Salah,Daftar_Eksplisit_Frame_Benar,Array_Label_64_Biner,Path_Tensor,Path_Label
BenchPress_001,primer_benchpress_frontal_subjek01_rep1.mp4,Benchpress,Primer,64,7,57,89.06,Dominan Salah (Gerakan Gagal / Half Rep),Frame 1-31 (31 frame); Frame 34-41 (8 frame); Frame 43; Frame 48-64 (17 frame),"1, 2, 3, 4, 5, 6, 7, 8, 9, 10, 11, 12, 13, 14, 15, 16, 17, 18, 19, 20, 21, 22, 23, 24, 25, 26, 27, 28, 29, 30, 31, 34, 35, 36, 37, 38, 39, 40, 41, 43, 48, 49, 50, 51, 52, 53, 54, 55, 56, 57, 58, 59, 60, 61, 62, 63, 64","32, 33, 42, 44, 45, 46, 47",1111111111111111111111111111111001111111101000011111111111111111,D:\Data-Aji\KULIAH\Tugas-Akhir\AttentiveSkel3D-WeightTraining-PoC\Release_V2_AttentiveSkel3D\data\tensors\BenchPress_001.npy,D:\Data-Aji\KULIAH\Tugas-Akhir\AttentiveSkel3D-WeightTraining-PoC\Release_V2_AttentiveSkel3D\data\v2_labels\BenchPress_001_labels.npy
BenchPress_002,primer_benchpress_frontal_subjek01_rep10.mp4,Benchpress,Primer,64,49,15,23.44,Dominan Benar (Kesalahan Ringan/Fase Transisi),Frame 38-48 (11 frame); Frame 58-61 (4 frame),"38, 39, 40, 41, 42, 43, 44, 45, 46, 47, 48, 58, 59, 60, 61","1, 2, 3, 4, 5, 6, 7, 8, 9, 10, 11, 12, 13, 14, 15, 16, 17, 18, 19, 20, 21, 22, 23, 24, 25, 26, 27, 28, 29, 30, 31, 32, 33, 34, 35, 36, 37, 49, 50, 51, 52, 53, 54, 55, 56, 57, 62, 63, 64",0000000000000000000000000000000000000111111111110000000001111000,D:\Data-Aji\KULIAH\Tugas-Akhir\AttentiveSkel3D-WeightTraining-PoC\Release_V2_AttentiveSkel3D\data\tensors\BenchPress_002.npy,D:\Data-Aji\KULIAH\Tugas-Akhir\AttentiveSkel3D-WeightTraining-PoC\Release_V2_AttentiveSkel3D\data\v2_labels\BenchPress_002_labels.npy
BenchPress_003,primer_benchpress_frontal_subjek01_rep11.mp4,Benchpress,Primer,64,56,8,12.5,Dominan Benar (Kesalahan Ringan/Fase Transisi),Frame 6-10 (5 frame); Frame 36-37 (2 frame); Frame 46,"6, 7, 8, 9, 10, 36, 37, 46","1, 2, 3, 4, 5, 11, 12, 13, 14, 15, 16, 17, 18, 19, 20, 21, 22, 23, 24, 25, 26, 27, 28, 29, 30, 31, 32, 33, 34, 35, 38, 39, 40, 41, 42, 43, 44, 45, 47, 48, 49, 50, 51, 52, 53, 54, 55, 56, 57, 58, 59, 60, 61, 62, 63, 64",0000011111000000000000000000000000011000000001000000000000000000,D:\Data-Aji\KULIAH\Tugas-Akhir\AttentiveSkel3D-WeightTraining-PoC\Release_V2_AttentiveSkel3D\data\tensors\BenchPress_003.npy,D:\Data-Aji\KULIAH\Tugas-Akhir\AttentiveSkel3D-WeightTraining-PoC\Release_V2_AttentiveSkel3D\data\v2_labels\BenchPress_003_labels.npy
BenchPress_004,primer_benchpress_frontal_subjek01_rep12.mp4,Benchpress,Primer,64,18,46,71.88,Dominan Salah (Gerakan Gagal / Half Rep),Frame 1-46 (46 frame),"1, 2, 3, 4, 5, 6, 7, 8, 9, 10, 11, 12, 13, 14, 15, 16, 17, 18, 19, 20, 21, 22, 23, 24, 25, 26, 27, 28, 29, 30, 31, 32, 33, 34, 35, 36, 37, 38, 39, 40, 41, 42, 43, 44, 45, 46","47, 48, 49, 50, 51, 52, 53, 54, 55, 56, 57, 58, 59, 60, 61, 62, 63, 64",1111111111111111111111111111111111111111111111000000000000000000,D:\Data-Aji\KULIAH\Tugas-Akhir\AttentiveSkel3D-WeightTraining-PoC\Release_V2_AttentiveSkel3D\data\tensors\BenchPress_004.npy,D:\Data-Aji\KULIAH\Tugas-Akhir\AttentiveSkel3D-WeightTraining-PoC\Release_V2_AttentiveSkel3D\data\v2_labels\BenchPress_004_labels.npy
BenchPress_005,primer_benchpress_frontal_subjek01_rep13.mp4,Benchpress,Primer,64,20,44,68.75,Dominan Salah (Gerakan Gagal / Half Rep),Frame 1-42 (42 frame); Frame 49-50 (2 frame),"1, 2, 3, 4, 5, 6, 7, 8, 9, 10, 11, 12, 13, 14, 15, 16, 17, 18, 19, 20, 21, 22, 23, 24, 25, 26, 27, 28, 29, 30, 31, 32, 33, 34, 35, 36, 37, 38, 39, 40, 41, 42, 49, 50","43, 44, 45, 46, 47, 48, 51, 52, 53, 54, 55, 56, 57, 58, 59, 60, 61, 62, 63, 64",1111111111111111111111111111111111111111110000001100000000000000,D:\Data-Aji\KULIAH\Tugas-Akhir\AttentiveSkel3D-WeightTraining-PoC\Release_V2_AttentiveSkel3D\data\tensors\BenchPress_005.npy,D:\Data-Aji\KULIAH\Tugas-Akhir\AttentiveSkel3D-WeightTraining-PoC\Release_V2_AttentiveSkel3D\data\v2_labels\BenchPress_005_labels.npy
BenchPress_006,primer_benchpress_frontal_subjek01_rep14.mp4,Benchpress,Primer,64,23,41,64.06,Dominan Salah (Gerakan Gagal / Half Rep),Frame 10-50 (41 frame),"10, 11, 12, 13, 14, 15, 16, 17, 18, 19, 20, 21, 22, 23, 24, 25, 26, 27, 28, 29, 30, 31, 32, 33, 34, 35, 36, 37, 38, 39, 40, 41, 42, 43, 44, 45, 46, 47, 48, 49, 50","1, 2, 3, 4, 5, 6, 7, 8, 9, 51, 52, 53, 54, 55, 56, 57, 58, 59, 60, 61, 62, 63, 64",0000000001111111111111111111111111111111111111111100000000000000,D:\Data-Aji\KULIAH\Tugas-Akhir\AttentiveSkel3D-WeightTraining-PoC\Release_V2_AttentiveSkel3D\data\tensors\BenchPress_006.npy,D:\Data-Aji\KULIAH\Tugas-Akhir\AttentiveSkel3D-WeightTraining-PoC\Release_V2_AttentiveSkel3D\data\v2_labels\BenchPress_006_labels.npy
BenchPress_007,primer_benchpress_frontal_subjek01_rep15.mp4,Benchpress,Primer,64,33,31,48.44,Campuran (Sebagian Fase Gerakan Salah),Frame 7-14 (8 frame); Frame 16-27 (12 frame); Frame 29-30 (2 frame); Frame 34-36 (3 frame); Frame 42; Frame 57-59 (3 frame); Frame 63-64 (2 frame),"7, 8, 9, 10, 11, 12, 13, 14, 16, 17, 18, 19, 20, 21, 22, 23, 24, 25, 26, 27, 29, 30, 34, 35, 36, 42, 57, 58, 59, 63, 64","1, 2, 3, 4, 5, 6, 15, 28, 31, 32, 33, 37, 38, 39, 40, 41, 43, 44, 45, 46, 47, 48, 49, 50, 51, 52, 53, 54, 55, 56, 60, 61, 62",0000001111111101111111111110110001110000010000000000000011100011,D:\Data-Aji\KULIAH\Tugas-Akhir\AttentiveSkel3D-WeightTraining-PoC\Release_V2_AttentiveSkel3D\data\tensors\BenchPress_007.npy,D:\Data-Aji\KULIAH\Tugas-Akhir\AttentiveSkel3D-WeightTraining-PoC\Release_V2_AttentiveSkel3D\data\v2_labels\BenchPress_007_labels.npy
BenchPress_008,primer_benchpress_frontal_subjek01_rep16.mp4,Benchpress,Primer,64,2,62,96.88,Dominan Salah (Gerakan Gagal / Half Rep),Frame 1-15 (15 frame); Frame 17-18 (2 frame); Frame 20-64 (45 frame),"1, 2, 3, 4, 5, 6, 7, 8, 9, 10, 11, 12, 13, 14, 15, 17, 18, 20, 21, 22, 23, 24, 25, 26, 27, 28, 29, 30, 31, 32, 33, 34, 35, 36, 37, 38, 39, 40, 41, 42, 43, 44, 45, 46, 47, 48, 49, 50, 51, 52, 53, 54, 55, 56, 57, 58, 59, 60, 61, 62, 63, 64","16, 19",1111111111111110110111111111111111111111111111111111111111111111,D:\Data-Aji\KULIAH\Tugas-Akhir\AttentiveSkel3D-WeightTraining-PoC\Release_V2_AttentiveSkel3D\data\tensors\BenchPress_008.npy,D:\Data-Aji\KULIAH\Tugas-Akhir\AttentiveSkel3D-WeightTraining-PoC\Release_V2_AttentiveSkel3D\data\v2_labels\BenchPress_008_labels.npy
BenchPress_009,primer_benchpress_frontal_subjek01_rep17.mp4,Benchpress,Primer,64,23,41,64.06,Dominan Salah (Gerakan Gagal / Half Rep),Frame 4-18 (15 frame); Frame 22-40 (19 frame); Frame 58-64 (7 frame),"4, 5, 6, 7, 8, 9, 10, 11, 12, 13, 14, 15, 16, 17, 18, 22, 23, 24, 25, 26, 27, 28, 29, 30, 31, 32, 33, 34, 35, 36, 37, 38, 39, 40, 58, 59, 60, 61, 62, 63, 64","1, 2, 3, 19, 20, 21, 41, 42, 43, 44, 45, 46, 47, 48, 49, 50, 51, 52, 53, 54, 55, 56, 57",0001111111111111110001111111111111111111000000000000000001111111,D:\Data-Aji\KULIAH\Tugas-Akhir\AttentiveSkel3D-WeightTraining-PoC\Release_V2_AttentiveSkel3D\data\tensors\BenchPress_009.npy,D:\Data-Aji\KULIAH\Tugas-Akhir\AttentiveSkel3D-WeightTraining-PoC\Release_V2_AttentiveSkel3D\data\v2_labels\BenchPress_009_labels.npy
BenchPress_010,primer_benchpress_frontal_subjek01_rep18.mp4,Benchpress,Primer,64,16,48,75.0,Dominan Salah (Gerakan Gagal / Half Rep),Frame 1-20 (20 frame); Frame 32-59 (28 frame),"1, 2, 3, 4, 5, 6, 7, 8, 9, 10, 11, 12, 13, 14, 15, 16, 17, 18, 19, 20, 32, 33, 34, 35, 36, 37, 38, 39, 40, 41, 42, 43, 44, 45, 46, 47, 48, 49, 50, 51, 52, 53, 54, 55, 56, 57, 58, 59","21, 22, 23, 24, 25, 26, 27, 28, 29, 30, 31, 60, 61, 62, 63, 64",1111111111111111111100000000000111111111111111111111111111100000,D:\Data-Aji\KULIAH\Tugas-Akhir\AttentiveSkel3D-WeightTraining-PoC\Release_V2_AttentiveSkel3D\data\tensors\BenchPress_010.npy,D:\Data-Aji\KULIAH\Tugas-Akhir\AttentiveSkel3D-WeightTraining-PoC\Release_V2_AttentiveSkel3D\data\v2_labels\BenchPress_010_labels.npy
BenchPress_011,primer_benchpress_frontal_subjek01_rep19.mp4,Benchpress,Primer,64,36,28,43.75,Campuran (Sebagian Fase Gerakan Salah),Frame 14-41 (28 frame),"14, 15, 16, 17, 18, 19, 20, 21, 22, 23, 24, 25, 26, 27, 28, 29, 30, 31, 32, 33, 34, 35, 36, 37, 38, 39, 40, 41","1, 2, 3, 4, 5, 6, 7, 8, 9, 10, 11, 12, 13, 42, 43, 44, 45, 46, 47, 48, 49, 50, 51, 52, 53, 54, 55, 56, 57, 58, 59, 60, 61, 62, 63, 64",0000000000000111111111111111111111111111100000000000000000000000,D:\Data-Aji\KULIAH\Tugas-Akhir\AttentiveSkel3D-WeightTraining-PoC\Release_V2_AttentiveSkel3D\data\tensors\BenchPress_011.npy,D:\Data-Aji\KULIAH\Tugas-Akhir\AttentiveSkel3D-WeightTraining-PoC\Release_V2_AttentiveSkel3D\data\v2_labels\BenchPress_011_labels.npy
BenchPress_012,primer_benchpress_frontal_subjek01_rep2.mp4,Benchpress,Primer,64,19,45,70.31,Dominan Salah (Gerakan Gagal / Half Rep),Frame 1-12 (12 frame); Frame 14-18 (5 frame); Frame 37-64 (28 frame),"1, 2, 3, 4, 5, 6, 7, 8, 9, 10, 11, 12, 14, 15, 16, 17, 18, 37, 38, 39, 40, 41, 42, 43, 44, 45, 46, 47, 48, 49, 50, 51, 52, 53, 54, 55, 56, 57, 58, 59, 60, 61, 62, 63, 64","13, 19, 20, 21, 22, 23, 24, 25, 26, 27, 28, 29, 30, 31, 32, 33, 34, 35, 36",1111111111110111110000000000000000001111111111111111111111111111,D:\Data-Aji\KULIAH\Tugas-Akhir\AttentiveSkel3D-WeightTraining-PoC\Release_V2_AttentiveSkel3D\data\tensors\BenchPress_012.npy,D:\Data-Aji\KULIAH\Tugas-Akhir\AttentiveSkel3D-WeightTraining-PoC\Release_V2_AttentiveSkel3D\data\v2_labels\BenchPress_012_labels.npy
BenchPress_013,primer_benchpress_frontal_subjek01_rep20.mp4,Benchpress,Primer,64,33,31,48.44,Campuran (Sebagian Fase Gerakan Salah),Frame 1; Frame 4-13 (10 frame); Frame 37-44 (8 frame); Frame 47-51 (5 frame); Frame 53-58 (6 frame); Frame 60,"1, 4, 5, 6, 7, 8, 9, 10, 11, 12, 13, 37, 38, 39, 40, 41, 42, 43, 44, 47, 48, 49, 50, 51, 53, 54, 55, 56, 57, 58, 60","2, 3, 14, 15, 16, 17, 18, 19, 20, 21, 22, 23, 24, 25, 26, 27, 28, 29, 30, 31, 32, 33, 34, 35, 36, 45, 46, 52, 59, 61, 62, 63, 64",1001111111111000000000000000000000001111111100111110111111010000,D:\Data-Aji\KULIAH\Tugas-Akhir\AttentiveSkel3D-WeightTraining-PoC\Release_V2_AttentiveSkel3D\data\tensors\BenchPress_013.npy,D:\Data-Aji\KULIAH\Tugas-Akhir\AttentiveSkel3D-WeightTraining-PoC\Release_V2_AttentiveSkel3D\data\v2_labels\BenchPress_013_labels.npy
BenchPress_014,primer_benchpress_frontal_subjek01_rep21.mp4,Benchpress,Primer,64,7,57,89.06,Dominan Salah (Gerakan Gagal / Half Rep),Frame 1-17 (17 frame); Frame 19-47 (29 frame); Frame 54-64 (11 frame),"1, 2, 3, 4, 5, 6, 7, 8, 9, 10, 11, 12, 13, 14, 15, 16, 17, 19, 20, 21, 22, 23, 24, 25, 26, 27, 28, 29, 30, 31, 32, 33, 34, 35, 36, 37, 38, 39, 40, 41, 42, 43, 44, 45, 46, 47, 54, 55, 56, 57, 58, 59, 60, 61, 62, 63, 64","18, 48, 49, 50, 51, 52, 53",1111111111111111101111111111111111111111111111100000011111111111,D:\Data-Aji\KULIAH\Tugas-Akhir\AttentiveSkel3D-WeightTraining-PoC\Release_V2_AttentiveSkel3D\data\tensors\BenchPress_014.npy,D:\Data-Aji\KULIAH\Tugas-Akhir\AttentiveSkel3D-WeightTraining-PoC\Release_V2_AttentiveSkel3D\data\v2_labels\BenchPress_014_labels.npy
BenchPress_015,primer_benchpress_frontal_subjek01_rep22.mp4,Benchpress,Primer,64,11,53,82.81,Dominan Salah (Gerakan Gagal / Half Rep),Frame 2-22 (21 frame); Frame 33-64 (32 frame),"2, 3, 4, 5, 6, 7, 8, 9, 10, 11, 12, 13, 14, 15, 16, 17, 18, 19, 20, 21, 22, 33, 34, 35, 36, 37, 38, 39, 40, 41, 42, 43, 44, 45, 46, 47, 48, 49, 50, 51, 52, 53, 54, 55, 56, 57, 58, 59, 60, 61, 62, 63, 64","1, 23, 24, 25, 26, 27, 28, 29, 30, 31, 32",0111111111111111111111000000000011111111111111111111111111111111,D:\Data-Aji\KULIAH\Tugas-Akhir\AttentiveSkel3D-WeightTraining-PoC\Release_V2_AttentiveSkel3D\data\tensors\BenchPress_015.npy,D:\Data-Aji\KULIAH\Tugas-Akhir\AttentiveSkel3D-WeightTraining-PoC\Release_V2_AttentiveSkel3D\data\v2_labels\BenchPress_015_labels.npy
BenchPress_016,primer_benchpress_frontal_subjek01_rep23.mp4,Benchpress,Primer,64,22,42,65.62,Dominan Salah (Gerakan Gagal / Half Rep),Frame 1-8 (8 frame); Frame 12-23 (12 frame); Frame 25-26 (2 frame); Frame 28; Frame 46-64 (19 frame),"1, 2, 3, 4, 5, 6, 7, 8, 12, 13, 14, 15, 16, 17, 18, 19, 20, 21, 22, 23, 25, 26, 28, 46, 47, 48, 49, 50, 51, 52, 53, 54, 55, 56, 57, 58, 59, 60, 61, 62, 63, 64","9, 10, 11, 24, 27, 29, 30, 31, 32, 33, 34, 35, 36, 37, 38, 39, 40, 41, 42, 43, 44, 45",1111111100011111111111101101000000000000000001111111111111111111,D:\Data-Aji\KULIAH\Tugas-Akhir\AttentiveSkel3D-WeightTraining-PoC\Release_V2_AttentiveSkel3D\data\tensors\BenchPress_016.npy,D:\Data-Aji\KULIAH\Tugas-Akhir\AttentiveSkel3D-WeightTraining-PoC\Release_V2_AttentiveSkel3D\data\v2_labels\BenchPress_016_labels.npy
BenchPress_017,primer_benchpress_frontal_subjek01_rep24.mp4,Benchpress,Primer,64,11,53,82.81,Dominan Salah (Gerakan Gagal / Half Rep),Frame 10-62 (53 frame),"10, 11, 12, 13, 14, 15, 16, 17, 18, 19, 20, 21, 22, 23, 24, 25, 26, 27, 28, 29, 30, 31, 32, 33, 34, 35, 36, 37, 38, 39, 40, 41, 42, 43, 44, 45, 46, 47, 48, 49, 50, 51, 52, 53, 54, 55, 56, 57, 58, 59, 60, 61, 62","1, 2, 3, 4, 5, 6, 7, 8, 9, 63, 64",0000000001111111111111111111111111111111111111111111111111111100,D:\Data-Aji\KULIAH\Tugas-Akhir\AttentiveSkel3D-WeightTraining-PoC\Release_V2_AttentiveSkel3D\data\tensors\BenchPress_017.npy,D:\Data-Aji\KULIAH\Tugas-Akhir\AttentiveSkel3D-WeightTraining-PoC\Release_V2_AttentiveSkel3D\data\v2_labels\BenchPress_017_labels.npy
BenchPress_018,primer_benchpress_frontal_subjek01_rep25.mp4,Benchpress,Primer,64,2,62,96.88,Dominan Salah (Gerakan Gagal / Half Rep),Frame 1-14 (14 frame); Frame 17-64 (48 frame),"1, 2, 3, 4, 5, 6, 7, 8, 9, 10, 11, 12, 13, 14, 17, 18, 19, 20, 21, 22, 23, 24, 25, 26, 27, 28, 29, 30, 31, 32, 33, 34, 35, 36, 37, 38, 39, 40, 41, 42, 43, 44, 45, 46, 47, 48, 49, 50, 51, 52, 53, 54, 55, 56, 57, 58, 59, 60, 61, 62, 63, 64","15, 16",1111111111111100111111111111111111111111111111111111111111111111,D:\Data-Aji\KULIAH\Tugas-Akhir\AttentiveSkel3D-WeightTraining-PoC\Release_V2_AttentiveSkel3D\data\tensors\BenchPress_018.npy,D:\Data-Aji\KULIAH\Tugas-Akhir\AttentiveSkel3D-WeightTraining-PoC\Release_V2_AttentiveSkel3D\data\v2_labels\BenchPress_018_labels.npy
BenchPress_019,primer_benchpress_frontal_subjek01_rep26.mp4,Benchpress,Primer,64,0,64,100.0,Dominan Salah (Gerakan Gagal / Half Rep),Frame 1-64 (64 frame),"1, 2, 3, 4, 5, 6, 7, 8, 9, 10, 11, 12, 13, 14, 15, 16, 17, 18, 19, 20, 21, 22, 23, 24, 25, 26, 27, 28, 29, 30, 31, 32, 33, 34, 35, 36, 37, 38, 39, 40, 41, 42, 43, 44, 45, 46, 47, 48, 49, 50, 51, 52, 53, 54, 55, 56, 57, 58, 59, 60, 61, 62, 63, 64",-,1111111111111111111111111111111111111111111111111111111111111111,D:\Data-Aji\KULIAH\Tugas-Akhir\AttentiveSkel3D-WeightTraining-PoC\Release_V2_AttentiveSkel3D\data\tensors\BenchPress_019.npy,D:\Data-Aji\KULIAH\Tugas-Akhir\AttentiveSkel3D-WeightTraining-PoC\Release_V2_AttentiveSkel3D\data\v2_labels\BenchPress_019_labels.npy
BenchPress_020,primer_benchpress_frontal_subjek01_rep27.mp4,Benchpress,Primer,64,3,61,95.31,Dominan Salah (Gerakan Gagal / Half Rep),Frame 1-40 (40 frame); Frame 44-64 (21 frame),"1, 2, 3, 4, 5, 6, 7, 8, 9, 10, 11, 12, 13, 14, 15, 16, 17, 18, 19, 20, 21, 22, 23, 24, 25, 26, 27, 28, 29, 30, 31, 32, 33, 34, 35, 36, 37, 38, 39, 40, 44, 45, 46, 47, 48, 49, 50, 51, 52, 53, 54, 55, 56, 57, 58, 59, 60, 61, 62, 63, 64","41, 42, 43",1111111111111111111111111111111111111111000111111111111111111111,D:\Data-Aji\KULIAH\Tugas-Akhir\AttentiveSkel3D-WeightTraining-PoC\Release_V2_AttentiveSkel3D\data\tensors\BenchPress_020.npy,D:\Data-Aji\KULIAH\Tugas-Akhir\AttentiveSkel3D-WeightTraining-PoC\Release_V2_AttentiveSkel3D\data\v2_labels\BenchPress_020_labels.npy
BenchPress_021,primer_benchpress_frontal_subjek01_rep28.mp4,Benchpress,Primer,64,2,62,96.88,Dominan Salah (Gerakan Gagal / Half Rep),Frame 1-28 (28 frame); Frame 30; Frame 32-64 (33 frame),"1, 2, 3, 4, 5, 6, 7, 8, 9, 10, 11, 12, 13, 14, 15, 16, 17, 18, 19, 20, 21, 22, 23, 24, 25, 26, 27, 28, 30, 32, 33, 34, 35, 36, 37, 38, 39, 40, 41, 42, 43, 44, 45, 46, 47, 48, 49, 50, 51, 52, 53, 54, 55, 56, 57, 58, 59, 60, 61, 62, 63, 64","29, 31",1111111111111111111111111111010111111111111111111111111111111111,D:\Data-Aji\KULIAH\Tugas-Akhir\AttentiveSkel3D-WeightTraining-PoC\Release_V2_AttentiveSkel3D\data\tensors\BenchPress_021.npy,D:\Data-Aji\KULIAH\Tugas-Akhir\AttentiveSkel3D-WeightTraining-PoC\Release_V2_AttentiveSkel3D\data\v2_labels\BenchPress_021_labels.npy
BenchPress_022,primer_benchpress_frontal_subjek01_rep29.mp4,Benchpress,Primer,64,3,61,95.31,Dominan Salah (Gerakan Gagal / Half Rep),Frame 1-59 (59 frame); Frame 62; Frame 64,"1, 2, 3, 4, 5, 6, 7, 8, 9, 10, 11, 12, 13, 14, 15, 16, 17, 18, 19, 20, 21, 22, 23, 24, 25, 26, 27, 28, 29, 30, 31, 32, 33, 34, 35, 36, 37, 38, 39, 40, 41, 42, 43, 44, 45, 46, 47, 48, 49, 50, 51, 52, 53, 54, 55, 56, 57, 58, 59, 62, 64","60, 61, 63",1111111111111111111111111111111111111111111111111111111111100101,D:\Data-Aji\KULIAH\Tugas-Akhir\AttentiveSkel3D-WeightTraining-PoC\Release_V2_AttentiveSkel3D\data\tensors\BenchPress_022.npy,D:\Data-Aji\KULIAH\Tugas-Akhir\AttentiveSkel3D-WeightTraining-PoC\Release_V2_AttentiveSkel3D\data\v2_labels\BenchPress_022_labels.npy
BenchPress_023,primer_benchpress_frontal_subjek01_rep3.mp4,Benchpress,Primer,64,4,60,93.75,Dominan Salah (Gerakan Gagal / Half Rep),Frame 1-36 (36 frame); Frame 40-52 (13 frame); Frame 54-64 (11 frame),"1, 2, 3, 4, 5, 6, 7, 8, 9, 10, 11, 12, 13, 14, 15, 16, 17, 18, 19, 20, 21, 22, 23, 24, 25, 26, 27, 28, 29, 30, 31, 32, 33, 34, 35, 36, 40, 41, 42, 43, 44, 45, 46, 47, 48, 49, 50, 51, 52, 54, 55, 56, 57, 58, 59, 60, 61, 62, 63, 64","37, 38, 39, 53",1111111111111111111111111111111111110001111111111111011111111111,D:\Data-Aji\KULIAH\Tugas-Akhir\AttentiveSkel3D-WeightTraining-PoC\Release_V2_AttentiveSkel3D\data\tensors\BenchPress_023.npy,D:\Data-Aji\KULIAH\Tugas-Akhir\AttentiveSkel3D-WeightTraining-PoC\Release_V2_AttentiveSkel3D\data\v2_labels\BenchPress_023_labels.npy
BenchPress_024,primer_benchpress_frontal_subjek01_rep30.mp4,Benchpress,Primer,64,10,54,84.38,Dominan Salah (Gerakan Gagal / Half Rep),Frame 1-16 (16 frame); Frame 21-22 (2 frame); Frame 26-40 (15 frame); Frame 42; Frame 45-64 (20 frame),"1, 2, 3, 4, 5, 6, 7, 8, 9, 10, 11, 12, 13, 14, 15, 16, 21, 22, 26, 27, 28, 29, 30, 31, 32, 33, 34, 35, 36, 37, 38, 39, 40, 42, 45, 46, 47, 48, 49, 50, 51, 52, 53, 54, 55, 56, 57, 58, 59, 60, 61, 62, 63, 64","17, 18, 19, 20, 23, 24, 25, 41, 43, 44",1111111111111111000011000111111111111111010011111111111111111111,D:\Data-Aji\KULIAH\Tugas-Akhir\AttentiveSkel3D-WeightTraining-PoC\Release_V2_AttentiveSkel3D\data\tensors\BenchPress_024.npy,D:\Data-Aji\KULIAH\Tugas-Akhir\AttentiveSkel3D-WeightTraining-PoC\Release_V2_AttentiveSkel3D\data\v2_labels\BenchPress_024_labels.npy
BenchPress_025,primer_benchpress_frontal_subjek01_rep31.mp4,Benchpress,Primer,64,11,53,82.81,Dominan Salah (Gerakan Gagal / Half Rep),Frame 1-3 (3 frame); Frame 5-6 (2 frame); Frame 8-15 (8 frame); Frame 19-20 (2 frame); Frame 25-27 (3 frame); Frame 29-30 (2 frame); Frame 32-64 (33 frame),"1, 2, 3, 5, 6, 8, 9, 10, 11, 12, 13, 14, 15, 19, 20, 25, 26, 27, 29, 30, 32, 33, 34, 35, 36, 37, 38, 39, 40, 41, 42, 43, 44, 45, 46, 47, 48, 49, 50, 51, 52, 53, 54, 55, 56, 57, 58, 59, 60, 61, 62, 63, 64","4, 7, 16, 17, 18, 21, 22, 23, 24, 28, 31",1110110111111110001100001110110111111111111111111111111111111111,D:\Data-Aji\KULIAH\Tugas-Akhir\AttentiveSkel3D-WeightTraining-PoC\Release_V2_AttentiveSkel3D\data\tensors\BenchPress_025.npy,D:\Data-Aji\KULIAH\Tugas-Akhir\AttentiveSkel3D-WeightTraining-PoC\Release_V2_AttentiveSkel3D\data\v2_labels\BenchPress_025_labels.npy
BenchPress_026,primer_benchpress_frontal_subjek01_rep32.mp4,Benchpress,Primer,64,2,62,96.88,Dominan Salah (Gerakan Gagal / Half Rep),Frame 2-7 (6 frame); Frame 9-64 (56 frame),"2, 3, 4, 5, 6, 7, 9, 10, 11, 12, 13, 14, 15, 16, 17, 18, 19, 20, 21, 22, 23, 24, 25, 26, 27, 28, 29, 30, 31, 32, 33, 34, 35, 36, 37, 38, 39, 40, 41, 42, 43, 44, 45, 46, 47, 48, 49, 50, 51, 52, 53, 54, 55, 56, 57, 58, 59, 60, 61, 62, 63, 64","1, 8",0111111011111111111111111111111111111111111111111111111111111111,D:\Data-Aji\KULIAH\Tugas-Akhir\AttentiveSkel3D-WeightTraining-PoC\Release_V2_AttentiveSkel3D\data\tensors\BenchPress_026.npy,D:\Data-Aji\KULIAH\Tugas-Akhir\AttentiveSkel3D-WeightTraining-PoC\Release_V2_AttentiveSkel3D\data\v2_labels\BenchPress_026_labels.npy
BenchPress_027,primer_benchpress_frontal_subjek01_rep33.mp4,Benchpress,Primer,64,2,62,96.88,Dominan Salah (Gerakan Gagal / Half Rep),Frame 1-15 (15 frame); Frame 17; Frame 19-64 (46 frame),"1, 2, 3, 4, 5, 6, 7, 8, 9, 10, 11, 12, 13, 14, 15, 17, 19, 20, 21, 22, 23, 24, 25, 26, 27, 28, 29, 30, 31, 32, 33, 34, 35, 36, 37, 38, 39, 40, 41, 42, 43, 44, 45, 46, 47, 48, 49, 50, 51, 52, 53, 54, 55, 56, 57, 58, 59, 60, 61, 62, 63, 64","16, 18",1111111111111110101111111111111111111111111111111111111111111111,D:\Data-Aji\KULIAH\Tugas-Akhir\AttentiveSkel3D-WeightTraining-PoC\Release_V2_AttentiveSkel3D\data\tensors\BenchPress_027.npy,D:\Data-Aji\KULIAH\Tugas-Akhir\AttentiveSkel3D-WeightTraining-PoC\Release_V2_AttentiveSkel3D\data\v2_labels\BenchPress_027_labels.npy
BenchPress_028,primer_benchpress_frontal_subjek01_rep34.mp4,Benchpress,Primer,64,11,53,82.81,Dominan Salah (Gerakan Gagal / Half Rep),Frame 1-34 (34 frame); Frame 38; Frame 45-46 (2 frame); Frame 49-64 (16 frame),"1, 2, 3, 4, 5, 6, 7, 8, 9, 10, 11, 12, 13, 14, 15, 16, 17, 18, 19, 20, 21, 22, 23, 24, 25, 26, 27, 28, 29, 30, 31, 32, 33, 34, 38, 45, 46, 49, 50, 51, 52, 53, 54, 55, 56, 57, 58, 59, 60, 61, 62, 63, 64","35, 36, 37, 39, 40, 41, 42, 43, 44, 47, 48",1111111111111111111111111111111111000100000011001111111111111111,D:\Data-Aji\KULIAH\Tugas-Akhir\AttentiveSkel3D-WeightTraining-PoC\Release_V2_AttentiveSkel3D\data\tensors\BenchPress_028.npy,D:\Data-Aji\KULIAH\Tugas-Akhir\AttentiveSkel3D-WeightTraining-PoC\Release_V2_AttentiveSkel3D\data\v2_labels\BenchPress_028_labels.npy
BenchPress_029,primer_benchpress_frontal_subjek01_rep35.mp4,Benchpress,Primer,64,0,64,100.0,Dominan Salah (Gerakan Gagal / Half Rep),Frame 1-64 (64 frame),"1, 2, 3, 4, 5, 6, 7, 8, 9, 10, 11, 12, 13, 14, 15, 16, 17, 18, 19, 20, 21, 22, 23, 24, 25, 26, 27, 28, 29, 30, 31, 32, 33, 34, 35, 36, 37, 38, 39, 40, 41, 42, 43, 44, 45, 46, 47, 48, 49, 50, 51, 52, 53, 54, 55, 56, 57, 58, 59, 60, 61, 62, 63, 64",-,1111111111111111111111111111111111111111111111111111111111111111,D:\Data-Aji\KULIAH\Tugas-Akhir\AttentiveSkel3D-WeightTraining-PoC\Release_V2_AttentiveSkel3D\data\tensors\BenchPress_029.npy,D:\Data-Aji\KULIAH\Tugas-Akhir\AttentiveSkel3D-WeightTraining-PoC\Release_V2_AttentiveSkel3D\data\v2_labels\BenchPress_029_labels.npy
BenchPress_030,primer_benchpress_frontal_subjek01_rep36.mp4,Benchpress,Primer,64,18,46,71.88,Dominan Salah (Gerakan Gagal / Half Rep),Frame 1-2 (2 frame); Frame 5-25 (21 frame); Frame 28-31 (4 frame); Frame 33-34 (2 frame); Frame 48-64 (17 frame),"1, 2, 5, 6, 7, 8, 9, 10, 11, 12, 13, 14, 15, 16, 17, 18, 19, 20, 21, 22, 23, 24, 25, 28, 29, 30, 31, 33, 34, 48, 49, 50, 51, 52, 53, 54, 55, 56, 57, 58, 59, 60, 61, 62, 63, 64","3, 4, 26, 27, 32, 35, 36, 37, 38, 39, 40, 41, 42, 43, 44, 45, 46, 47",1100111111111111111111111001111011000000000000011111111111111111,D:\Data-Aji\KULIAH\Tugas-Akhir\AttentiveSkel3D-WeightTraining-PoC\Release_V2_AttentiveSkel3D\data\tensors\BenchPress_030.npy,D:\Data-Aji\KULIAH\Tugas-Akhir\AttentiveSkel3D-WeightTraining-PoC\Release_V2_AttentiveSkel3D\data\v2_labels\BenchPress_030_labels.npy
BenchPress_031,primer_benchpress_frontal_subjek01_rep37.mp4,Benchpress,Primer,64,4,60,93.75,Dominan Salah (Gerakan Gagal / Half Rep),Frame 1-20 (20 frame); Frame 24-35 (12 frame); Frame 37-64 (28 frame),"1, 2, 3, 4, 5, 6, 7, 8, 9, 10, 11, 12, 13, 14, 15, 16, 17, 18, 19, 20, 24, 25, 26, 27, 28, 29, 30, 31, 32, 33, 34, 35, 37, 38, 39, 40, 41, 42, 43, 44, 45, 46, 47, 48, 49, 50, 51, 52, 53, 54, 55, 56, 57, 58, 59, 60, 61, 62, 63, 64","21, 22, 23, 36",1111111111111111111100011111111111101111111111111111111111111111,D:\Data-Aji\KULIAH\Tugas-Akhir\AttentiveSkel3D-WeightTraining-PoC\Release_V2_AttentiveSkel3D\data\tensors\BenchPress_031.npy,D:\Data-Aji\KULIAH\Tugas-Akhir\AttentiveSkel3D-WeightTraining-PoC\Release_V2_AttentiveSkel3D\data\v2_labels\BenchPress_031_labels.npy
BenchPress_032,primer_benchpress_frontal_subjek01_rep38.mp4,Benchpress,Primer,64,16,48,75.0,Dominan Salah (Gerakan Gagal / Half Rep),Frame 1-18 (18 frame); Frame 24-27 (4 frame); Frame 31-32 (2 frame); Frame 39; Frame 42-64 (23 frame),"1, 2, 3, 4, 5, 6, 7, 8, 9, 10, 11, 12, 13, 14, 15, 16, 17, 18, 24, 25, 26, 27, 31, 32, 39, 42, 43, 44, 45, 46, 47, 48, 49, 50, 51, 52, 53, 54, 55, 56, 57, 58, 59, 60, 61, 62, 63, 64","19, 20, 21, 22, 23, 28, 29, 30, 33, 34, 35, 36, 37, 38, 40, 41",1111111111111111110000011110001100000010011111111111111111111111,D:\Data-Aji\KULIAH\Tugas-Akhir\AttentiveSkel3D-WeightTraining-PoC\Release_V2_AttentiveSkel3D\data\tensors\BenchPress_032.npy,D:\Data-Aji\KULIAH\Tugas-Akhir\AttentiveSkel3D-WeightTraining-PoC\Release_V2_AttentiveSkel3D\data\v2_labels\BenchPress_032_labels.npy
BenchPress_033,primer_benchpress_frontal_subjek01_rep39.mp4,Benchpress,Primer,64,7,57,89.06,Dominan Salah (Gerakan Gagal / Half Rep),Frame 3-29 (27 frame); Frame 31; Frame 33-37 (5 frame); Frame 40; Frame 42-64 (23 frame),"3, 4, 5, 6, 7, 8, 9, 10, 11, 12, 13, 14, 15, 16, 17, 18, 19, 20, 21, 22, 23, 24, 25, 26, 27, 28, 29, 31, 33, 34, 35, 36, 37, 40, 42, 43, 44, 45, 46, 47, 48, 49, 50, 51, 52, 53, 54, 55, 56, 57, 58, 59, 60, 61, 62, 63, 64","1, 2, 30, 32, 38, 39, 41",0011111111111111111111111111101011111001011111111111111111111111,D:\Data-Aji\KULIAH\Tugas-Akhir\AttentiveSkel3D-WeightTraining-PoC\Release_V2_AttentiveSkel3D\data\tensors\BenchPress_033.npy,D:\Data-Aji\KULIAH\Tugas-Akhir\AttentiveSkel3D-WeightTraining-PoC\Release_V2_AttentiveSkel3D\data\v2_labels\BenchPress_033_labels.npy
BenchPress_034,primer_benchpress_frontal_subjek01_rep4.mp4,Benchpress,Primer,64,10,54,84.38,Dominan Salah (Gerakan Gagal / Half Rep),Frame 1-40 (40 frame); Frame 51-64 (14 frame),"1, 2, 3, 4, 5, 6, 7, 8, 9, 10, 11, 12, 13, 14, 15, 16, 17, 18, 19, 20, 21, 22, 23, 24, 25, 26, 27, 28, 29, 30, 31, 32, 33, 34, 35, 36, 37, 38, 39, 40, 51, 52, 53, 54, 55, 56, 57, 58, 59, 60, 61, 62, 63, 64","41, 42, 43, 44, 45, 46, 47, 48, 49, 50",1111111111111111111111111111111111111111000000000011111111111111,D:\Data-Aji\KULIAH\Tugas-Akhir\AttentiveSkel3D-WeightTraining-PoC\Release_V2_AttentiveSkel3D\data\tensors\BenchPress_034.npy,D:\Data-Aji\KULIAH\Tugas-Akhir\AttentiveSkel3D-WeightTraining-PoC\Release_V2_AttentiveSkel3D\data\v2_labels\BenchPress_034_labels.npy
BenchPress_035,primer_benchpress_frontal_subjek01_rep40.mp4,Benchpress,Primer,64,1,63,98.44,Dominan Salah (Gerakan Gagal / Half Rep),Frame 1-21 (21 frame); Frame 23-64 (42 frame),"1, 2, 3, 4, 5, 6, 7, 8, 9, 10, 11, 12, 13, 14, 15, 16, 17, 18, 19, 20, 21, 23, 24, 25, 26, 27, 28, 29, 30, 31, 32, 33, 34, 35, 36, 37, 38, 39, 40, 41, 42, 43, 44, 45, 46, 47, 48, 49, 50, 51, 52, 53, 54, 55, 56, 57, 58, 59, 60, 61, 62, 63, 64",22,1111111111111111111110111111111111111111111111111111111111111111,D:\Data-Aji\KULIAH\Tugas-Akhir\AttentiveSkel3D-WeightTraining-PoC\Release_V2_AttentiveSkel3D\data\tensors\BenchPress_035.npy,D:\Data-Aji\KULIAH\Tugas-Akhir\AttentiveSkel3D-WeightTraining-PoC\Release_V2_AttentiveSkel3D\data\v2_labels\BenchPress_035_labels.npy
BenchPress_036,primer_benchpress_frontal_subjek01_rep41.mp4,Benchpress,Primer,64,12,52,81.25,Dominan Salah (Gerakan Gagal / Half Rep),Frame 3-33 (31 frame); Frame 35; Frame 38; Frame 40-44 (5 frame); Frame 49-61 (13 frame); Frame 64,"3, 4, 5, 6, 7, 8, 9, 10, 11, 12, 13, 14, 15, 16, 17, 18, 19, 20, 21, 22, 23, 24, 25, 26, 27, 28, 29, 30, 31, 32, 33, 35, 38, 40, 41, 42, 43, 44, 49, 50, 51, 52, 53, 54, 55, 56, 57, 58, 59, 60, 61, 64","1, 2, 34, 36, 37, 39, 45, 46, 47, 48, 62, 63",0011111111111111111111111111111110100101111100001111111111111001,D:\Data-Aji\KULIAH\Tugas-Akhir\AttentiveSkel3D-WeightTraining-PoC\Release_V2_AttentiveSkel3D\data\tensors\BenchPress_036.npy,D:\Data-Aji\KULIAH\Tugas-Akhir\AttentiveSkel3D-WeightTraining-PoC\Release_V2_AttentiveSkel3D\data\v2_labels\BenchPress_036_labels.npy
BenchPress_037,primer_benchpress_frontal_subjek01_rep42.mp4,Benchpress,Primer,64,10,54,84.38,Dominan Salah (Gerakan Gagal / Half Rep),Frame 2-21 (20 frame); Frame 24; Frame 26; Frame 30-32 (3 frame); Frame 34-42 (9 frame); Frame 45-64 (20 frame),"2, 3, 4, 5, 6, 7, 8, 9, 10, 11, 12, 13, 14, 15, 16, 17, 18, 19, 20, 21, 24, 26, 30, 31, 32, 34, 35, 36, 37, 38, 39, 40, 41, 42, 45, 46, 47, 48, 49, 50, 51, 52, 53, 54, 55, 56, 57, 58, 59, 60, 61, 62, 63, 64","1, 22, 23, 25, 27, 28, 29, 33, 43, 44",0111111111111111111110010100011101111111110011111111111111111111,D:\Data-Aji\KULIAH\Tugas-Akhir\AttentiveSkel3D-WeightTraining-PoC\Release_V2_AttentiveSkel3D\data\tensors\BenchPress_037.npy,D:\Data-Aji\KULIAH\Tugas-Akhir\AttentiveSkel3D-WeightTraining-PoC\Release_V2_AttentiveSkel3D\data\v2_labels\BenchPress_037_labels.npy
BenchPress_038,primer_benchpress_frontal_subjek01_rep43.mp4,Benchpress,Primer,64,12,52,81.25,Dominan Salah (Gerakan Gagal / Half Rep),Frame 1-28 (28 frame); Frame 34; Frame 41; Frame 43-64 (22 frame),"1, 2, 3, 4, 5, 6, 7, 8, 9, 10, 11, 12, 13, 14, 15, 16, 17, 18, 19, 20, 21, 22, 23, 24, 25, 26, 27, 28, 34, 41, 43, 44, 45, 46, 47, 48, 49, 50, 51, 52, 53, 54, 55, 56, 57, 58, 59, 60, 61, 62, 63, 64","29, 30, 31, 32, 33, 35, 36, 37, 38, 39, 40, 42",1111111111111111111111111111000001000000101111111111111111111111,D:\Data-Aji\KULIAH\Tugas-Akhir\AttentiveSkel3D-WeightTraining-PoC\Release_V2_AttentiveSkel3D\data\tensors\BenchPress_038.npy,D:\Data-Aji\KULIAH\Tugas-Akhir\AttentiveSkel3D-WeightTraining-PoC\Release_V2_AttentiveSkel3D\data\v2_labels\BenchPress_038_labels.npy
BenchPress_039,primer_benchpress_frontal_subjek01_rep44.mp4,Benchpress,Primer,64,4,60,93.75,Dominan Salah (Gerakan Gagal / Half Rep),Frame 1-17 (17 frame); Frame 19-48 (30 frame); Frame 50-52 (3 frame); Frame 54; Frame 56-64 (9 frame),"1, 2, 3, 4, 5, 6, 7, 8, 9, 10, 11, 12, 13, 14, 15, 16, 17, 19, 20, 21, 22, 23, 24, 25, 26, 27, 28, 29, 30, 31, 32, 33, 34, 35, 36, 37, 38, 39, 40, 41, 42, 43, 44, 45, 46, 47, 48, 50, 51, 52, 54, 56, 57, 58, 59, 60, 61, 62, 63, 64","18, 49, 53, 55",1111111111111111101111111111111111111111111111110111010111111111,D:\Data-Aji\KULIAH\Tugas-Akhir\AttentiveSkel3D-WeightTraining-PoC\Release_V2_AttentiveSkel3D\data\tensors\BenchPress_039.npy,D:\Data-Aji\KULIAH\Tugas-Akhir\AttentiveSkel3D-WeightTraining-PoC\Release_V2_AttentiveSkel3D\data\v2_labels\BenchPress_039_labels.npy
BenchPress_040,primer_benchpress_frontal_subjek01_rep45.mp4,Benchpress,Primer,64,7,57,89.06,Dominan Salah (Gerakan Gagal / Half Rep),Frame 1-10 (10 frame); Frame 12-19 (8 frame); Frame 21-46 (26 frame); Frame 48-51 (4 frame); Frame 56-64 (9 frame),"1, 2, 3, 4, 5, 6, 7, 8, 9, 10, 12, 13, 14, 15, 16, 17, 18, 19, 21, 22, 23, 24, 25, 26, 27, 28, 29, 30, 31, 32, 33, 34, 35, 36, 37, 38, 39, 40, 41, 42, 43, 44, 45, 46, 48, 49, 50, 51, 56, 57, 58, 59, 60, 61, 62, 63, 64","11, 20, 47, 52, 53, 54, 55",1111111111011111111011111111111111111111111111011110000111111111,D:\Data-Aji\KULIAH\Tugas-Akhir\AttentiveSkel3D-WeightTraining-PoC\Release_V2_AttentiveSkel3D\data\tensors\BenchPress_040.npy,D:\Data-Aji\KULIAH\Tugas-Akhir\AttentiveSkel3D-WeightTraining-PoC\Release_V2_AttentiveSkel3D\data\v2_labels\BenchPress_040_labels.npy
BenchPress_041,primer_benchpress_frontal_subjek01_rep46.mp4,Benchpress,Primer,64,3,61,95.31,Dominan Salah (Gerakan Gagal / Half Rep),Frame 1-43 (43 frame); Frame 45-46 (2 frame); Frame 49-64 (16 frame),"1, 2, 3, 4, 5, 6, 7, 8, 9, 10, 11, 12, 13, 14, 15, 16, 17, 18, 19, 20, 21, 22, 23, 24, 25, 26, 27, 28, 29, 30, 31, 32, 33, 34, 35, 36, 37, 38, 39, 40, 41, 42, 43, 45, 46, 49, 50, 51, 52, 53, 54, 55, 56, 57, 58, 59, 60, 61, 62, 63, 64","44, 47, 48",1111111111111111111111111111111111111111111011001111111111111111,D:\Data-Aji\KULIAH\Tugas-Akhir\AttentiveSkel3D-WeightTraining-PoC\Release_V2_AttentiveSkel3D\data\tensors\BenchPress_041.npy,D:\Data-Aji\KULIAH\Tugas-Akhir\AttentiveSkel3D-WeightTraining-PoC\Release_V2_AttentiveSkel3D\data\v2_labels\BenchPress_041_labels.npy
BenchPress_042,primer_benchpress_frontal_subjek01_rep47.mp4,Benchpress,Primer,64,5,59,92.19,Dominan Salah (Gerakan Gagal / Half Rep),Frame 1-18 (18 frame); Frame 20-22 (3 frame); Frame 24; Frame 26-28 (3 frame); Frame 31-64 (34 frame),"1, 2, 3, 4, 5, 6, 7, 8, 9, 10, 11, 12, 13, 14, 15, 16, 17, 18, 20, 21, 22, 24, 26, 27, 28, 31, 32, 33, 34, 35, 36, 37, 38, 39, 40, 41, 42, 43, 44, 45, 46, 47, 48, 49, 50, 51, 52, 53, 54, 55, 56, 57, 58, 59, 60, 61, 62, 63, 64","19, 23, 25, 29, 30",1111111111111111110111010111001111111111111111111111111111111111,D:\Data-Aji\KULIAH\Tugas-Akhir\AttentiveSkel3D-WeightTraining-PoC\Release_V2_AttentiveSkel3D\data\tensors\BenchPress_042.npy,D:\Data-Aji\KULIAH\Tugas-Akhir\AttentiveSkel3D-WeightTraining-PoC\Release_V2_AttentiveSkel3D\data\v2_labels\BenchPress_042_labels.npy
BenchPress_043,primer_benchpress_frontal_subjek01_rep48.mp4,Benchpress,Primer,64,5,59,92.19,Dominan Salah (Gerakan Gagal / Half Rep),Frame 1-13 (13 frame); Frame 15-46 (32 frame); Frame 48-51 (4 frame); Frame 55-64 (10 frame),"1, 2, 3, 4, 5, 6, 7, 8, 9, 10, 11, 12, 13, 15, 16, 17, 18, 19, 20, 21, 22, 23, 24, 25, 26, 27, 28, 29, 30, 31, 32, 33, 34, 35, 36, 37, 38, 39, 40, 41, 42, 43, 44, 45, 46, 48, 49, 50, 51, 55, 56, 57, 58, 59, 60, 61, 62, 63, 64","14, 47, 52, 53, 54",1111111111111011111111111111111111111111111111011110001111111111,D:\Data-Aji\KULIAH\Tugas-Akhir\AttentiveSkel3D-WeightTraining-PoC\Release_V2_AttentiveSkel3D\data\tensors\BenchPress_043.npy,D:\Data-Aji\KULIAH\Tugas-Akhir\AttentiveSkel3D-WeightTraining-PoC\Release_V2_AttentiveSkel3D\data\v2_labels\BenchPress_043_labels.npy
BenchPress_044,primer_benchpress_frontal_subjek01_rep49.mp4,Benchpress,Primer,64,1,63,98.44,Dominan Salah (Gerakan Gagal / Half Rep),Frame 1-52 (52 frame); Frame 54-64 (11 frame),"1, 2, 3, 4, 5, 6, 7, 8, 9, 10, 11, 12, 13, 14, 15, 16, 17, 18, 19, 20, 21, 22, 23, 24, 25, 26, 27, 28, 29, 30, 31, 32, 33, 34, 35, 36, 37, 38, 39, 40, 41, 42, 43, 44, 45, 46, 47, 48, 49, 50, 51, 52, 54, 55, 56, 57, 58, 59, 60, 61, 62, 63, 64",53,1111111111111111111111111111111111111111111111111111011111111111,D:\Data-Aji\KULIAH\Tugas-Akhir\AttentiveSkel3D-WeightTraining-PoC\Release_V2_AttentiveSkel3D\data\tensors\BenchPress_044.npy,D:\Data-Aji\KULIAH\Tugas-Akhir\AttentiveSkel3D-WeightTraining-PoC\Release_V2_AttentiveSkel3D\data\v2_labels\BenchPress_044_labels.npy
BenchPress_045,primer_benchpress_frontal_subjek01_rep5.mp4,Benchpress,Primer,64,13,51,79.69,Dominan Salah (Gerakan Gagal / Half Rep),Frame 1-26 (26 frame); Frame 33-34 (2 frame); Frame 36-47 (12 frame); Frame 54-64 (11 frame),"1, 2, 3, 4, 5, 6, 7, 8, 9, 10, 11, 12, 13, 14, 15, 16, 17, 18, 19, 20, 21, 22, 23, 24, 25, 26, 33, 34, 36, 37, 38, 39, 40, 41, 42, 43, 44, 45, 46, 47, 54, 55, 56, 57, 58, 59, 60, 61, 62, 63, 64","27, 28, 29, 30, 31, 32, 35, 48, 49, 50, 51, 52, 53",1111111111111111111111111100000011011111111111100000011111111111,D:\Data-Aji\KULIAH\Tugas-Akhir\AttentiveSkel3D-WeightTraining-PoC\Release_V2_AttentiveSkel3D\data\tensors\BenchPress_045.npy,D:\Data-Aji\KULIAH\Tugas-Akhir\AttentiveSkel3D-WeightTraining-PoC\Release_V2_AttentiveSkel3D\data\v2_labels\BenchPress_045_labels.npy
BenchPress_046,primer_benchpress_frontal_subjek01_rep50.mp4,Benchpress,Primer,64,1,63,98.44,Dominan Salah (Gerakan Gagal / Half Rep),Frame 1-43 (43 frame); Frame 45-64 (20 frame),"1, 2, 3, 4, 5, 6, 7, 8, 9, 10, 11, 12, 13, 14, 15, 16, 17, 18, 19, 20, 21, 22, 23, 24, 25, 26, 27, 28, 29, 30, 31, 32, 33, 34, 35, 36, 37, 38, 39, 40, 41, 42, 43, 45, 46, 47, 48, 49, 50, 51, 52, 53, 54, 55, 56, 57, 58, 59, 60, 61, 62, 63, 64",44,1111111111111111111111111111111111111111111011111111111111111111,D:\Data-Aji\KULIAH\Tugas-Akhir\AttentiveSkel3D-WeightTraining-PoC\Release_V2_AttentiveSkel3D\data\tensors\BenchPress_046.npy,D:\Data-Aji\KULIAH\Tugas-Akhir\AttentiveSkel3D-WeightTraining-PoC\Release_V2_AttentiveSkel3D\data\v2_labels\BenchPress_046_labels.npy
BenchPress_047,primer_benchpress_frontal_subjek01_rep51.mp4,Benchpress,Primer,64,4,60,93.75,Dominan Salah (Gerakan Gagal / Half Rep),Frame 1-35 (35 frame); Frame 39-61 (23 frame); Frame 63-64 (2 frame),"1, 2, 3, 4, 5, 6, 7, 8, 9, 10, 11, 12, 13, 14, 15, 16, 17, 18, 19, 20, 21, 22, 23, 24, 25, 26, 27, 28, 29, 30, 31, 32, 33, 34, 35, 39, 40, 41, 42, 43, 44, 45, 46, 47, 48, 49, 50, 51, 52, 53, 54, 55, 56, 57, 58, 59, 60, 61, 63, 64","36, 37, 38, 62",1111111111111111111111111111111111100011111111111111111111111011,D:\Data-Aji\KULIAH\Tugas-Akhir\AttentiveSkel3D-WeightTraining-PoC\Release_V2_AttentiveSkel3D\data\tensors\BenchPress_047.npy,D:\Data-Aji\KULIAH\Tugas-Akhir\AttentiveSkel3D-WeightTraining-PoC\Release_V2_AttentiveSkel3D\data\v2_labels\BenchPress_047_labels.npy
BenchPress_048,primer_benchpress_frontal_subjek01_rep52.mp4,Benchpress,Primer,64,5,59,92.19,Dominan Salah (Gerakan Gagal / Half Rep),Frame 1-9 (9 frame); Frame 11-12 (2 frame); Frame 14-15 (2 frame); Frame 17-53 (37 frame); Frame 55; Frame 57-64 (8 frame),"1, 2, 3, 4, 5, 6, 7, 8, 9, 11, 12, 14, 15, 17, 18, 19, 20, 21, 22, 23, 24, 25, 26, 27, 28, 29, 30, 31, 32, 33, 34, 35, 36, 37, 38, 39, 40, 41, 42, 43, 44, 45, 46, 47, 48, 49, 50, 51, 52, 53, 55, 57, 58, 59, 60, 61, 62, 63, 64","10, 13, 16, 54, 56",1111111110110110111111111111111111111111111111111111101011111111,D:\Data-Aji\KULIAH\Tugas-Akhir\AttentiveSkel3D-WeightTraining-PoC\Release_V2_AttentiveSkel3D\data\tensors\BenchPress_048.npy,D:\Data-Aji\KULIAH\Tugas-Akhir\AttentiveSkel3D-WeightTraining-PoC\Release_V2_AttentiveSkel3D\data\v2_labels\BenchPress_048_labels.npy
BenchPress_049,primer_benchpress_frontal_subjek01_rep53.mp4,Benchpress,Primer,64,25,39,60.94,Campuran (Sebagian Fase Gerakan Salah),Frame 7-9 (3 frame); Frame 17-20 (4 frame); Frame 24-30 (7 frame); Frame 34-39 (6 frame); Frame 41; Frame 43-57 (15 frame); Frame 61-63 (3 frame),"7, 8, 9, 17, 18, 19, 20, 24, 25, 26, 27, 28, 29, 30, 34, 35, 36, 37, 38, 39, 41, 43, 44, 45, 46, 47, 48, 49, 50, 51, 52, 53, 54, 55, 56, 57, 61, 62, 63","1, 2, 3, 4, 5, 6, 10, 11, 12, 13, 14, 15, 16, 21, 22, 23, 31, 32, 33, 40, 42, 58, 59, 60, 64",0000001110000000111100011111110001111110101111111111111110001110,D:\Data-Aji\KULIAH\Tugas-Akhir\AttentiveSkel3D-WeightTraining-PoC\Release_V2_AttentiveSkel3D\data\tensors\BenchPress_049.npy,D:\Data-Aji\KULIAH\Tugas-Akhir\AttentiveSkel3D-WeightTraining-PoC\Release_V2_AttentiveSkel3D\data\v2_labels\BenchPress_049_labels.npy
BenchPress_050,primer_benchpress_frontal_subjek01_rep54.mp4,Benchpress,Primer,64,21,43,67.19,Dominan Salah (Gerakan Gagal / Half Rep),Frame 16-17 (2 frame); Frame 23-32 (10 frame); Frame 34-64 (31 frame),"16, 17, 23, 24, 25, 26, 27, 28, 29, 30, 31, 32, 34, 35, 36, 37, 38, 39, 40, 41, 42, 43, 44, 45, 46, 47, 48, 49, 50, 51, 52, 53, 54, 55, 56, 57, 58, 59, 60, 61, 62, 63, 64","1, 2, 3, 4, 5, 6, 7, 8, 9, 10, 11, 12, 13, 14, 15, 18, 19, 20, 21, 22, 33",0000000000000001100000111111111101111111111111111111111111111111,D:\Data-Aji\KULIAH\Tugas-Akhir\AttentiveSkel3D-WeightTraining-PoC\Release_V2_AttentiveSkel3D\data\tensors\BenchPress_050.npy,D:\Data-Aji\KULIAH\Tugas-Akhir\AttentiveSkel3D-WeightTraining-PoC\Release_V2_AttentiveSkel3D\data\v2_labels\BenchPress_050_labels.npy
BenchPress_051,primer_benchpress_frontal_subjek01_rep55.mp4,Benchpress,Primer,64,22,42,65.62,Dominan Salah (Gerakan Gagal / Half Rep),Frame 1-16 (16 frame); Frame 19-20 (2 frame); Frame 22-24 (3 frame); Frame 26; Frame 28-34 (7 frame); Frame 37-38 (2 frame); Frame 40; Frame 54; Frame 56-64 (9 frame),"1, 2, 3, 4, 5, 6, 7, 8, 9, 10, 11, 12, 13, 14, 15, 16, 19, 20, 22, 23, 24, 26, 28, 29, 30, 31, 32, 33, 34, 37, 38, 40, 54, 56, 57, 58, 59, 60, 61, 62, 63, 64","17, 18, 21, 25, 27, 35, 36, 39, 41, 42, 43, 44, 45, 46, 47, 48, 49, 50, 51, 52, 53, 55",1111111111111111001101110101111111001101000000000000010111111111,D:\Data-Aji\KULIAH\Tugas-Akhir\AttentiveSkel3D-WeightTraining-PoC\Release_V2_AttentiveSkel3D\data\tensors\BenchPress_051.npy,D:\Data-Aji\KULIAH\Tugas-Akhir\AttentiveSkel3D-WeightTraining-PoC\Release_V2_AttentiveSkel3D\data\v2_labels\BenchPress_051_labels.npy
BenchPress_052,primer_benchpress_frontal_subjek01_rep56.mp4,Benchpress,Primer,64,6,58,90.62,Dominan Salah (Gerakan Gagal / Half Rep),Frame 1-21 (21 frame); Frame 23-24 (2 frame); Frame 28-40 (13 frame); Frame 43-64 (22 frame),"1, 2, 3, 4, 5, 6, 7, 8, 9, 10, 11, 12, 13, 14, 15, 16, 17, 18, 19, 20, 21, 23, 24, 28, 29, 30, 31, 32, 33, 34, 35, 36, 37, 38, 39, 40, 43, 44, 45, 46, 47, 48, 49, 50, 51, 52, 53, 54, 55, 56, 57, 58, 59, 60, 61, 62, 63, 64","22, 25, 26, 27, 41, 42",1111111111111111111110110001111111111111001111111111111111111111,D:\Data-Aji\KULIAH\Tugas-Akhir\AttentiveSkel3D-WeightTraining-PoC\Release_V2_AttentiveSkel3D\data\tensors\BenchPress_052.npy,D:\Data-Aji\KULIAH\Tugas-Akhir\AttentiveSkel3D-WeightTraining-PoC\Release_V2_AttentiveSkel3D\data\v2_labels\BenchPress_052_labels.npy
BenchPress_053,primer_benchpress_frontal_subjek01_rep57.mp4,Benchpress,Primer,64,12,52,81.25,Dominan Salah (Gerakan Gagal / Half Rep),Frame 1-2 (2 frame); Frame 14-40 (27 frame); Frame 42-64 (23 frame),"1, 2, 14, 15, 16, 17, 18, 19, 20, 21, 22, 23, 24, 25, 26, 27, 28, 29, 30, 31, 32, 33, 34, 35, 36, 37, 38, 39, 40, 42, 43, 44, 45, 46, 47, 48, 49, 50, 51, 52, 53, 54, 55, 56, 57, 58, 59, 60, 61, 62, 63, 64","3, 4, 5, 6, 7, 8, 9, 10, 11, 12, 13, 41",1100000000000111111111111111111111111111011111111111111111111111,D:\Data-Aji\KULIAH\Tugas-Akhir\AttentiveSkel3D-WeightTraining-PoC\Release_V2_AttentiveSkel3D\data\tensors\BenchPress_053.npy,D:\Data-Aji\KULIAH\Tugas-Akhir\AttentiveSkel3D-WeightTraining-PoC\Release_V2_AttentiveSkel3D\data\v2_labels\BenchPress_053_labels.npy
BenchPress_054,primer_benchpress_frontal_subjek01_rep6.mp4,Benchpress,Primer,64,16,48,75.0,Dominan Salah (Gerakan Gagal / Half Rep),Frame 1-17 (17 frame); Frame 28-49 (22 frame); Frame 55-57 (3 frame); Frame 59-64 (6 frame),"1, 2, 3, 4, 5, 6, 7, 8, 9, 10, 11, 12, 13, 14, 15, 16, 17, 28, 29, 30, 31, 32, 33, 34, 35, 36, 37, 38, 39, 40, 41, 42, 43, 44, 45, 46, 47, 48, 49, 55, 56, 57, 59, 60, 61, 62, 63, 64","18, 19, 20, 21, 22, 23, 24, 25, 26, 27, 50, 51, 52, 53, 54, 58",1111111111111111100000000001111111111111111111111000001110111111,D:\Data-Aji\KULIAH\Tugas-Akhir\AttentiveSkel3D-WeightTraining-PoC\Release_V2_AttentiveSkel3D\data\tensors\BenchPress_054.npy,D:\Data-Aji\KULIAH\Tugas-Akhir\AttentiveSkel3D-WeightTraining-PoC\Release_V2_AttentiveSkel3D\data\v2_labels\BenchPress_054_labels.npy
BenchPress_055,primer_benchpress_frontal_subjek01_rep7.mp4,Benchpress,Primer,64,13,51,79.69,Dominan Salah (Gerakan Gagal / Half Rep),Frame 5-47 (43 frame); Frame 50-54 (5 frame); Frame 60-62 (3 frame),"5, 6, 7, 8, 9, 10, 11, 12, 13, 14, 15, 16, 17, 18, 19, 20, 21, 22, 23, 24, 25, 26, 27, 28, 29, 30, 31, 32, 33, 34, 35, 36, 37, 38, 39, 40, 41, 42, 43, 44, 45, 46, 47, 50, 51, 52, 53, 54, 60, 61, 62","1, 2, 3, 4, 48, 49, 55, 56, 57, 58, 59, 63, 64",0000111111111111111111111111111111111111111111100111110000011100,D:\Data-Aji\KULIAH\Tugas-Akhir\AttentiveSkel3D-WeightTraining-PoC\Release_V2_AttentiveSkel3D\data\tensors\BenchPress_055.npy,D:\Data-Aji\KULIAH\Tugas-Akhir\AttentiveSkel3D-WeightTraining-PoC\Release_V2_AttentiveSkel3D\data\v2_labels\BenchPress_055_labels.npy
BenchPress_056,primer_benchpress_frontal_subjek01_rep8.mp4,Benchpress,Primer,64,30,34,53.12,Campuran (Sebagian Fase Gerakan Salah),Frame 1-2 (2 frame); Frame 17-19 (3 frame); Frame 22-43 (22 frame); Frame 48-50 (3 frame); Frame 54-57 (4 frame),"1, 2, 17, 18, 19, 22, 23, 24, 25, 26, 27, 28, 29, 30, 31, 32, 33, 34, 35, 36, 37, 38, 39, 40, 41, 42, 43, 48, 49, 50, 54, 55, 56, 57","3, 4, 5, 6, 7, 8, 9, 10, 11, 12, 13, 14, 15, 16, 20, 21, 44, 45, 46, 47, 51, 52, 53, 58, 59, 60, 61, 62, 63, 64",1100000000000000111001111111111111111111111000011100011110000000,D:\Data-Aji\KULIAH\Tugas-Akhir\AttentiveSkel3D-WeightTraining-PoC\Release_V2_AttentiveSkel3D\data\tensors\BenchPress_056.npy,D:\Data-Aji\KULIAH\Tugas-Akhir\AttentiveSkel3D-WeightTraining-PoC\Release_V2_AttentiveSkel3D\data\v2_labels\BenchPress_056_labels.npy
BenchPress_057,primer_benchpress_frontal_subjek01_rep9.mp4,Benchpress,Primer,64,28,36,56.25,Campuran (Sebagian Fase Gerakan Salah),Frame 1; Frame 8-42 (35 frame),"1, 8, 9, 10, 11, 12, 13, 14, 15, 16, 17, 18, 19, 20, 21, 22, 23, 24, 25, 26, 27, 28, 29, 30, 31, 32, 33, 34, 35, 36, 37, 38, 39, 40, 41, 42","2, 3, 4, 5, 6, 7, 43, 44, 45, 46, 47, 48, 49, 50, 51, 52, 53, 54, 55, 56, 57, 58, 59, 60, 61, 62, 63, 64",1000000111111111111111111111111111111111110000000000000000000000,D:\Data-Aji\KULIAH\Tugas-Akhir\AttentiveSkel3D-WeightTraining-PoC\Release_V2_AttentiveSkel3D\data\tensors\BenchPress_057.npy,D:\Data-Aji\KULIAH\Tugas-Akhir\AttentiveSkel3D-WeightTraining-PoC\Release_V2_AttentiveSkel3D\data\v2_labels\BenchPress_057_labels.npy
BenchPress_058,primer_benchpress_frontal_subjek02_rep1.mp4,Benchpress,Primer,64,0,64,100.0,Dominan Salah (Gerakan Gagal / Half Rep),Frame 1-64 (64 frame),"1, 2, 3, 4, 5, 6, 7, 8, 9, 10, 11, 12, 13, 14, 15, 16, 17, 18, 19, 20, 21, 22, 23, 24, 25, 26, 27, 28, 29, 30, 31, 32, 33, 34, 35, 36, 37, 38, 39, 40, 41, 42, 43, 44, 45, 46, 47, 48, 49, 50, 51, 52, 53, 54, 55, 56, 57, 58, 59, 60, 61, 62, 63, 64",-,1111111111111111111111111111111111111111111111111111111111111111,D:\Data-Aji\KULIAH\Tugas-Akhir\AttentiveSkel3D-WeightTraining-PoC\Release_V2_AttentiveSkel3D\data\tensors\BenchPress_058.npy,D:\Data-Aji\KULIAH\Tugas-Akhir\AttentiveSkel3D-WeightTraining-PoC\Release_V2_AttentiveSkel3D\data\v2_labels\BenchPress_058_labels.npy
BenchPress_059,primer_benchpress_frontal_subjek02_rep10.mp4,Benchpress,Primer,64,0,64,100.0,Dominan Salah (Gerakan Gagal / Half Rep),Frame 1-64 (64 frame),"1, 2, 3, 4, 5, 6, 7, 8, 9, 10, 11, 12, 13, 14, 15, 16, 17, 18, 19, 20, 21, 22, 23, 24, 25, 26, 27, 28, 29, 30, 31, 32, 33, 34, 35, 36, 37, 38, 39, 40, 41, 42, 43, 44, 45, 46, 47, 48, 49, 50, 51, 52, 53, 54, 55, 56, 57, 58, 59, 60, 61, 62, 63, 64",-,1111111111111111111111111111111111111111111111111111111111111111,D:\Data-Aji\KULIAH\Tugas-Akhir\AttentiveSkel3D-WeightTraining-PoC\Release_V2_AttentiveSkel3D\data\tensors\BenchPress_059.npy,D:\Data-Aji\KULIAH\Tugas-Akhir\AttentiveSkel3D-WeightTraining-PoC\Release_V2_AttentiveSkel3D\data\v2_labels\BenchPress_059_labels.npy
BenchPress_060,primer_benchpress_frontal_subjek02_rep11.mp4,Benchpress,Primer,64,0,64,100.0,Dominan Salah (Gerakan Gagal / Half Rep),Frame 1-64 (64 frame),"1, 2, 3, 4, 5, 6, 7, 8, 9, 10, 11, 12, 13, 14, 15, 16, 17, 18, 19, 20, 21, 22, 23, 24, 25, 26, 27, 28, 29, 30, 31, 32, 33, 34, 35, 36, 37, 38, 39, 40, 41, 42, 43, 44, 45, 46, 47, 48, 49, 50, 51, 52, 53, 54, 55, 56, 57, 58, 59, 60, 61, 62, 63, 64",-,1111111111111111111111111111111111111111111111111111111111111111,D:\Data-Aji\KULIAH\Tugas-Akhir\AttentiveSkel3D-WeightTraining-PoC\Release_V2_AttentiveSkel3D\data\tensors\BenchPress_060.npy,D:\Data-Aji\KULIAH\Tugas-Akhir\AttentiveSkel3D-WeightTraining-PoC\Release_V2_AttentiveSkel3D\data\v2_labels\BenchPress_060_labels.npy
BenchPress_061,primer_benchpress_frontal_subjek02_rep12.mp4,Benchpress,Primer,64,0,64,100.0,Dominan Salah (Gerakan Gagal / Half Rep),Frame 1-64 (64 frame),"1, 2, 3, 4, 5, 6, 7, 8, 9, 10, 11, 12, 13, 14, 15, 16, 17, 18, 19, 20, 21, 22, 23, 24, 25, 26, 27, 28, 29, 30, 31, 32, 33, 34, 35, 36, 37, 38, 39, 40, 41, 42, 43, 44, 45, 46, 47, 48, 49, 50, 51, 52, 53, 54, 55, 56, 57, 58, 59, 60, 61, 62, 63, 64",-,1111111111111111111111111111111111111111111111111111111111111111,D:\Data-Aji\KULIAH\Tugas-Akhir\AttentiveSkel3D-WeightTraining-PoC\Release_V2_AttentiveSkel3D\data\tensors\BenchPress_061.npy,D:\Data-Aji\KULIAH\Tugas-Akhir\AttentiveSkel3D-WeightTraining-PoC\Release_V2_AttentiveSkel3D\data\v2_labels\BenchPress_061_labels.npy
BenchPress_062,primer_benchpress_frontal_subjek02_rep13.mp4,Benchpress,Primer,64,0,64,100.0,Dominan Salah (Gerakan Gagal / Half Rep),Frame 1-64 (64 frame),"1, 2, 3, 4, 5, 6, 7, 8, 9, 10, 11, 12, 13, 14, 15, 16, 17, 18, 19, 20, 21, 22, 23, 24, 25, 26, 27, 28, 29, 30, 31, 32, 33, 34, 35, 36, 37, 38, 39, 40, 41, 42, 43, 44, 45, 46, 47, 48, 49, 50, 51, 52, 53, 54, 55, 56, 57, 58, 59, 60, 61, 62, 63, 64",-,1111111111111111111111111111111111111111111111111111111111111111,D:\Data-Aji\KULIAH\Tugas-Akhir\AttentiveSkel3D-WeightTraining-PoC\Release_V2_AttentiveSkel3D\data\tensors\BenchPress_062.npy,D:\Data-Aji\KULIAH\Tugas-Akhir\AttentiveSkel3D-WeightTraining-PoC\Release_V2_AttentiveSkel3D\data\v2_labels\BenchPress_062_labels.npy
BenchPress_063,primer_benchpress_frontal_subjek02_rep14.mp4,Benchpress,Primer,64,0,64,100.0,Dominan Salah (Gerakan Gagal / Half Rep),Frame 1-64 (64 frame),"1, 2, 3, 4, 5, 6, 7, 8, 9, 10, 11, 12, 13, 14, 15, 16, 17, 18, 19, 20, 21, 22, 23, 24, 25, 26, 27, 28, 29, 30, 31, 32, 33, 34, 35, 36, 37, 38, 39, 40, 41, 42, 43, 44, 45, 46, 47, 48, 49, 50, 51, 52, 53, 54, 55, 56, 57, 58, 59, 60, 61, 62, 63, 64",-,1111111111111111111111111111111111111111111111111111111111111111,D:\Data-Aji\KULIAH\Tugas-Akhir\AttentiveSkel3D-WeightTraining-PoC\Release_V2_AttentiveSkel3D\data\tensors\BenchPress_063.npy,D:\Data-Aji\KULIAH\Tugas-Akhir\AttentiveSkel3D-WeightTraining-PoC\Release_V2_AttentiveSkel3D\data\v2_labels\BenchPress_063_labels.npy
BenchPress_064,primer_benchpress_frontal_subjek02_rep15.mp4,Benchpress,Primer,64,0,64,100.0,Dominan Salah (Gerakan Gagal / Half Rep),Frame 1-64 (64 frame),"1, 2, 3, 4, 5, 6, 7, 8, 9, 10, 11, 12, 13, 14, 15, 16, 17, 18, 19, 20, 21, 22, 23, 24, 25, 26, 27, 28, 29, 30, 31, 32, 33, 34, 35, 36, 37, 38, 39, 40, 41, 42, 43, 44, 45, 46, 47, 48, 49, 50, 51, 52, 53, 54, 55, 56, 57, 58, 59, 60, 61, 62, 63, 64",-,1111111111111111111111111111111111111111111111111111111111111111,D:\Data-Aji\KULIAH\Tugas-Akhir\AttentiveSkel3D-WeightTraining-PoC\Release_V2_AttentiveSkel3D\data\tensors\BenchPress_064.npy,D:\Data-Aji\KULIAH\Tugas-Akhir\AttentiveSkel3D-WeightTraining-PoC\Release_V2_AttentiveSkel3D\data\v2_labels\BenchPress_064_labels.npy
BenchPress_065,primer_benchpress_frontal_subjek02_rep16.mp4,Benchpress,Primer,64,0,64,100.0,Dominan Salah (Gerakan Gagal / Half Rep),Frame 1-64 (64 frame),"1, 2, 3, 4, 5, 6, 7, 8, 9, 10, 11, 12, 13, 14, 15, 16, 17, 18, 19, 20, 21, 22, 23, 24, 25, 26, 27, 28, 29, 30, 31, 32, 33, 34, 35, 36, 37, 38, 39, 40, 41, 42, 43, 44, 45, 46, 47, 48, 49, 50, 51, 52, 53, 54, 55, 56, 57, 58, 59, 60, 61, 62, 63, 64",-,1111111111111111111111111111111111111111111111111111111111111111,D:\Data-Aji\KULIAH\Tugas-Akhir\AttentiveSkel3D-WeightTraining-PoC\Release_V2_AttentiveSkel3D\data\tensors\BenchPress_065.npy,D:\Data-Aji\KULIAH\Tugas-Akhir\AttentiveSkel3D-WeightTraining-PoC\Release_V2_AttentiveSkel3D\data\v2_labels\BenchPress_065_labels.npy
BenchPress_066,primer_benchpress_frontal_subjek02_rep17.mp4,Benchpress,Primer,64,0,64,100.0,Dominan Salah (Gerakan Gagal / Half Rep),Frame 1-64 (64 frame),"1, 2, 3, 4, 5, 6, 7, 8, 9, 10, 11, 12, 13, 14, 15, 16, 17, 18, 19, 20, 21, 22, 23, 24, 25, 26, 27, 28, 29, 30, 31, 32, 33, 34, 35, 36, 37, 38, 39, 40, 41, 42, 43, 44, 45, 46, 47, 48, 49, 50, 51, 52, 53, 54, 55, 56, 57, 58, 59, 60, 61, 62, 63, 64",-,1111111111111111111111111111111111111111111111111111111111111111,D:\Data-Aji\KULIAH\Tugas-Akhir\AttentiveSkel3D-WeightTraining-PoC\Release_V2_AttentiveSkel3D\data\tensors\BenchPress_066.npy,D:\Data-Aji\KULIAH\Tugas-Akhir\AttentiveSkel3D-WeightTraining-PoC\Release_V2_AttentiveSkel3D\data\v2_labels\BenchPress_066_labels.npy
BenchPress_067,primer_benchpress_frontal_subjek02_rep18.mp4,Benchpress,Primer,64,0,64,100.0,Dominan Salah (Gerakan Gagal / Half Rep),Frame 1-64 (64 frame),"1, 2, 3, 4, 5, 6, 7, 8, 9, 10, 11, 12, 13, 14, 15, 16, 17, 18, 19, 20, 21, 22, 23, 24, 25, 26, 27, 28, 29, 30, 31, 32, 33, 34, 35, 36, 37, 38, 39, 40, 41, 42, 43, 44, 45, 46, 47, 48, 49, 50, 51, 52, 53, 54, 55, 56, 57, 58, 59, 60, 61, 62, 63, 64",-,1111111111111111111111111111111111111111111111111111111111111111,D:\Data-Aji\KULIAH\Tugas-Akhir\AttentiveSkel3D-WeightTraining-PoC\Release_V2_AttentiveSkel3D\data\tensors\BenchPress_067.npy,D:\Data-Aji\KULIAH\Tugas-Akhir\AttentiveSkel3D-WeightTraining-PoC\Release_V2_AttentiveSkel3D\data\v2_labels\BenchPress_067_labels.npy
BenchPress_068,primer_benchpress_frontal_subjek02_rep19.mp4,Benchpress,Primer,64,0,64,100.0,Dominan Salah (Gerakan Gagal / Half Rep),Frame 1-64 (64 frame),"1, 2, 3, 4, 5, 6, 7, 8, 9, 10, 11, 12, 13, 14, 15, 16, 17, 18, 19, 20, 21, 22, 23, 24, 25, 26, 27, 28, 29, 30, 31, 32, 33, 34, 35, 36, 37, 38, 39, 40, 41, 42, 43, 44, 45, 46, 47, 48, 49, 50, 51, 52, 53, 54, 55, 56, 57, 58, 59, 60, 61, 62, 63, 64",-,1111111111111111111111111111111111111111111111111111111111111111,D:\Data-Aji\KULIAH\Tugas-Akhir\AttentiveSkel3D-WeightTraining-PoC\Release_V2_AttentiveSkel3D\data\tensors\BenchPress_068.npy,D:\Data-Aji\KULIAH\Tugas-Akhir\AttentiveSkel3D-WeightTraining-PoC\Release_V2_AttentiveSkel3D\data\v2_labels\BenchPress_068_labels.npy
BenchPress_069,primer_benchpress_frontal_subjek02_rep2.mp4,Benchpress,Primer,64,0,64,100.0,Dominan Salah (Gerakan Gagal / Half Rep),Frame 1-64 (64 frame),"1, 2, 3, 4, 5, 6, 7, 8, 9, 10, 11, 12, 13, 14, 15, 16, 17, 18, 19, 20, 21, 22, 23, 24, 25, 26, 27, 28, 29, 30, 31, 32, 33, 34, 35, 36, 37, 38, 39, 40, 41, 42, 43, 44, 45, 46, 47, 48, 49, 50, 51, 52, 53, 54, 55, 56, 57, 58, 59, 60, 61, 62, 63, 64",-,1111111111111111111111111111111111111111111111111111111111111111,D:\Data-Aji\KULIAH\Tugas-Akhir\AttentiveSkel3D-WeightTraining-PoC\Release_V2_AttentiveSkel3D\data\tensors\BenchPress_069.npy,D:\Data-Aji\KULIAH\Tugas-Akhir\AttentiveSkel3D-WeightTraining-PoC\Release_V2_AttentiveSkel3D\data\v2_labels\BenchPress_069_labels.npy
BenchPress_070,primer_benchpress_frontal_subjek02_rep20.mp4,Benchpress,Primer,64,0,64,100.0,Dominan Salah (Gerakan Gagal / Half Rep),Frame 1-64 (64 frame),"1, 2, 3, 4, 5, 6, 7, 8, 9, 10, 11, 12, 13, 14, 15, 16, 17, 18, 19, 20, 21, 22, 23, 24, 25, 26, 27, 28, 29, 30, 31, 32, 33, 34, 35, 36, 37, 38, 39, 40, 41, 42, 43, 44, 45, 46, 47, 48, 49, 50, 51, 52, 53, 54, 55, 56, 57, 58, 59, 60, 61, 62, 63, 64",-,1111111111111111111111111111111111111111111111111111111111111111,D:\Data-Aji\KULIAH\Tugas-Akhir\AttentiveSkel3D-WeightTraining-PoC\Release_V2_AttentiveSkel3D\data\tensors\BenchPress_070.npy,D:\Data-Aji\KULIAH\Tugas-Akhir\AttentiveSkel3D-WeightTraining-PoC\Release_V2_AttentiveSkel3D\data\v2_labels\BenchPress_070_labels.npy
BenchPress_071,primer_benchpress_frontal_subjek02_rep21.mp4,Benchpress,Primer,64,0,64,100.0,Dominan Salah (Gerakan Gagal / Half Rep),Frame 1-64 (64 frame),"1, 2, 3, 4, 5, 6, 7, 8, 9, 10, 11, 12, 13, 14, 15, 16, 17, 18, 19, 20, 21, 22, 23, 24, 25, 26, 27, 28, 29, 30, 31, 32, 33, 34, 35, 36, 37, 38, 39, 40, 41, 42, 43, 44, 45, 46, 47, 48, 49, 50, 51, 52, 53, 54, 55, 56, 57, 58, 59, 60, 61, 62, 63, 64",-,1111111111111111111111111111111111111111111111111111111111111111,D:\Data-Aji\KULIAH\Tugas-Akhir\AttentiveSkel3D-WeightTraining-PoC\Release_V2_AttentiveSkel3D\data\tensors\BenchPress_071.npy,D:\Data-Aji\KULIAH\Tugas-Akhir\AttentiveSkel3D-WeightTraining-PoC\Release_V2_AttentiveSkel3D\data\v2_labels\BenchPress_071_labels.npy
BenchPress_072,primer_benchpress_frontal_subjek02_rep22.mp4,Benchpress,Primer,64,0,64,100.0,Dominan Salah (Gerakan Gagal / Half Rep),Frame 1-64 (64 frame),"1, 2, 3, 4, 5, 6, 7, 8, 9, 10, 11, 12, 13, 14, 15, 16, 17, 18, 19, 20, 21, 22, 23, 24, 25, 26, 27, 28, 29, 30, 31, 32, 33, 34, 35, 36, 37, 38, 39, 40, 41, 42, 43, 44, 45, 46, 47, 48, 49, 50, 51, 52, 53, 54, 55, 56, 57, 58, 59, 60, 61, 62, 63, 64",-,1111111111111111111111111111111111111111111111111111111111111111,D:\Data-Aji\KULIAH\Tugas-Akhir\AttentiveSkel3D-WeightTraining-PoC\Release_V2_AttentiveSkel3D\data\tensors\BenchPress_072.npy,D:\Data-Aji\KULIAH\Tugas-Akhir\AttentiveSkel3D-WeightTraining-PoC\Release_V2_AttentiveSkel3D\data\v2_labels\BenchPress_072_labels.npy
BenchPress_073,primer_benchpress_frontal_subjek02_rep23.mp4,Benchpress,Primer,64,0,64,100.0,Dominan Salah (Gerakan Gagal / Half Rep),Frame 1-64 (64 frame),"1, 2, 3, 4, 5, 6, 7, 8, 9, 10, 11, 12, 13, 14, 15, 16, 17, 18, 19, 20, 21, 22, 23, 24, 25, 26, 27, 28, 29, 30, 31, 32, 33, 34, 35, 36, 37, 38, 39, 40, 41, 42, 43, 44, 45, 46, 47, 48, 49, 50, 51, 52, 53, 54, 55, 56, 57, 58, 59, 60, 61, 62, 63, 64",-,1111111111111111111111111111111111111111111111111111111111111111,D:\Data-Aji\KULIAH\Tugas-Akhir\AttentiveSkel3D-WeightTraining-PoC\Release_V2_AttentiveSkel3D\data\tensors\BenchPress_073.npy,D:\Data-Aji\KULIAH\Tugas-Akhir\AttentiveSkel3D-WeightTraining-PoC\Release_V2_AttentiveSkel3D\data\v2_labels\BenchPress_073_labels.npy
BenchPress_074,primer_benchpress_frontal_subjek02_rep24.mp4,Benchpress,Primer,64,0,64,100.0,Dominan Salah (Gerakan Gagal / Half Rep),Frame 1-64 (64 frame),"1, 2, 3, 4, 5, 6, 7, 8, 9, 10, 11, 12, 13, 14, 15, 16, 17, 18, 19, 20, 21, 22, 23, 24, 25, 26, 27, 28, 29, 30, 31, 32, 33, 34, 35, 36, 37, 38, 39, 40, 41, 42, 43, 44, 45, 46, 47, 48, 49, 50, 51, 52, 53, 54, 55, 56, 57, 58, 59, 60, 61, 62, 63, 64",-,1111111111111111111111111111111111111111111111111111111111111111,D:\Data-Aji\KULIAH\Tugas-Akhir\AttentiveSkel3D-WeightTraining-PoC\Release_V2_AttentiveSkel3D\data\tensors\BenchPress_074.npy,D:\Data-Aji\KULIAH\Tugas-Akhir\AttentiveSkel3D-WeightTraining-PoC\Release_V2_AttentiveSkel3D\data\v2_labels\BenchPress_074_labels.npy
BenchPress_075,primer_benchpress_frontal_subjek02_rep25.mp4,Benchpress,Primer,64,0,64,100.0,Dominan Salah (Gerakan Gagal / Half Rep),Frame 1-64 (64 frame),"1, 2, 3, 4, 5, 6, 7, 8, 9, 10, 11, 12, 13, 14, 15, 16, 17, 18, 19, 20, 21, 22, 23, 24, 25, 26, 27, 28, 29, 30, 31, 32, 33, 34, 35, 36, 37, 38, 39, 40, 41, 42, 43, 44, 45, 46, 47, 48, 49, 50, 51, 52, 53, 54, 55, 56, 57, 58, 59, 60, 61, 62, 63, 64",-,1111111111111111111111111111111111111111111111111111111111111111,D:\Data-Aji\KULIAH\Tugas-Akhir\AttentiveSkel3D-WeightTraining-PoC\Release_V2_AttentiveSkel3D\data\tensors\BenchPress_075.npy,D:\Data-Aji\KULIAH\Tugas-Akhir\AttentiveSkel3D-WeightTraining-PoC\Release_V2_AttentiveSkel3D\data\v2_labels\BenchPress_075_labels.npy
BenchPress_076,primer_benchpress_frontal_subjek02_rep26.mp4,Benchpress,Primer,64,0,64,100.0,Dominan Salah (Gerakan Gagal / Half Rep),Frame 1-64 (64 frame),"1, 2, 3, 4, 5, 6, 7, 8, 9, 10, 11, 12, 13, 14, 15, 16, 17, 18, 19, 20, 21, 22, 23, 24, 25, 26, 27, 28, 29, 30, 31, 32, 33, 34, 35, 36, 37, 38, 39, 40, 41, 42, 43, 44, 45, 46, 47, 48, 49, 50, 51, 52, 53, 54, 55, 56, 57, 58, 59, 60, 61, 62, 63, 64",-,1111111111111111111111111111111111111111111111111111111111111111,D:\Data-Aji\KULIAH\Tugas-Akhir\AttentiveSkel3D-WeightTraining-PoC\Release_V2_AttentiveSkel3D\data\tensors\BenchPress_076.npy,D:\Data-Aji\KULIAH\Tugas-Akhir\AttentiveSkel3D-WeightTraining-PoC\Release_V2_AttentiveSkel3D\data\v2_labels\BenchPress_076_labels.npy
BenchPress_077,primer_benchpress_frontal_subjek02_rep27.mp4,Benchpress,Primer,64,0,64,100.0,Dominan Salah (Gerakan Gagal / Half Rep),Frame 1-64 (64 frame),"1, 2, 3, 4, 5, 6, 7, 8, 9, 10, 11, 12, 13, 14, 15, 16, 17, 18, 19, 20, 21, 22, 23, 24, 25, 26, 27, 28, 29, 30, 31, 32, 33, 34, 35, 36, 37, 38, 39, 40, 41, 42, 43, 44, 45, 46, 47, 48, 49, 50, 51, 52, 53, 54, 55, 56, 57, 58, 59, 60, 61, 62, 63, 64",-,1111111111111111111111111111111111111111111111111111111111111111,D:\Data-Aji\KULIAH\Tugas-Akhir\AttentiveSkel3D-WeightTraining-PoC\Release_V2_AttentiveSkel3D\data\tensors\BenchPress_077.npy,D:\Data-Aji\KULIAH\Tugas-Akhir\AttentiveSkel3D-WeightTraining-PoC\Release_V2_AttentiveSkel3D\data\v2_labels\BenchPress_077_labels.npy
BenchPress_078,primer_benchpress_frontal_subjek02_rep28.mp4,Benchpress,Primer,64,0,64,100.0,Dominan Salah (Gerakan Gagal / Half Rep),Frame 1-64 (64 frame),"1, 2, 3, 4, 5, 6, 7, 8, 9, 10, 11, 12, 13, 14, 15, 16, 17, 18, 19, 20, 21, 22, 23, 24, 25, 26, 27, 28, 29, 30, 31, 32, 33, 34, 35, 36, 37, 38, 39, 40, 41, 42, 43, 44, 45, 46, 47, 48, 49, 50, 51, 52, 53, 54, 55, 56, 57, 58, 59, 60, 61, 62, 63, 64",-,1111111111111111111111111111111111111111111111111111111111111111,D:\Data-Aji\KULIAH\Tugas-Akhir\AttentiveSkel3D-WeightTraining-PoC\Release_V2_AttentiveSkel3D\data\tensors\BenchPress_078.npy,D:\Data-Aji\KULIAH\Tugas-Akhir\AttentiveSkel3D-WeightTraining-PoC\Release_V2_AttentiveSkel3D\data\v2_labels\BenchPress_078_labels.npy
BenchPress_079,primer_benchpress_frontal_subjek02_rep3.mp4,Benchpress,Primer,64,0,64,100.0,Dominan Salah (Gerakan Gagal / Half Rep),Frame 1-64 (64 frame),"1, 2, 3, 4, 5, 6, 7, 8, 9, 10, 11, 12, 13, 14, 15, 16, 17, 18, 19, 20, 21, 22, 23, 24, 25, 26, 27, 28, 29, 30, 31, 32, 33, 34, 35, 36, 37, 38, 39, 40, 41, 42, 43, 44, 45, 46, 47, 48, 49, 50, 51, 52, 53, 54, 55, 56, 57, 58, 59, 60, 61, 62, 63, 64",-,1111111111111111111111111111111111111111111111111111111111111111,D:\Data-Aji\KULIAH\Tugas-Akhir\AttentiveSkel3D-WeightTraining-PoC\Release_V2_AttentiveSkel3D\data\tensors\BenchPress_079.npy,D:\Data-Aji\KULIAH\Tugas-Akhir\AttentiveSkel3D-WeightTraining-PoC\Release_V2_AttentiveSkel3D\data\v2_labels\BenchPress_079_labels.npy
BenchPress_080,primer_benchpress_frontal_subjek02_rep4.mp4,Benchpress,Primer,64,0,64,100.0,Dominan Salah (Gerakan Gagal / Half Rep),Frame 1-64 (64 frame),"1, 2, 3, 4, 5, 6, 7, 8, 9, 10, 11, 12, 13, 14, 15, 16, 17, 18, 19, 20, 21, 22, 23, 24, 25, 26, 27, 28, 29, 30, 31, 32, 33, 34, 35, 36, 37, 38, 39, 40, 41, 42, 43, 44, 45, 46, 47, 48, 49, 50, 51, 52, 53, 54, 55, 56, 57, 58, 59, 60, 61, 62, 63, 64",-,1111111111111111111111111111111111111111111111111111111111111111,D:\Data-Aji\KULIAH\Tugas-Akhir\AttentiveSkel3D-WeightTraining-PoC\Release_V2_AttentiveSkel3D\data\tensors\BenchPress_080.npy,D:\Data-Aji\KULIAH\Tugas-Akhir\AttentiveSkel3D-WeightTraining-PoC\Release_V2_AttentiveSkel3D\data\v2_labels\BenchPress_080_labels.npy
BenchPress_081,primer_benchpress_frontal_subjek02_rep5.mp4,Benchpress,Primer,64,0,64,100.0,Dominan Salah (Gerakan Gagal / Half Rep),Frame 1-64 (64 frame),"1, 2, 3, 4, 5, 6, 7, 8, 9, 10, 11, 12, 13, 14, 15, 16, 17, 18, 19, 20, 21, 22, 23, 24, 25, 26, 27, 28, 29, 30, 31, 32, 33, 34, 35, 36, 37, 38, 39, 40, 41, 42, 43, 44, 45, 46, 47, 48, 49, 50, 51, 52, 53, 54, 55, 56, 57, 58, 59, 60, 61, 62, 63, 64",-,1111111111111111111111111111111111111111111111111111111111111111,D:\Data-Aji\KULIAH\Tugas-Akhir\AttentiveSkel3D-WeightTraining-PoC\Release_V2_AttentiveSkel3D\data\tensors\BenchPress_081.npy,D:\Data-Aji\KULIAH\Tugas-Akhir\AttentiveSkel3D-WeightTraining-PoC\Release_V2_AttentiveSkel3D\data\v2_labels\BenchPress_081_labels.npy
BenchPress_082,primer_benchpress_frontal_subjek02_rep6.mp4,Benchpress,Primer,64,0,64,100.0,Dominan Salah (Gerakan Gagal / Half Rep),Frame 1-64 (64 frame),"1, 2, 3, 4, 5, 6, 7, 8, 9, 10, 11, 12, 13, 14, 15, 16, 17, 18, 19, 20, 21, 22, 23, 24, 25, 26, 27, 28, 29, 30, 31, 32, 33, 34, 35, 36, 37, 38, 39, 40, 41, 42, 43, 44, 45, 46, 47, 48, 49, 50, 51, 52, 53, 54, 55, 56, 57, 58, 59, 60, 61, 62, 63, 64",-,1111111111111111111111111111111111111111111111111111111111111111,D:\Data-Aji\KULIAH\Tugas-Akhir\AttentiveSkel3D-WeightTraining-PoC\Release_V2_AttentiveSkel3D\data\tensors\BenchPress_082.npy,D:\Data-Aji\KULIAH\Tugas-Akhir\AttentiveSkel3D-WeightTraining-PoC\Release_V2_AttentiveSkel3D\data\v2_labels\BenchPress_082_labels.npy
BenchPress_083,primer_benchpress_frontal_subjek02_rep7.mp4,Benchpress,Primer,64,0,64,100.0,Dominan Salah (Gerakan Gagal / Half Rep),Frame 1-64 (64 frame),"1, 2, 3, 4, 5, 6, 7, 8, 9, 10, 11, 12, 13, 14, 15, 16, 17, 18, 19, 20, 21, 22, 23, 24, 25, 26, 27, 28, 29, 30, 31, 32, 33, 34, 35, 36, 37, 38, 39, 40, 41, 42, 43, 44, 45, 46, 47, 48, 49, 50, 51, 52, 53, 54, 55, 56, 57, 58, 59, 60, 61, 62, 63, 64",-,1111111111111111111111111111111111111111111111111111111111111111,D:\Data-Aji\KULIAH\Tugas-Akhir\AttentiveSkel3D-WeightTraining-PoC\Release_V2_AttentiveSkel3D\data\tensors\BenchPress_083.npy,D:\Data-Aji\KULIAH\Tugas-Akhir\AttentiveSkel3D-WeightTraining-PoC\Release_V2_AttentiveSkel3D\data\v2_labels\BenchPress_083_labels.npy
BenchPress_084,primer_benchpress_frontal_subjek02_rep8.mp4,Benchpress,Primer,64,0,64,100.0,Dominan Salah (Gerakan Gagal / Half Rep),Frame 1-64 (64 frame),"1, 2, 3, 4, 5, 6, 7, 8, 9, 10, 11, 12, 13, 14, 15, 16, 17, 18, 19, 20, 21, 22, 23, 24, 25, 26, 27, 28, 29, 30, 31, 32, 33, 34, 35, 36, 37, 38, 39, 40, 41, 42, 43, 44, 45, 46, 47, 48, 49, 50, 51, 52, 53, 54, 55, 56, 57, 58, 59, 60, 61, 62, 63, 64",-,1111111111111111111111111111111111111111111111111111111111111111,D:\Data-Aji\KULIAH\Tugas-Akhir\AttentiveSkel3D-WeightTraining-PoC\Release_V2_AttentiveSkel3D\data\tensors\BenchPress_084.npy,D:\Data-Aji\KULIAH\Tugas-Akhir\AttentiveSkel3D-WeightTraining-PoC\Release_V2_AttentiveSkel3D\data\v2_labels\BenchPress_084_labels.npy
BenchPress_085,primer_benchpress_frontal_subjek02_rep9.mp4,Benchpress,Primer,64,0,64,100.0,Dominan Salah (Gerakan Gagal / Half Rep),Frame 1-64 (64 frame),"1, 2, 3, 4, 5, 6, 7, 8, 9, 10, 11, 12, 13, 14, 15, 16, 17, 18, 19, 20, 21, 22, 23, 24, 25, 26, 27, 28, 29, 30, 31, 32, 33, 34, 35, 36, 37, 38, 39, 40, 41, 42, 43, 44, 45, 46, 47, 48, 49, 50, 51, 52, 53, 54, 55, 56, 57, 58, 59, 60, 61, 62, 63, 64",-,1111111111111111111111111111111111111111111111111111111111111111,D:\Data-Aji\KULIAH\Tugas-Akhir\AttentiveSkel3D-WeightTraining-PoC\Release_V2_AttentiveSkel3D\data\tensors\BenchPress_085.npy,D:\Data-Aji\KULIAH\Tugas-Akhir\AttentiveSkel3D-WeightTraining-PoC\Release_V2_AttentiveSkel3D\data\v2_labels\BenchPress_085_labels.npy
BenchPress_086,primer_benchpress_frontal_subjek03_rep1.mp4,Benchpress,Primer,64,0,64,100.0,Dominan Salah (Gerakan Gagal / Half Rep),Frame 1-64 (64 frame),"1, 2, 3, 4, 5, 6, 7, 8, 9, 10, 11, 12, 13, 14, 15, 16, 17, 18, 19, 20, 21, 22, 23, 24, 25, 26, 27, 28, 29, 30, 31, 32, 33, 34, 35, 36, 37, 38, 39, 40, 41, 42, 43, 44, 45, 46, 47, 48, 49, 50, 51, 52, 53, 54, 55, 56, 57, 58, 59, 60, 61, 62, 63, 64",-,1111111111111111111111111111111111111111111111111111111111111111,D:\Data-Aji\KULIAH\Tugas-Akhir\AttentiveSkel3D-WeightTraining-PoC\Release_V2_AttentiveSkel3D\data\tensors\BenchPress_086.npy,D:\Data-Aji\KULIAH\Tugas-Akhir\AttentiveSkel3D-WeightTraining-PoC\Release_V2_AttentiveSkel3D\data\v2_labels\BenchPress_086_labels.npy
BenchPress_087,primer_benchpress_frontal_subjek03_rep10.mp4,Benchpress,Primer,64,0,64,100.0,Dominan Salah (Gerakan Gagal / Half Rep),Frame 1-64 (64 frame),"1, 2, 3, 4, 5, 6, 7, 8, 9, 10, 11, 12, 13, 14, 15, 16, 17, 18, 19, 20, 21, 22, 23, 24, 25, 26, 27, 28, 29, 30, 31, 32, 33, 34, 35, 36, 37, 38, 39, 40, 41, 42, 43, 44, 45, 46, 47, 48, 49, 50, 51, 52, 53, 54, 55, 56, 57, 58, 59, 60, 61, 62, 63, 64",-,1111111111111111111111111111111111111111111111111111111111111111,D:\Data-Aji\KULIAH\Tugas-Akhir\AttentiveSkel3D-WeightTraining-PoC\Release_V2_AttentiveSkel3D\data\tensors\BenchPress_087.npy,D:\Data-Aji\KULIAH\Tugas-Akhir\AttentiveSkel3D-WeightTraining-PoC\Release_V2_AttentiveSkel3D\data\v2_labels\BenchPress_087_labels.npy
BenchPress_088,primer_benchpress_frontal_subjek03_rep11.mp4,Benchpress,Primer,64,0,64,100.0,Dominan Salah (Gerakan Gagal / Half Rep),Frame 1-64 (64 frame),"1, 2, 3, 4, 5, 6, 7, 8, 9, 10, 11, 12, 13, 14, 15, 16, 17, 18, 19, 20, 21, 22, 23, 24, 25, 26, 27, 28, 29, 30, 31, 32, 33, 34, 35, 36, 37, 38, 39, 40, 41, 42, 43, 44, 45, 46, 47, 48, 49, 50, 51, 52, 53, 54, 55, 56, 57, 58, 59, 60, 61, 62, 63, 64",-,1111111111111111111111111111111111111111111111111111111111111111,D:\Data-Aji\KULIAH\Tugas-Akhir\AttentiveSkel3D-WeightTraining-PoC\Release_V2_AttentiveSkel3D\data\tensors\BenchPress_088.npy,D:\Data-Aji\KULIAH\Tugas-Akhir\AttentiveSkel3D-WeightTraining-PoC\Release_V2_AttentiveSkel3D\data\v2_labels\BenchPress_088_labels.npy
BenchPress_089,primer_benchpress_frontal_subjek03_rep12.mp4,Benchpress,Primer,64,0,64,100.0,Dominan Salah (Gerakan Gagal / Half Rep),Frame 1-64 (64 frame),"1, 2, 3, 4, 5, 6, 7, 8, 9, 10, 11, 12, 13, 14, 15, 16, 17, 18, 19, 20, 21, 22, 23, 24, 25, 26, 27, 28, 29, 30, 31, 32, 33, 34, 35, 36, 37, 38, 39, 40, 41, 42, 43, 44, 45, 46, 47, 48, 49, 50, 51, 52, 53, 54, 55, 56, 57, 58, 59, 60, 61, 62, 63, 64",-,1111111111111111111111111111111111111111111111111111111111111111,D:\Data-Aji\KULIAH\Tugas-Akhir\AttentiveSkel3D-WeightTraining-PoC\Release_V2_AttentiveSkel3D\data\tensors\BenchPress_089.npy,D:\Data-Aji\KULIAH\Tugas-Akhir\AttentiveSkel3D-WeightTraining-PoC\Release_V2_AttentiveSkel3D\data\v2_labels\BenchPress_089_labels.npy
BenchPress_090,primer_benchpress_frontal_subjek03_rep13.mp4,Benchpress,Primer,64,0,64,100.0,Dominan Salah (Gerakan Gagal / Half Rep),Frame 1-64 (64 frame),"1, 2, 3, 4, 5, 6, 7, 8, 9, 10, 11, 12, 13, 14, 15, 16, 17, 18, 19, 20, 21, 22, 23, 24, 25, 26, 27, 28, 29, 30, 31, 32, 33, 34, 35, 36, 37, 38, 39, 40, 41, 42, 43, 44, 45, 46, 47, 48, 49, 50, 51, 52, 53, 54, 55, 56, 57, 58, 59, 60, 61, 62, 63, 64",-,1111111111111111111111111111111111111111111111111111111111111111,D:\Data-Aji\KULIAH\Tugas-Akhir\AttentiveSkel3D-WeightTraining-PoC\Release_V2_AttentiveSkel3D\data\tensors\BenchPress_090.npy,D:\Data-Aji\KULIAH\Tugas-Akhir\AttentiveSkel3D-WeightTraining-PoC\Release_V2_AttentiveSkel3D\data\v2_labels\BenchPress_090_labels.npy
BenchPress_091,primer_benchpress_frontal_subjek03_rep14.mp4,Benchpress,Primer,64,0,64,100.0,Dominan Salah (Gerakan Gagal / Half Rep),Frame 1-64 (64 frame),"1, 2, 3, 4, 5, 6, 7, 8, 9, 10, 11, 12, 13, 14, 15, 16, 17, 18, 19, 20, 21, 22, 23, 24, 25, 26, 27, 28, 29, 30, 31, 32, 33, 34, 35, 36, 37, 38, 39, 40, 41, 42, 43, 44, 45, 46, 47, 48, 49, 50, 51, 52, 53, 54, 55, 56, 57, 58, 59, 60, 61, 62, 63, 64",-,1111111111111111111111111111111111111111111111111111111111111111,D:\Data-Aji\KULIAH\Tugas-Akhir\AttentiveSkel3D-WeightTraining-PoC\Release_V2_AttentiveSkel3D\data\tensors\BenchPress_091.npy,D:\Data-Aji\KULIAH\Tugas-Akhir\AttentiveSkel3D-WeightTraining-PoC\Release_V2_AttentiveSkel3D\data\v2_labels\BenchPress_091_labels.npy
BenchPress_092,primer_benchpress_frontal_subjek03_rep15.mp4,Benchpress,Primer,64,0,64,100.0,Dominan Salah (Gerakan Gagal / Half Rep),Frame 1-64 (64 frame),"1, 2, 3, 4, 5, 6, 7, 8, 9, 10, 11, 12, 13, 14, 15, 16, 17, 18, 19, 20, 21, 22, 23, 24, 25, 26, 27, 28, 29, 30, 31, 32, 33, 34, 35, 36, 37, 38, 39, 40, 41, 42, 43, 44, 45, 46, 47, 48, 49, 50, 51, 52, 53, 54, 55, 56, 57, 58, 59, 60, 61, 62, 63, 64",-,1111111111111111111111111111111111111111111111111111111111111111,D:\Data-Aji\KULIAH\Tugas-Akhir\AttentiveSkel3D-WeightTraining-PoC\Release_V2_AttentiveSkel3D\data\tensors\BenchPress_092.npy,D:\Data-Aji\KULIAH\Tugas-Akhir\AttentiveSkel3D-WeightTraining-PoC\Release_V2_AttentiveSkel3D\data\v2_labels\BenchPress_092_labels.npy
BenchPress_093,primer_benchpress_frontal_subjek03_rep2.mp4,Benchpress,Primer,64,0,64,100.0,Dominan Salah (Gerakan Gagal / Half Rep),Frame 1-64 (64 frame),"1, 2, 3, 4, 5, 6, 7, 8, 9, 10, 11, 12, 13, 14, 15, 16, 17, 18, 19, 20, 21, 22, 23, 24, 25, 26, 27, 28, 29, 30, 31, 32, 33, 34, 35, 36, 37, 38, 39, 40, 41, 42, 43, 44, 45, 46, 47, 48, 49, 50, 51, 52, 53, 54, 55, 56, 57, 58, 59, 60, 61, 62, 63, 64",-,1111111111111111111111111111111111111111111111111111111111111111,D:\Data-Aji\KULIAH\Tugas-Akhir\AttentiveSkel3D-WeightTraining-PoC\Release_V2_AttentiveSkel3D\data\tensors\BenchPress_093.npy,D:\Data-Aji\KULIAH\Tugas-Akhir\AttentiveSkel3D-WeightTraining-PoC\Release_V2_AttentiveSkel3D\data\v2_labels\BenchPress_093_labels.npy
BenchPress_094,primer_benchpress_frontal_subjek03_rep3.mp4,Benchpress,Primer,64,0,64,100.0,Dominan Salah (Gerakan Gagal / Half Rep),Frame 1-64 (64 frame),"1, 2, 3, 4, 5, 6, 7, 8, 9, 10, 11, 12, 13, 14, 15, 16, 17, 18, 19, 20, 21, 22, 23, 24, 25, 26, 27, 28, 29, 30, 31, 32, 33, 34, 35, 36, 37, 38, 39, 40, 41, 42, 43, 44, 45, 46, 47, 48, 49, 50, 51, 52, 53, 54, 55, 56, 57, 58, 59, 60, 61, 62, 63, 64",-,1111111111111111111111111111111111111111111111111111111111111111,D:\Data-Aji\KULIAH\Tugas-Akhir\AttentiveSkel3D-WeightTraining-PoC\Release_V2_AttentiveSkel3D\data\tensors\BenchPress_094.npy,D:\Data-Aji\KULIAH\Tugas-Akhir\AttentiveSkel3D-WeightTraining-PoC\Release_V2_AttentiveSkel3D\data\v2_labels\BenchPress_094_labels.npy
BenchPress_095,primer_benchpress_frontal_subjek03_rep4.mp4,Benchpress,Primer,64,0,64,100.0,Dominan Salah (Gerakan Gagal / Half Rep),Frame 1-64 (64 frame),"1, 2, 3, 4, 5, 6, 7, 8, 9, 10, 11, 12, 13, 14, 15, 16, 17, 18, 19, 20, 21, 22, 23, 24, 25, 26, 27, 28, 29, 30, 31, 32, 33, 34, 35, 36, 37, 38, 39, 40, 41, 42, 43, 44, 45, 46, 47, 48, 49, 50, 51, 52, 53, 54, 55, 56, 57, 58, 59, 60, 61, 62, 63, 64",-,1111111111111111111111111111111111111111111111111111111111111111,D:\Data-Aji\KULIAH\Tugas-Akhir\AttentiveSkel3D-WeightTraining-PoC\Release_V2_AttentiveSkel3D\data\tensors\BenchPress_095.npy,D:\Data-Aji\KULIAH\Tugas-Akhir\AttentiveSkel3D-WeightTraining-PoC\Release_V2_AttentiveSkel3D\data\v2_labels\BenchPress_095_labels.npy
BenchPress_096,primer_benchpress_frontal_subjek03_rep5.mp4,Benchpress,Primer,64,0,64,100.0,Dominan Salah (Gerakan Gagal / Half Rep),Frame 1-64 (64 frame),"1, 2, 3, 4, 5, 6, 7, 8, 9, 10, 11, 12, 13, 14, 15, 16, 17, 18, 19, 20, 21, 22, 23, 24, 25, 26, 27, 28, 29, 30, 31, 32, 33, 34, 35, 36, 37, 38, 39, 40, 41, 42, 43, 44, 45, 46, 47, 48, 49, 50, 51, 52, 53, 54, 55, 56, 57, 58, 59, 60, 61, 62, 63, 64",-,1111111111111111111111111111111111111111111111111111111111111111,D:\Data-Aji\KULIAH\Tugas-Akhir\AttentiveSkel3D-WeightTraining-PoC\Release_V2_AttentiveSkel3D\data\tensors\BenchPress_096.npy,D:\Data-Aji\KULIAH\Tugas-Akhir\AttentiveSkel3D-WeightTraining-PoC\Release_V2_AttentiveSkel3D\data\v2_labels\BenchPress_096_labels.npy
BenchPress_097,primer_benchpress_frontal_subjek03_rep6.mp4,Benchpress,Primer,64,0,64,100.0,Dominan Salah (Gerakan Gagal / Half Rep),Frame 1-64 (64 frame),"1, 2, 3, 4, 5, 6, 7, 8, 9, 10, 11, 12, 13, 14, 15, 16, 17, 18, 19, 20, 21, 22, 23, 24, 25, 26, 27, 28, 29, 30, 31, 32, 33, 34, 35, 36, 37, 38, 39, 40, 41, 42, 43, 44, 45, 46, 47, 48, 49, 50, 51, 52, 53, 54, 55, 56, 57, 58, 59, 60, 61, 62, 63, 64",-,1111111111111111111111111111111111111111111111111111111111111111,D:\Data-Aji\KULIAH\Tugas-Akhir\AttentiveSkel3D-WeightTraining-PoC\Release_V2_AttentiveSkel3D\data\tensors\BenchPress_097.npy,D:\Data-Aji\KULIAH\Tugas-Akhir\AttentiveSkel3D-WeightTraining-PoC\Release_V2_AttentiveSkel3D\data\v2_labels\BenchPress_097_labels.npy
BenchPress_098,primer_benchpress_frontal_subjek03_rep7.mp4,Benchpress,Primer,64,0,64,100.0,Dominan Salah (Gerakan Gagal / Half Rep),Frame 1-64 (64 frame),"1, 2, 3, 4, 5, 6, 7, 8, 9, 10, 11, 12, 13, 14, 15, 16, 17, 18, 19, 20, 21, 22, 23, 24, 25, 26, 27, 28, 29, 30, 31, 32, 33, 34, 35, 36, 37, 38, 39, 40, 41, 42, 43, 44, 45, 46, 47, 48, 49, 50, 51, 52, 53, 54, 55, 56, 57, 58, 59, 60, 61, 62, 63, 64",-,1111111111111111111111111111111111111111111111111111111111111111,D:\Data-Aji\KULIAH\Tugas-Akhir\AttentiveSkel3D-WeightTraining-PoC\Release_V2_AttentiveSkel3D\data\tensors\BenchPress_098.npy,D:\Data-Aji\KULIAH\Tugas-Akhir\AttentiveSkel3D-WeightTraining-PoC\Release_V2_AttentiveSkel3D\data\v2_labels\BenchPress_098_labels.npy
BenchPress_099,primer_benchpress_frontal_subjek03_rep8.mp4,Benchpress,Primer,64,0,64,100.0,Dominan Salah (Gerakan Gagal / Half Rep),Frame 1-64 (64 frame),"1, 2, 3, 4, 5, 6, 7, 8, 9, 10, 11, 12, 13, 14, 15, 16, 17, 18, 19, 20, 21, 22, 23, 24, 25, 26, 27, 28, 29, 30, 31, 32, 33, 34, 35, 36, 37, 38, 39, 40, 41, 42, 43, 44, 45, 46, 47, 48, 49, 50, 51, 52, 53, 54, 55, 56, 57, 58, 59, 60, 61, 62, 63, 64",-,1111111111111111111111111111111111111111111111111111111111111111,D:\Data-Aji\KULIAH\Tugas-Akhir\AttentiveSkel3D-WeightTraining-PoC\Release_V2_AttentiveSkel3D\data\tensors\BenchPress_099.npy,D:\Data-Aji\KULIAH\Tugas-Akhir\AttentiveSkel3D-WeightTraining-PoC\Release_V2_AttentiveSkel3D\data\v2_labels\BenchPress_099_labels.npy
BenchPress_100,primer_benchpress_frontal_subjek03_rep9.mp4,Benchpress,Primer,64,0,64,100.0,Dominan Salah (Gerakan Gagal / Half Rep),Frame 1-64 (64 frame),"1, 2, 3, 4, 5, 6, 7, 8, 9, 10, 11, 12, 13, 14, 15, 16, 17, 18, 19, 20, 21, 22, 23, 24, 25, 26, 27, 28, 29, 30, 31, 32, 33, 34, 35, 36, 37, 38, 39, 40, 41, 42, 43, 44, 45, 46, 47, 48, 49, 50, 51, 52, 53, 54, 55, 56, 57, 58, 59, 60, 61, 62, 63, 64",-,1111111111111111111111111111111111111111111111111111111111111111,D:\Data-Aji\KULIAH\Tugas-Akhir\AttentiveSkel3D-WeightTraining-PoC\Release_V2_AttentiveSkel3D\data\tensors\BenchPress_100.npy,D:\Data-Aji\KULIAH\Tugas-Akhir\AttentiveSkel3D-WeightTraining-PoC\Release_V2_AttentiveSkel3D\data\v2_labels\BenchPress_100_labels.npy
BenchPress_101,sekunder_sekunder_benchpress_kaggle01_rep01.mp4,Benchpress,Sekunder,64,53,11,17.19,Dominan Benar (Kesalahan Ringan/Fase Transisi),Frame 12-22 (11 frame),"12, 13, 14, 15, 16, 17, 18, 19, 20, 21, 22","1, 2, 3, 4, 5, 6, 7, 8, 9, 10, 11, 23, 24, 25, 26, 27, 28, 29, 30, 31, 32, 33, 34, 35, 36, 37, 38, 39, 40, 41, 42, 43, 44, 45, 46, 47, 48, 49, 50, 51, 52, 53, 54, 55, 56, 57, 58, 59, 60, 61, 62, 63, 64",0000000000011111111111000000000000000000000000000000000000000000,D:\Data-Aji\KULIAH\Tugas-Akhir\AttentiveSkel3D-WeightTraining-PoC\Release_V2_AttentiveSkel3D\data\tensors\BenchPress_101.npy,D:\Data-Aji\KULIAH\Tugas-Akhir\AttentiveSkel3D-WeightTraining-PoC\Release_V2_AttentiveSkel3D\data\v2_labels\BenchPress_101_labels.npy
BenchPress_102,sekunder_sekunder_benchpress_kaggle02_rep02.mp4,Benchpress,Sekunder,64,20,44,68.75,Dominan Salah (Gerakan Gagal / Half Rep),Frame 4-5 (2 frame); Frame 9-10 (2 frame); Frame 15-23 (9 frame); Frame 34-64 (31 frame),"4, 5, 9, 10, 15, 16, 17, 18, 19, 20, 21, 22, 23, 34, 35, 36, 37, 38, 39, 40, 41, 42, 43, 44, 45, 46, 47, 48, 49, 50, 51, 52, 53, 54, 55, 56, 57, 58, 59, 60, 61, 62, 63, 64","1, 2, 3, 6, 7, 8, 11, 12, 13, 14, 24, 25, 26, 27, 28, 29, 30, 31, 32, 33",0001100011000011111111100000000001111111111111111111111111111111,D:\Data-Aji\KULIAH\Tugas-Akhir\AttentiveSkel3D-WeightTraining-PoC\Release_V2_AttentiveSkel3D\data\tensors\BenchPress_102.npy,D:\Data-Aji\KULIAH\Tugas-Akhir\AttentiveSkel3D-WeightTraining-PoC\Release_V2_AttentiveSkel3D\data\v2_labels\BenchPress_102_labels.npy
BenchPress_103,sekunder_sekunder_benchpress_kaggle03_rep03.mp4,Benchpress,Sekunder,64,35,29,45.31,Campuran (Sebagian Fase Gerakan Salah),Frame 1-15 (15 frame); Frame 51-64 (14 frame),"1, 2, 3, 4, 5, 6, 7, 8, 9, 10, 11, 12, 13, 14, 15, 51, 52, 53, 54, 55, 56, 57, 58, 59, 60, 61, 62, 63, 64","16, 17, 18, 19, 20, 21, 22, 23, 24, 25, 26, 27, 28, 29, 30, 31, 32, 33, 34, 35, 36, 37, 38, 39, 40, 41, 42, 43, 44, 45, 46, 47, 48, 49, 50",1111111111111110000000000000000000000000000000000011111111111111,D:\Data-Aji\KULIAH\Tugas-Akhir\AttentiveSkel3D-WeightTraining-PoC\Release_V2_AttentiveSkel3D\data\tensors\BenchPress_103.npy,D:\Data-Aji\KULIAH\Tugas-Akhir\AttentiveSkel3D-WeightTraining-PoC\Release_V2_AttentiveSkel3D\data\v2_labels\BenchPress_103_labels.npy
BenchPress_104,sekunder_sekunder_benchpress_kaggle04_rep04.mp4,Benchpress,Sekunder,64,5,59,92.19,Dominan Salah (Gerakan Gagal / Half Rep),Frame 1-39 (39 frame); Frame 43; Frame 46-64 (19 frame),"1, 2, 3, 4, 5, 6, 7, 8, 9, 10, 11, 12, 13, 14, 15, 16, 17, 18, 19, 20, 21, 22, 23, 24, 25, 26, 27, 28, 29, 30, 31, 32, 33, 34, 35, 36, 37, 38, 39, 43, 46, 47, 48, 49, 50, 51, 52, 53, 54, 55, 56, 57, 58, 59, 60, 61, 62, 63, 64","40, 41, 42, 44, 45",1111111111111111111111111111111111111110001001111111111111111111,D:\Data-Aji\KULIAH\Tugas-Akhir\AttentiveSkel3D-WeightTraining-PoC\Release_V2_AttentiveSkel3D\data\tensors\BenchPress_104.npy,D:\Data-Aji\KULIAH\Tugas-Akhir\AttentiveSkel3D-WeightTraining-PoC\Release_V2_AttentiveSkel3D\data\v2_labels\BenchPress_104_labels.npy
BenchPress_105,sekunder_sekunder_benchpress_kaggle05_rep05.mp4,Benchpress,Sekunder,64,64,0,0.0,100% Sempurna (Tidak Ada Kesalahan),Tidak Ada Frame Salah (100% Sempurna),-,"1, 2, 3, 4, 5, 6, 7, 8, 9, 10, 11, 12, 13, 14, 15, 16, 17, 18, 19, 20, 21, 22, 23, 24, 25, 26, 27, 28, 29, 30, 31, 32, 33, 34, 35, 36, 37, 38, 39, 40, 41, 42, 43, 44, 45, 46, 47, 48, 49, 50, 51, 52, 53, 54, 55, 56, 57, 58, 59, 60, 61, 62, 63, 64",0000000000000000000000000000000000000000000000000000000000000000,D:\Data-Aji\KULIAH\Tugas-Akhir\AttentiveSkel3D-WeightTraining-PoC\Release_V2_AttentiveSkel3D\data\tensors\BenchPress_105.npy,D:\Data-Aji\KULIAH\Tugas-Akhir\AttentiveSkel3D-WeightTraining-PoC\Release_V2_AttentiveSkel3D\data\v2_labels\BenchPress_105_labels.npy
BenchPress_108,sekunder_sekunder_benchpress_kaggle08_rep08.mp4,Benchpress,Sekunder,64,0,64,100.0,Dominan Salah (Gerakan Gagal / Half Rep),Frame 1-64 (64 frame),"1, 2, 3, 4, 5, 6, 7, 8, 9, 10, 11, 12, 13, 14, 15, 16, 17, 18, 19, 20, 21, 22, 23, 24, 25, 26, 27, 28, 29, 30, 31, 32, 33, 34, 35, 36, 37, 38, 39, 40, 41, 42, 43, 44, 45, 46, 47, 48, 49, 50, 51, 52, 53, 54, 55, 56, 57, 58, 59, 60, 61, 62, 63, 64",-,1111111111111111111111111111111111111111111111111111111111111111,D:\Data-Aji\KULIAH\Tugas-Akhir\AttentiveSkel3D-WeightTraining-PoC\Release_V2_AttentiveSkel3D\data\tensors\BenchPress_108.npy,D:\Data-Aji\KULIAH\Tugas-Akhir\AttentiveSkel3D-WeightTraining-PoC\Release_V2_AttentiveSkel3D\data\v2_labels\BenchPress_108_labels.npy
BenchPress_109,sekunder_sekunder_benchpress_kaggle09_rep09.mp4,Benchpress,Sekunder,64,64,0,0.0,100% Sempurna (Tidak Ada Kesalahan),Tidak Ada Frame Salah (100% Sempurna),-,"1, 2, 3, 4, 5, 6, 7, 8, 9, 10, 11, 12, 13, 14, 15, 16, 17, 18, 19, 20, 21, 22, 23, 24, 25, 26, 27, 28, 29, 30, 31, 32, 33, 34, 35, 36, 37, 38, 39, 40, 41, 42, 43, 44, 45, 46, 47, 48, 49, 50, 51, 52, 53, 54, 55, 56, 57, 58, 59, 60, 61, 62, 63, 64",0000000000000000000000000000000000000000000000000000000000000000,D:\Data-Aji\KULIAH\Tugas-Akhir\AttentiveSkel3D-WeightTraining-PoC\Release_V2_AttentiveSkel3D\data\tensors\BenchPress_109.npy,D:\Data-Aji\KULIAH\Tugas-Akhir\AttentiveSkel3D-WeightTraining-PoC\Release_V2_AttentiveSkel3D\data\v2_labels\BenchPress_109_labels.npy
BenchPress_110,sekunder_sekunder_benchpress_kaggle100_rep100.mp4,Benchpress,Sekunder,64,0,64,100.0,Dominan Salah (Gerakan Gagal / Half Rep),Frame 1-64 (64 frame),"1, 2, 3, 4, 5, 6, 7, 8, 9, 10, 11, 12, 13, 14, 15, 16, 17, 18, 19, 20, 21, 22, 23, 24, 25, 26, 27, 28, 29, 30, 31, 32, 33, 34, 35, 36, 37, 38, 39, 40, 41, 42, 43, 44, 45, 46, 47, 48, 49, 50, 51, 52, 53, 54, 55, 56, 57, 58, 59, 60, 61, 62, 63, 64",-,1111111111111111111111111111111111111111111111111111111111111111,D:\Data-Aji\KULIAH\Tugas-Akhir\AttentiveSkel3D-WeightTraining-PoC\Release_V2_AttentiveSkel3D\data\tensors\BenchPress_110.npy,D:\Data-Aji\KULIAH\Tugas-Akhir\AttentiveSkel3D-WeightTraining-PoC\Release_V2_AttentiveSkel3D\data\v2_labels\BenchPress_110_labels.npy
BenchPress_111,sekunder_sekunder_benchpress_kaggle10_rep10.mp4,Benchpress,Sekunder,64,35,29,45.31,Campuran (Sebagian Fase Gerakan Salah),Frame 1-10 (10 frame); Frame 46-64 (19 frame),"1, 2, 3, 4, 5, 6, 7, 8, 9, 10, 46, 47, 48, 49, 50, 51, 52, 53, 54, 55, 56, 57, 58, 59, 60, 61, 62, 63, 64","11, 12, 13, 14, 15, 16, 17, 18, 19, 20, 21, 22, 23, 24, 25, 26, 27, 28, 29, 30, 31, 32, 33, 34, 35, 36, 37, 38, 39, 40, 41, 42, 43, 44, 45",1111111111000000000000000000000000000000000001111111111111111111,D:\Data-Aji\KULIAH\Tugas-Akhir\AttentiveSkel3D-WeightTraining-PoC\Release_V2_AttentiveSkel3D\data\tensors\BenchPress_111.npy,D:\Data-Aji\KULIAH\Tugas-Akhir\AttentiveSkel3D-WeightTraining-PoC\Release_V2_AttentiveSkel3D\data\v2_labels\BenchPress_111_labels.npy
BenchPress_112,sekunder_sekunder_benchpress_kaggle11_rep11.mp4,Benchpress,Sekunder,64,64,0,0.0,100% Sempurna (Tidak Ada Kesalahan),Tidak Ada Frame Salah (100% Sempurna),-,"1, 2, 3, 4, 5, 6, 7, 8, 9, 10, 11, 12, 13, 14, 15, 16, 17, 18, 19, 20, 21, 22, 23, 24, 25, 26, 27, 28, 29, 30, 31, 32, 33, 34, 35, 36, 37, 38, 39, 40, 41, 42, 43, 44, 45, 46, 47, 48, 49, 50, 51, 52, 53, 54, 55, 56, 57, 58, 59, 60, 61, 62, 63, 64",0000000000000000000000000000000000000000000000000000000000000000,D:\Data-Aji\KULIAH\Tugas-Akhir\AttentiveSkel3D-WeightTraining-PoC\Release_V2_AttentiveSkel3D\data\tensors\BenchPress_112.npy,D:\Data-Aji\KULIAH\Tugas-Akhir\AttentiveSkel3D-WeightTraining-PoC\Release_V2_AttentiveSkel3D\data\v2_labels\BenchPress_112_labels.npy
BenchPress_113,sekunder_sekunder_benchpress_kaggle12_rep12.mp4,Benchpress,Sekunder,64,44,20,31.25,Campuran (Sebagian Fase Gerakan Salah),Frame 1-19 (19 frame); Frame 61,"1, 2, 3, 4, 5, 6, 7, 8, 9, 10, 11, 12, 13, 14, 15, 16, 17, 18, 19, 61","20, 21, 22, 23, 24, 25, 26, 27, 28, 29, 30, 31, 32, 33, 34, 35, 36, 37, 38, 39, 40, 41, 42, 43, 44, 45, 46, 47, 48, 49, 50, 51, 52, 53, 54, 55, 56, 57, 58, 59, 60, 62, 63, 64",1111111111111111111000000000000000000000000000000000000000001000,D:\Data-Aji\KULIAH\Tugas-Akhir\AttentiveSkel3D-WeightTraining-PoC\Release_V2_AttentiveSkel3D\data\tensors\BenchPress_113.npy,D:\Data-Aji\KULIAH\Tugas-Akhir\AttentiveSkel3D-WeightTraining-PoC\Release_V2_AttentiveSkel3D\data\v2_labels\BenchPress_113_labels.npy
BenchPress_114,sekunder_sekunder_benchpress_kaggle13_rep13.mp4,Benchpress,Sekunder,64,56,8,12.5,Dominan Benar (Kesalahan Ringan/Fase Transisi),Frame 1-8 (8 frame),"1, 2, 3, 4, 5, 6, 7, 8","9, 10, 11, 12, 13, 14, 15, 16, 17, 18, 19, 20, 21, 22, 23, 24, 25, 26, 27, 28, 29, 30, 31, 32, 33, 34, 35, 36, 37, 38, 39, 40, 41, 42, 43, 44, 45, 46, 47, 48, 49, 50, 51, 52, 53, 54, 55, 56, 57, 58, 59, 60, 61, 62, 63, 64",1111111100000000000000000000000000000000000000000000000000000000,D:\Data-Aji\KULIAH\Tugas-Akhir\AttentiveSkel3D-WeightTraining-PoC\Release_V2_AttentiveSkel3D\data\tensors\BenchPress_114.npy,D:\Data-Aji\KULIAH\Tugas-Akhir\AttentiveSkel3D-WeightTraining-PoC\Release_V2_AttentiveSkel3D\data\v2_labels\BenchPress_114_labels.npy
BenchPress_115,sekunder_sekunder_benchpress_kaggle14_rep14.mp4,Benchpress,Sekunder,64,16,48,75.0,Dominan Salah (Gerakan Gagal / Half Rep),Frame 3-35 (33 frame); Frame 39; Frame 44; Frame 52-64 (13 frame),"3, 4, 5, 6, 7, 8, 9, 10, 11, 12, 13, 14, 15, 16, 17, 18, 19, 20, 21, 22, 23, 24, 25, 26, 27, 28, 29, 30, 31, 32, 33, 34, 35, 39, 44, 52, 53, 54, 55, 56, 57, 58, 59, 60, 61, 62, 63, 64","1, 2, 36, 37, 38, 40, 41, 42, 43, 45, 46, 47, 48, 49, 50, 51",0011111111111111111111111111111111100010000100000001111111111111,D:\Data-Aji\KULIAH\Tugas-Akhir\AttentiveSkel3D-WeightTraining-PoC\Release_V2_AttentiveSkel3D\data\tensors\BenchPress_115.npy,D:\Data-Aji\KULIAH\Tugas-Akhir\AttentiveSkel3D-WeightTraining-PoC\Release_V2_AttentiveSkel3D\data\v2_labels\BenchPress_115_labels.npy
BenchPress_116,sekunder_sekunder_benchpress_kaggle15_rep15.mp4,Benchpress,Sekunder,64,0,64,100.0,Dominan Salah (Gerakan Gagal / Half Rep),Frame 1-64 (64 frame),"1, 2, 3, 4, 5, 6, 7, 8, 9, 10, 11, 12, 13, 14, 15, 16, 17, 18, 19, 20, 21, 22, 23, 24, 25, 26, 27, 28, 29, 30, 31, 32, 33, 34, 35, 36, 37, 38, 39, 40, 41, 42, 43, 44, 45, 46, 47, 48, 49, 50, 51, 52, 53, 54, 55, 56, 57, 58, 59, 60, 61, 62, 63, 64",-,1111111111111111111111111111111111111111111111111111111111111111,D:\Data-Aji\KULIAH\Tugas-Akhir\AttentiveSkel3D-WeightTraining-PoC\Release_V2_AttentiveSkel3D\data\tensors\BenchPress_116.npy,D:\Data-Aji\KULIAH\Tugas-Akhir\AttentiveSkel3D-WeightTraining-PoC\Release_V2_AttentiveSkel3D\data\v2_labels\BenchPress_116_labels.npy
BenchPress_117,sekunder_sekunder_benchpress_kaggle16_rep16.mp4,Benchpress,Sekunder,64,34,30,46.88,Campuran (Sebagian Fase Gerakan Salah),Frame 10-11 (2 frame); Frame 37-64 (28 frame),"10, 11, 37, 38, 39, 40, 41, 42, 43, 44, 45, 46, 47, 48, 49, 50, 51, 52, 53, 54, 55, 56, 57, 58, 59, 60, 61, 62, 63, 64","1, 2, 3, 4, 5, 6, 7, 8, 9, 12, 13, 14, 15, 16, 17, 18, 19, 20, 21, 22, 23, 24, 25, 26, 27, 28, 29, 30, 31, 32, 33, 34, 35, 36",0000000001100000000000000000000000001111111111111111111111111111,D:\Data-Aji\KULIAH\Tugas-Akhir\AttentiveSkel3D-WeightTraining-PoC\Release_V2_AttentiveSkel3D\data\tensors\BenchPress_117.npy,D:\Data-Aji\KULIAH\Tugas-Akhir\AttentiveSkel3D-WeightTraining-PoC\Release_V2_AttentiveSkel3D\data\v2_labels\BenchPress_117_labels.npy
BenchPress_118,sekunder_sekunder_benchpress_kaggle17_rep17.mp4,Benchpress,Sekunder,64,43,21,32.81,Campuran (Sebagian Fase Gerakan Salah),Frame 44-64 (21 frame),"44, 45, 46, 47, 48, 49, 50, 51, 52, 53, 54, 55, 56, 57, 58, 59, 60, 61, 62, 63, 64","1, 2, 3, 4, 5, 6, 7, 8, 9, 10, 11, 12, 13, 14, 15, 16, 17, 18, 19, 20, 21, 22, 23, 24, 25, 26, 27, 28, 29, 30, 31, 32, 33, 34, 35, 36, 37, 38, 39, 40, 41, 42, 43",0000000000000000000000000000000000000000000111111111111111111111,D:\Data-Aji\KULIAH\Tugas-Akhir\AttentiveSkel3D-WeightTraining-PoC\Release_V2_AttentiveSkel3D\data\tensors\BenchPress_118.npy,D:\Data-Aji\KULIAH\Tugas-Akhir\AttentiveSkel3D-WeightTraining-PoC\Release_V2_AttentiveSkel3D\data\v2_labels\BenchPress_118_labels.npy
BenchPress_120,sekunder_sekunder_benchpress_kaggle19_rep19.mp4,Benchpress,Sekunder,64,47,17,26.56,Campuran (Sebagian Fase Gerakan Salah),Frame 6-19 (14 frame); Frame 22-24 (3 frame),"6, 7, 8, 9, 10, 11, 12, 13, 14, 15, 16, 17, 18, 19, 22, 23, 24","1, 2, 3, 4, 5, 20, 21, 25, 26, 27, 28, 29, 30, 31, 32, 33, 34, 35, 36, 37, 38, 39, 40, 41, 42, 43, 44, 45, 46, 47, 48, 49, 50, 51, 52, 53, 54, 55, 56, 57, 58, 59, 60, 61, 62, 63, 64",0000011111111111111001110000000000000000000000000000000000000000,D:\Data-Aji\KULIAH\Tugas-Akhir\AttentiveSkel3D-WeightTraining-PoC\Release_V2_AttentiveSkel3D\data\tensors\BenchPress_120.npy,D:\Data-Aji\KULIAH\Tugas-Akhir\AttentiveSkel3D-WeightTraining-PoC\Release_V2_AttentiveSkel3D\data\v2_labels\BenchPress_120_labels.npy
BenchPress_121,sekunder_sekunder_benchpress_kaggle20_rep20.mp4,Benchpress,Sekunder,64,6,58,90.62,Dominan Salah (Gerakan Gagal / Half Rep),Frame 3-42 (40 frame); Frame 45-57 (13 frame); Frame 59-63 (5 frame),"3, 4, 5, 6, 7, 8, 9, 10, 11, 12, 13, 14, 15, 16, 17, 18, 19, 20, 21, 22, 23, 24, 25, 26, 27, 28, 29, 30, 31, 32, 33, 34, 35, 36, 37, 38, 39, 40, 41, 42, 45, 46, 47, 48, 49, 50, 51, 52, 53, 54, 55, 56, 57, 59, 60, 61, 62, 63","1, 2, 43, 44, 58, 64",0011111111111111111111111111111111111111110011111111111110111110,D:\Data-Aji\KULIAH\Tugas-Akhir\AttentiveSkel3D-WeightTraining-PoC\Release_V2_AttentiveSkel3D\data\tensors\BenchPress_121.npy,D:\Data-Aji\KULIAH\Tugas-Akhir\AttentiveSkel3D-WeightTraining-PoC\Release_V2_AttentiveSkel3D\data\v2_labels\BenchPress_121_labels.npy
BenchPress_122,sekunder_sekunder_benchpress_kaggle21_rep21.mp4,Benchpress,Sekunder,64,32,32,50.0,Campuran (Sebagian Fase Gerakan Salah),Frame 1-5 (5 frame); Frame 10-16 (7 frame); Frame 30-37 (8 frame); Frame 43; Frame 47-57 (11 frame),"1, 2, 3, 4, 5, 10, 11, 12, 13, 14, 15, 16, 30, 31, 32, 33, 34, 35, 36, 37, 43, 47, 48, 49, 50, 51, 52, 53, 54, 55, 56, 57","6, 7, 8, 9, 17, 18, 19, 20, 21, 22, 23, 24, 25, 26, 27, 28, 29, 38, 39, 40, 41, 42, 44, 45, 46, 58, 59, 60, 61, 62, 63, 64",1111100001111111000000000000011111111000001000111111111110000000,D:\Data-Aji\KULIAH\Tugas-Akhir\AttentiveSkel3D-WeightTraining-PoC\Release_V2_AttentiveSkel3D\data\tensors\BenchPress_122.npy,D:\Data-Aji\KULIAH\Tugas-Akhir\AttentiveSkel3D-WeightTraining-PoC\Release_V2_AttentiveSkel3D\data\v2_labels\BenchPress_122_labels.npy
BenchPress_123,sekunder_sekunder_benchpress_kaggle22_rep22.mp4,Benchpress,Sekunder,64,21,43,67.19,Dominan Salah (Gerakan Gagal / Half Rep),Frame 1-18 (18 frame); Frame 27; Frame 35-37 (3 frame); Frame 39; Frame 41; Frame 43-56 (14 frame); Frame 60-64 (5 frame),"1, 2, 3, 4, 5, 6, 7, 8, 9, 10, 11, 12, 13, 14, 15, 16, 17, 18, 27, 35, 36, 37, 39, 41, 43, 44, 45, 46, 47, 48, 49, 50, 51, 52, 53, 54, 55, 56, 60, 61, 62, 63, 64","19, 20, 21, 22, 23, 24, 25, 26, 28, 29, 30, 31, 32, 33, 34, 38, 40, 42, 57, 58, 59",1111111111111111110000000010000000111010101111111111111100011111,D:\Data-Aji\KULIAH\Tugas-Akhir\AttentiveSkel3D-WeightTraining-PoC\Release_V2_AttentiveSkel3D\data\tensors\BenchPress_123.npy,D:\Data-Aji\KULIAH\Tugas-Akhir\AttentiveSkel3D-WeightTraining-PoC\Release_V2_AttentiveSkel3D\data\v2_labels\BenchPress_123_labels.npy
BenchPress_124,sekunder_sekunder_benchpress_kaggle23_rep23.mp4,Benchpress,Sekunder,64,53,11,17.19,Dominan Benar (Kesalahan Ringan/Fase Transisi),Frame 54-64 (11 frame),"54, 55, 56, 57, 58, 59, 60, 61, 62, 63, 64","1, 2, 3, 4, 5, 6, 7, 8, 9, 10, 11, 12, 13, 14, 15, 16, 17, 18, 19, 20, 21, 22, 23, 24, 25, 26, 27, 28, 29, 30, 31, 32, 33, 34, 35, 36, 37, 38, 39, 40, 41, 42, 43, 44, 45, 46, 47, 48, 49, 50, 51, 52, 53",0000000000000000000000000000000000000000000000000000011111111111,D:\Data-Aji\KULIAH\Tugas-Akhir\AttentiveSkel3D-WeightTraining-PoC\Release_V2_AttentiveSkel3D\data\tensors\BenchPress_124.npy,D:\Data-Aji\KULIAH\Tugas-Akhir\AttentiveSkel3D-WeightTraining-PoC\Release_V2_AttentiveSkel3D\data\v2_labels\BenchPress_124_labels.npy
BenchPress_125,sekunder_sekunder_benchpress_kaggle24_rep24.mp4,Benchpress,Sekunder,64,2,62,96.88,Dominan Salah (Gerakan Gagal / Half Rep),Frame 1-41 (41 frame); Frame 44-64 (21 frame),"1, 2, 3, 4, 5, 6, 7, 8, 9, 10, 11, 12, 13, 14, 15, 16, 17, 18, 19, 20, 21, 22, 23, 24, 25, 26, 27, 28, 29, 30, 31, 32, 33, 34, 35, 36, 37, 38, 39, 40, 41, 44, 45, 46, 47, 48, 49, 50, 51, 52, 53, 54, 55, 56, 57, 58, 59, 60, 61, 62, 63, 64","42, 43",1111111111111111111111111111111111111111100111111111111111111111,D:\Data-Aji\KULIAH\Tugas-Akhir\AttentiveSkel3D-WeightTraining-PoC\Release_V2_AttentiveSkel3D\data\tensors\BenchPress_125.npy,D:\Data-Aji\KULIAH\Tugas-Akhir\AttentiveSkel3D-WeightTraining-PoC\Release_V2_AttentiveSkel3D\data\v2_labels\BenchPress_125_labels.npy
BenchPress_127,sekunder_sekunder_benchpress_kaggle26_rep26.mp4,Benchpress,Sekunder,64,57,7,10.94,Dominan Benar (Kesalahan Ringan/Fase Transisi),Frame 1-3 (3 frame); Frame 61-64 (4 frame),"1, 2, 3, 61, 62, 63, 64","4, 5, 6, 7, 8, 9, 10, 11, 12, 13, 14, 15, 16, 17, 18, 19, 20, 21, 22, 23, 24, 25, 26, 27, 28, 29, 30, 31, 32, 33, 34, 35, 36, 37, 38, 39, 40, 41, 42, 43, 44, 45, 46, 47, 48, 49, 50, 51, 52, 53, 54, 55, 56, 57, 58, 59, 60",1110000000000000000000000000000000000000000000000000000000001111,D:\Data-Aji\KULIAH\Tugas-Akhir\AttentiveSkel3D-WeightTraining-PoC\Release_V2_AttentiveSkel3D\data\tensors\BenchPress_127.npy,D:\Data-Aji\KULIAH\Tugas-Akhir\AttentiveSkel3D-WeightTraining-PoC\Release_V2_AttentiveSkel3D\data\v2_labels\BenchPress_127_labels.npy
BenchPress_128,sekunder_sekunder_benchpress_kaggle27_rep27.mp4,Benchpress,Sekunder,64,0,64,100.0,Dominan Salah (Gerakan Gagal / Half Rep),Frame 1-64 (64 frame),"1, 2, 3, 4, 5, 6, 7, 8, 9, 10, 11, 12, 13, 14, 15, 16, 17, 18, 19, 20, 21, 22, 23, 24, 25, 26, 27, 28, 29, 30, 31, 32, 33, 34, 35, 36, 37, 38, 39, 40, 41, 42, 43, 44, 45, 46, 47, 48, 49, 50, 51, 52, 53, 54, 55, 56, 57, 58, 59, 60, 61, 62, 63, 64",-,1111111111111111111111111111111111111111111111111111111111111111,D:\Data-Aji\KULIAH\Tugas-Akhir\AttentiveSkel3D-WeightTraining-PoC\Release_V2_AttentiveSkel3D\data\tensors\BenchPress_128.npy,D:\Data-Aji\KULIAH\Tugas-Akhir\AttentiveSkel3D-WeightTraining-PoC\Release_V2_AttentiveSkel3D\data\v2_labels\BenchPress_128_labels.npy
BenchPress_129,sekunder_sekunder_benchpress_kaggle28_rep28.mp4,Benchpress,Sekunder,64,22,42,65.62,Dominan Salah (Gerakan Gagal / Half Rep),Frame 1-6 (6 frame); Frame 8-10 (3 frame); Frame 23-25 (3 frame); Frame 27-29 (3 frame); Frame 38-64 (27 frame),"1, 2, 3, 4, 5, 6, 8, 9, 10, 23, 24, 25, 27, 28, 29, 38, 39, 40, 41, 42, 43, 44, 45, 46, 47, 48, 49, 50, 51, 52, 53, 54, 55, 56, 57, 58, 59, 60, 61, 62, 63, 64","7, 11, 12, 13, 14, 15, 16, 17, 18, 19, 20, 21, 22, 26, 30, 31, 32, 33, 34, 35, 36, 37",1111110111000000000000111011100000000111111111111111111111111111,D:\Data-Aji\KULIAH\Tugas-Akhir\AttentiveSkel3D-WeightTraining-PoC\Release_V2_AttentiveSkel3D\data\tensors\BenchPress_129.npy,D:\Data-Aji\KULIAH\Tugas-Akhir\AttentiveSkel3D-WeightTraining-PoC\Release_V2_AttentiveSkel3D\data\v2_labels\BenchPress_129_labels.npy
BenchPress_130,sekunder_sekunder_benchpress_kaggle29_rep29.mp4,Benchpress,Sekunder,64,12,52,81.25,Dominan Salah (Gerakan Gagal / Half Rep),Frame 4-25 (22 frame); Frame 30-33 (4 frame); Frame 37-41 (5 frame); Frame 44-64 (21 frame),"4, 5, 6, 7, 8, 9, 10, 11, 12, 13, 14, 15, 16, 17, 18, 19, 20, 21, 22, 23, 24, 25, 30, 31, 32, 33, 37, 38, 39, 40, 41, 44, 45, 46, 47, 48, 49, 50, 51, 52, 53, 54, 55, 56, 57, 58, 59, 60, 61, 62, 63, 64","1, 2, 3, 26, 27, 28, 29, 34, 35, 36, 42, 43",0001111111111111111111111000011110001111100111111111111111111111,D:\Data-Aji\KULIAH\Tugas-Akhir\AttentiveSkel3D-WeightTraining-PoC\Release_V2_AttentiveSkel3D\data\tensors\BenchPress_130.npy,D:\Data-Aji\KULIAH\Tugas-Akhir\AttentiveSkel3D-WeightTraining-PoC\Release_V2_AttentiveSkel3D\data\v2_labels\BenchPress_130_labels.npy
BenchPress_131,sekunder_sekunder_benchpress_kaggle30_rep30.mp4,Benchpress,Sekunder,64,53,11,17.19,Dominan Benar (Kesalahan Ringan/Fase Transisi),Frame 1-6 (6 frame); Frame 60-64 (5 frame),"1, 2, 3, 4, 5, 6, 60, 61, 62, 63, 64","7, 8, 9, 10, 11, 12, 13, 14, 15, 16, 17, 18, 19, 20, 21, 22, 23, 24, 25, 26, 27, 28, 29, 30, 31, 32, 33, 34, 35, 36, 37, 38, 39, 40, 41, 42, 43, 44, 45, 46, 47, 48, 49, 50, 51, 52, 53, 54, 55, 56, 57, 58, 59",1111110000000000000000000000000000000000000000000000000000011111,D:\Data-Aji\KULIAH\Tugas-Akhir\AttentiveSkel3D-WeightTraining-PoC\Release_V2_AttentiveSkel3D\data\tensors\BenchPress_131.npy,D:\Data-Aji\KULIAH\Tugas-Akhir\AttentiveSkel3D-WeightTraining-PoC\Release_V2_AttentiveSkel3D\data\v2_labels\BenchPress_131_labels.npy
BenchPress_132,sekunder_sekunder_benchpress_kaggle31_rep31.mp4,Benchpress,Sekunder,64,64,0,0.0,100% Sempurna (Tidak Ada Kesalahan),Tidak Ada Frame Salah (100% Sempurna),-,"1, 2, 3, 4, 5, 6, 7, 8, 9, 10, 11, 12, 13, 14, 15, 16, 17, 18, 19, 20, 21, 22, 23, 24, 25, 26, 27, 28, 29, 30, 31, 32, 33, 34, 35, 36, 37, 38, 39, 40, 41, 42, 43, 44, 45, 46, 47, 48, 49, 50, 51, 52, 53, 54, 55, 56, 57, 58, 59, 60, 61, 62, 63, 64",0000000000000000000000000000000000000000000000000000000000000000,D:\Data-Aji\KULIAH\Tugas-Akhir\AttentiveSkel3D-WeightTraining-PoC\Release_V2_AttentiveSkel3D\data\tensors\BenchPress_132.npy,D:\Data-Aji\KULIAH\Tugas-Akhir\AttentiveSkel3D-WeightTraining-PoC\Release_V2_AttentiveSkel3D\data\v2_labels\BenchPress_132_labels.npy
BenchPress_133,sekunder_sekunder_benchpress_kaggle32_rep32.mp4,Benchpress,Sekunder,64,39,25,39.06,Campuran (Sebagian Fase Gerakan Salah),Frame 17-29 (13 frame); Frame 42; Frame 46-56 (11 frame),"17, 18, 19, 20, 21, 22, 23, 24, 25, 26, 27, 28, 29, 42, 46, 47, 48, 49, 50, 51, 52, 53, 54, 55, 56","1, 2, 3, 4, 5, 6, 7, 8, 9, 10, 11, 12, 13, 14, 15, 16, 30, 31, 32, 33, 34, 35, 36, 37, 38, 39, 40, 41, 43, 44, 45, 57, 58, 59, 60, 61, 62, 63, 64",0000000000000000111111111111100000000000010001111111111100000000,D:\Data-Aji\KULIAH\Tugas-Akhir\AttentiveSkel3D-WeightTraining-PoC\Release_V2_AttentiveSkel3D\data\tensors\BenchPress_133.npy,D:\Data-Aji\KULIAH\Tugas-Akhir\AttentiveSkel3D-WeightTraining-PoC\Release_V2_AttentiveSkel3D\data\v2_labels\BenchPress_133_labels.npy
BenchPress_134,sekunder_sekunder_benchpress_kaggle33_rep33.mp4,Benchpress,Sekunder,64,47,17,26.56,Campuran (Sebagian Fase Gerakan Salah),Frame 9-11 (3 frame); Frame 30; Frame 33-40 (8 frame); Frame 42-43 (2 frame); Frame 62-64 (3 frame),"9, 10, 11, 30, 33, 34, 35, 36, 37, 38, 39, 40, 42, 43, 62, 63, 64","1, 2, 3, 4, 5, 6, 7, 8, 12, 13, 14, 15, 16, 17, 18, 19, 20, 21, 22, 23, 24, 25, 26, 27, 28, 29, 31, 32, 41, 44, 45, 46, 47, 48, 49, 50, 51, 52, 53, 54, 55, 56, 57, 58, 59, 60, 61",0000000011100000000000000000010011111111011000000000000000000111,D:\Data-Aji\KULIAH\Tugas-Akhir\AttentiveSkel3D-WeightTraining-PoC\Release_V2_AttentiveSkel3D\data\tensors\BenchPress_134.npy,D:\Data-Aji\KULIAH\Tugas-Akhir\AttentiveSkel3D-WeightTraining-PoC\Release_V2_AttentiveSkel3D\data\v2_labels\BenchPress_134_labels.npy
BenchPress_135,sekunder_sekunder_benchpress_kaggle34_rep34.mp4,Benchpress,Sekunder,64,20,44,68.75,Dominan Salah (Gerakan Gagal / Half Rep),Frame 12-13 (2 frame); Frame 17-45 (29 frame); Frame 49; Frame 52; Frame 54-64 (11 frame),"12, 13, 17, 18, 19, 20, 21, 22, 23, 24, 25, 26, 27, 28, 29, 30, 31, 32, 33, 34, 35, 36, 37, 38, 39, 40, 41, 42, 43, 44, 45, 49, 52, 54, 55, 56, 57, 58, 59, 60, 61, 62, 63, 64","1, 2, 3, 4, 5, 6, 7, 8, 9, 10, 11, 14, 15, 16, 46, 47, 48, 50, 51, 53",0000000000011000111111111111111111111111111110001001011111111111,D:\Data-Aji\KULIAH\Tugas-Akhir\AttentiveSkel3D-WeightTraining-PoC\Release_V2_AttentiveSkel3D\data\tensors\BenchPress_135.npy,D:\Data-Aji\KULIAH\Tugas-Akhir\AttentiveSkel3D-WeightTraining-PoC\Release_V2_AttentiveSkel3D\data\v2_labels\BenchPress_135_labels.npy
BenchPress_137,sekunder_sekunder_benchpress_kaggle36_rep36.mp4,Benchpress,Sekunder,64,64,0,0.0,100% Sempurna (Tidak Ada Kesalahan),Tidak Ada Frame Salah (100% Sempurna),-,"1, 2, 3, 4, 5, 6, 7, 8, 9, 10, 11, 12, 13, 14, 15, 16, 17, 18, 19, 20, 21, 22, 23, 24, 25, 26, 27, 28, 29, 30, 31, 32, 33, 34, 35, 36, 37, 38, 39, 40, 41, 42, 43, 44, 45, 46, 47, 48, 49, 50, 51, 52, 53, 54, 55, 56, 57, 58, 59, 60, 61, 62, 63, 64",0000000000000000000000000000000000000000000000000000000000000000,D:\Data-Aji\KULIAH\Tugas-Akhir\AttentiveSkel3D-WeightTraining-PoC\Release_V2_AttentiveSkel3D\data\tensors\BenchPress_137.npy,D:\Data-Aji\KULIAH\Tugas-Akhir\AttentiveSkel3D-WeightTraining-PoC\Release_V2_AttentiveSkel3D\data\v2_labels\BenchPress_137_labels.npy
BenchPress_138,sekunder_sekunder_benchpress_kaggle37_rep37.mp4,Benchpress,Sekunder,64,29,35,54.69,Campuran (Sebagian Fase Gerakan Salah),Frame 1-35 (35 frame),"1, 2, 3, 4, 5, 6, 7, 8, 9, 10, 11, 12, 13, 14, 15, 16, 17, 18, 19, 20, 21, 22, 23, 24, 25, 26, 27, 28, 29, 30, 31, 32, 33, 34, 35","36, 37, 38, 39, 40, 41, 42, 43, 44, 45, 46, 47, 48, 49, 50, 51, 52, 53, 54, 55, 56, 57, 58, 59, 60, 61, 62, 63, 64",1111111111111111111111111111111111100000000000000000000000000000,D:\Data-Aji\KULIAH\Tugas-Akhir\AttentiveSkel3D-WeightTraining-PoC\Release_V2_AttentiveSkel3D\data\tensors\BenchPress_138.npy,D:\Data-Aji\KULIAH\Tugas-Akhir\AttentiveSkel3D-WeightTraining-PoC\Release_V2_AttentiveSkel3D\data\v2_labels\BenchPress_138_labels.npy
BenchPress_139,sekunder_sekunder_benchpress_kaggle38_rep38.mp4,Benchpress,Sekunder,64,50,14,21.88,Dominan Benar (Kesalahan Ringan/Fase Transisi),Frame 2-3 (2 frame); Frame 51; Frame 54-64 (11 frame),"2, 3, 51, 54, 55, 56, 57, 58, 59, 60, 61, 62, 63, 64","1, 4, 5, 6, 7, 8, 9, 10, 11, 12, 13, 14, 15, 16, 17, 18, 19, 20, 21, 22, 23, 24, 25, 26, 27, 28, 29, 30, 31, 32, 33, 34, 35, 36, 37, 38, 39, 40, 41, 42, 43, 44, 45, 46, 47, 48, 49, 50, 52, 53",0110000000000000000000000000000000000000000000000010011111111111,D:\Data-Aji\KULIAH\Tugas-Akhir\AttentiveSkel3D-WeightTraining-PoC\Release_V2_AttentiveSkel3D\data\tensors\BenchPress_139.npy,D:\Data-Aji\KULIAH\Tugas-Akhir\AttentiveSkel3D-WeightTraining-PoC\Release_V2_AttentiveSkel3D\data\v2_labels\BenchPress_139_labels.npy
BenchPress_140,sekunder_sekunder_benchpress_kaggle39_rep39.mp4,Benchpress,Sekunder,64,30,34,53.12,Campuran (Sebagian Fase Gerakan Salah),Frame 3-4 (2 frame); Frame 19-29 (11 frame); Frame 32; Frame 38-39 (2 frame); Frame 46; Frame 48-64 (17 frame),"3, 4, 19, 20, 21, 22, 23, 24, 25, 26, 27, 28, 29, 32, 38, 39, 46, 48, 49, 50, 51, 52, 53, 54, 55, 56, 57, 58, 59, 60, 61, 62, 63, 64","1, 2, 5, 6, 7, 8, 9, 10, 11, 12, 13, 14, 15, 16, 17, 18, 30, 31, 33, 34, 35, 36, 37, 40, 41, 42, 43, 44, 45, 47",0011000000000000001111111111100100000110000001011111111111111111,D:\Data-Aji\KULIAH\Tugas-Akhir\AttentiveSkel3D-WeightTraining-PoC\Release_V2_AttentiveSkel3D\data\tensors\BenchPress_140.npy,D:\Data-Aji\KULIAH\Tugas-Akhir\AttentiveSkel3D-WeightTraining-PoC\Release_V2_AttentiveSkel3D\data\v2_labels\BenchPress_140_labels.npy
BenchPress_141,sekunder_sekunder_benchpress_kaggle40_rep40.mp4,Benchpress,Sekunder,64,0,64,100.0,Dominan Salah (Gerakan Gagal / Half Rep),Frame 1-64 (64 frame),"1, 2, 3, 4, 5, 6, 7, 8, 9, 10, 11, 12, 13, 14, 15, 16, 17, 18, 19, 20, 21, 22, 23, 24, 25, 26, 27, 28, 29, 30, 31, 32, 33, 34, 35, 36, 37, 38, 39, 40, 41, 42, 43, 44, 45, 46, 47, 48, 49, 50, 51, 52, 53, 54, 55, 56, 57, 58, 59, 60, 61, 62, 63, 64",-,1111111111111111111111111111111111111111111111111111111111111111,D:\Data-Aji\KULIAH\Tugas-Akhir\AttentiveSkel3D-WeightTraining-PoC\Release_V2_AttentiveSkel3D\data\tensors\BenchPress_141.npy,D:\Data-Aji\KULIAH\Tugas-Akhir\AttentiveSkel3D-WeightTraining-PoC\Release_V2_AttentiveSkel3D\data\v2_labels\BenchPress_141_labels.npy
BenchPress_143,sekunder_sekunder_benchpress_kaggle42_rep42.mp4,Benchpress,Sekunder,64,1,63,98.44,Dominan Salah (Gerakan Gagal / Half Rep),Frame 1-16 (16 frame); Frame 18-64 (47 frame),"1, 2, 3, 4, 5, 6, 7, 8, 9, 10, 11, 12, 13, 14, 15, 16, 18, 19, 20, 21, 22, 23, 24, 25, 26, 27, 28, 29, 30, 31, 32, 33, 34, 35, 36, 37, 38, 39, 40, 41, 42, 43, 44, 45, 46, 47, 48, 49, 50, 51, 52, 53, 54, 55, 56, 57, 58, 59, 60, 61, 62, 63, 64",17,1111111111111111011111111111111111111111111111111111111111111111,D:\Data-Aji\KULIAH\Tugas-Akhir\AttentiveSkel3D-WeightTraining-PoC\Release_V2_AttentiveSkel3D\data\tensors\BenchPress_143.npy,D:\Data-Aji\KULIAH\Tugas-Akhir\AttentiveSkel3D-WeightTraining-PoC\Release_V2_AttentiveSkel3D\data\v2_labels\BenchPress_143_labels.npy
BenchPress_144,sekunder_sekunder_benchpress_kaggle43_rep43.mp4,Benchpress,Sekunder,64,0,64,100.0,Dominan Salah (Gerakan Gagal / Half Rep),Frame 1-64 (64 frame),"1, 2, 3, 4, 5, 6, 7, 8, 9, 10, 11, 12, 13, 14, 15, 16, 17, 18, 19, 20, 21, 22, 23, 24, 25, 26, 27, 28, 29, 30, 31, 32, 33, 34, 35, 36, 37, 38, 39, 40, 41, 42, 43, 44, 45, 46, 47, 48, 49, 50, 51, 52, 53, 54, 55, 56, 57, 58, 59, 60, 61, 62, 63, 64",-,1111111111111111111111111111111111111111111111111111111111111111,D:\Data-Aji\KULIAH\Tugas-Akhir\AttentiveSkel3D-WeightTraining-PoC\Release_V2_AttentiveSkel3D\data\tensors\BenchPress_144.npy,D:\Data-Aji\KULIAH\Tugas-Akhir\AttentiveSkel3D-WeightTraining-PoC\Release_V2_AttentiveSkel3D\data\v2_labels\BenchPress_144_labels.npy
BenchPress_145,sekunder_sekunder_benchpress_kaggle44_rep44.mp4,Benchpress,Sekunder,64,12,52,81.25,Dominan Salah (Gerakan Gagal / Half Rep),Frame 4-25 (22 frame); Frame 30-33 (4 frame); Frame 37-41 (5 frame); Frame 44-64 (21 frame),"4, 5, 6, 7, 8, 9, 10, 11, 12, 13, 14, 15, 16, 17, 18, 19, 20, 21, 22, 23, 24, 25, 30, 31, 32, 33, 37, 38, 39, 40, 41, 44, 45, 46, 47, 48, 49, 50, 51, 52, 53, 54, 55, 56, 57, 58, 59, 60, 61, 62, 63, 64","1, 2, 3, 26, 27, 28, 29, 34, 35, 36, 42, 43",0001111111111111111111111000011110001111100111111111111111111111,D:\Data-Aji\KULIAH\Tugas-Akhir\AttentiveSkel3D-WeightTraining-PoC\Release_V2_AttentiveSkel3D\data\tensors\BenchPress_145.npy,D:\Data-Aji\KULIAH\Tugas-Akhir\AttentiveSkel3D-WeightTraining-PoC\Release_V2_AttentiveSkel3D\data\v2_labels\BenchPress_145_labels.npy
BenchPress_146,sekunder_sekunder_benchpress_kaggle45_rep45.mp4,Benchpress,Sekunder,64,64,0,0.0,100% Sempurna (Tidak Ada Kesalahan),Tidak Ada Frame Salah (100% Sempurna),-,"1, 2, 3, 4, 5, 6, 7, 8, 9, 10, 11, 12, 13, 14, 15, 16, 17, 18, 19, 20, 21, 22, 23, 24, 25, 26, 27, 28, 29, 30, 31, 32, 33, 34, 35, 36, 37, 38, 39, 40, 41, 42, 43, 44, 45, 46, 47, 48, 49, 50, 51, 52, 53, 54, 55, 56, 57, 58, 59, 60, 61, 62, 63, 64",0000000000000000000000000000000000000000000000000000000000000000,D:\Data-Aji\KULIAH\Tugas-Akhir\AttentiveSkel3D-WeightTraining-PoC\Release_V2_AttentiveSkel3D\data\tensors\BenchPress_146.npy,D:\Data-Aji\KULIAH\Tugas-Akhir\AttentiveSkel3D-WeightTraining-PoC\Release_V2_AttentiveSkel3D\data\v2_labels\BenchPress_146_labels.npy
BenchPress_147,sekunder_sekunder_benchpress_kaggle46_rep46.mp4,Benchpress,Sekunder,64,64,0,0.0,100% Sempurna (Tidak Ada Kesalahan),Tidak Ada Frame Salah (100% Sempurna),-,"1, 2, 3, 4, 5, 6, 7, 8, 9, 10, 11, 12, 13, 14, 15, 16, 17, 18, 19, 20, 21, 22, 23, 24, 25, 26, 27, 28, 29, 30, 31, 32, 33, 34, 35, 36, 37, 38, 39, 40, 41, 42, 43, 44, 45, 46, 47, 48, 49, 50, 51, 52, 53, 54, 55, 56, 57, 58, 59, 60, 61, 62, 63, 64",0000000000000000000000000000000000000000000000000000000000000000,D:\Data-Aji\KULIAH\Tugas-Akhir\AttentiveSkel3D-WeightTraining-PoC\Release_V2_AttentiveSkel3D\data\tensors\BenchPress_147.npy,D:\Data-Aji\KULIAH\Tugas-Akhir\AttentiveSkel3D-WeightTraining-PoC\Release_V2_AttentiveSkel3D\data\v2_labels\BenchPress_147_labels.npy
BenchPress_149,sekunder_sekunder_benchpress_kaggle48_rep48.mp4,Benchpress,Sekunder,64,0,64,100.0,Dominan Salah (Gerakan Gagal / Half Rep),Frame 1-64 (64 frame),"1, 2, 3, 4, 5, 6, 7, 8, 9, 10, 11, 12, 13, 14, 15, 16, 17, 18, 19, 20, 21, 22, 23, 24, 25, 26, 27, 28, 29, 30, 31, 32, 33, 34, 35, 36, 37, 38, 39, 40, 41, 42, 43, 44, 45, 46, 47, 48, 49, 50, 51, 52, 53, 54, 55, 56, 57, 58, 59, 60, 61, 62, 63, 64",-,1111111111111111111111111111111111111111111111111111111111111111,D:\Data-Aji\KULIAH\Tugas-Akhir\AttentiveSkel3D-WeightTraining-PoC\Release_V2_AttentiveSkel3D\data\tensors\BenchPress_149.npy,D:\Data-Aji\KULIAH\Tugas-Akhir\AttentiveSkel3D-WeightTraining-PoC\Release_V2_AttentiveSkel3D\data\v2_labels\BenchPress_149_labels.npy
BenchPress_150,sekunder_sekunder_benchpress_kaggle49_rep49.mp4,Benchpress,Sekunder,64,0,64,100.0,Dominan Salah (Gerakan Gagal / Half Rep),Frame 1-64 (64 frame),"1, 2, 3, 4, 5, 6, 7, 8, 9, 10, 11, 12, 13, 14, 15, 16, 17, 18, 19, 20, 21, 22, 23, 24, 25, 26, 27, 28, 29, 30, 31, 32, 33, 34, 35, 36, 37, 38, 39, 40, 41, 42, 43, 44, 45, 46, 47, 48, 49, 50, 51, 52, 53, 54, 55, 56, 57, 58, 59, 60, 61, 62, 63, 64",-,1111111111111111111111111111111111111111111111111111111111111111,D:\Data-Aji\KULIAH\Tugas-Akhir\AttentiveSkel3D-WeightTraining-PoC\Release_V2_AttentiveSkel3D\data\tensors\BenchPress_150.npy,D:\Data-Aji\KULIAH\Tugas-Akhir\AttentiveSkel3D-WeightTraining-PoC\Release_V2_AttentiveSkel3D\data\v2_labels\BenchPress_150_labels.npy
BenchPress_151,sekunder_sekunder_benchpress_kaggle50_rep50.mp4,Benchpress,Sekunder,64,0,64,100.0,Dominan Salah (Gerakan Gagal / Half Rep),Frame 1-64 (64 frame),"1, 2, 3, 4, 5, 6, 7, 8, 9, 10, 11, 12, 13, 14, 15, 16, 17, 18, 19, 20, 21, 22, 23, 24, 25, 26, 27, 28, 29, 30, 31, 32, 33, 34, 35, 36, 37, 38, 39, 40, 41, 42, 43, 44, 45, 46, 47, 48, 49, 50, 51, 52, 53, 54, 55, 56, 57, 58, 59, 60, 61, 62, 63, 64",-,1111111111111111111111111111111111111111111111111111111111111111,D:\Data-Aji\KULIAH\Tugas-Akhir\AttentiveSkel3D-WeightTraining-PoC\Release_V2_AttentiveSkel3D\data\tensors\BenchPress_151.npy,D:\Data-Aji\KULIAH\Tugas-Akhir\AttentiveSkel3D-WeightTraining-PoC\Release_V2_AttentiveSkel3D\data\v2_labels\BenchPress_151_labels.npy
BenchPress_152,sekunder_sekunder_benchpress_kaggle51_rep51.mp4,Benchpress,Sekunder,64,0,64,100.0,Dominan Salah (Gerakan Gagal / Half Rep),Frame 1-64 (64 frame),"1, 2, 3, 4, 5, 6, 7, 8, 9, 10, 11, 12, 13, 14, 15, 16, 17, 18, 19, 20, 21, 22, 23, 24, 25, 26, 27, 28, 29, 30, 31, 32, 33, 34, 35, 36, 37, 38, 39, 40, 41, 42, 43, 44, 45, 46, 47, 48, 49, 50, 51, 52, 53, 54, 55, 56, 57, 58, 59, 60, 61, 62, 63, 64",-,1111111111111111111111111111111111111111111111111111111111111111,D:\Data-Aji\KULIAH\Tugas-Akhir\AttentiveSkel3D-WeightTraining-PoC\Release_V2_AttentiveSkel3D\data\tensors\BenchPress_152.npy,D:\Data-Aji\KULIAH\Tugas-Akhir\AttentiveSkel3D-WeightTraining-PoC\Release_V2_AttentiveSkel3D\data\v2_labels\BenchPress_152_labels.npy
BenchPress_153,sekunder_sekunder_benchpress_kaggle52_rep52.mp4,Benchpress,Sekunder,64,34,30,46.88,Campuran (Sebagian Fase Gerakan Salah),Frame 10-11 (2 frame); Frame 37-64 (28 frame),"10, 11, 37, 38, 39, 40, 41, 42, 43, 44, 45, 46, 47, 48, 49, 50, 51, 52, 53, 54, 55, 56, 57, 58, 59, 60, 61, 62, 63, 64","1, 2, 3, 4, 5, 6, 7, 8, 9, 12, 13, 14, 15, 16, 17, 18, 19, 20, 21, 22, 23, 24, 25, 26, 27, 28, 29, 30, 31, 32, 33, 34, 35, 36",0000000001100000000000000000000000001111111111111111111111111111,D:\Data-Aji\KULIAH\Tugas-Akhir\AttentiveSkel3D-WeightTraining-PoC\Release_V2_AttentiveSkel3D\data\tensors\BenchPress_153.npy,D:\Data-Aji\KULIAH\Tugas-Akhir\AttentiveSkel3D-WeightTraining-PoC\Release_V2_AttentiveSkel3D\data\v2_labels\BenchPress_153_labels.npy
BenchPress_154,sekunder_sekunder_benchpress_kaggle53_rep53.mp4,Benchpress,Sekunder,64,16,48,75.0,Dominan Salah (Gerakan Gagal / Half Rep),Frame 3-35 (33 frame); Frame 39; Frame 44; Frame 52-64 (13 frame),"3, 4, 5, 6, 7, 8, 9, 10, 11, 12, 13, 14, 15, 16, 17, 18, 19, 20, 21, 22, 23, 24, 25, 26, 27, 28, 29, 30, 31, 32, 33, 34, 35, 39, 44, 52, 53, 54, 55, 56, 57, 58, 59, 60, 61, 62, 63, 64","1, 2, 36, 37, 38, 40, 41, 42, 43, 45, 46, 47, 48, 49, 50, 51",0011111111111111111111111111111111100010000100000001111111111111,D:\Data-Aji\KULIAH\Tugas-Akhir\AttentiveSkel3D-WeightTraining-PoC\Release_V2_AttentiveSkel3D\data\tensors\BenchPress_154.npy,D:\Data-Aji\KULIAH\Tugas-Akhir\AttentiveSkel3D-WeightTraining-PoC\Release_V2_AttentiveSkel3D\data\v2_labels\BenchPress_154_labels.npy
BenchPress_155,sekunder_sekunder_benchpress_kaggle54_rep54.mp4,Benchpress,Sekunder,64,64,0,0.0,100% Sempurna (Tidak Ada Kesalahan),Tidak Ada Frame Salah (100% Sempurna),-,"1, 2, 3, 4, 5, 6, 7, 8, 9, 10, 11, 12, 13, 14, 15, 16, 17, 18, 19, 20, 21, 22, 23, 24, 25, 26, 27, 28, 29, 30, 31, 32, 33, 34, 35, 36, 37, 38, 39, 40, 41, 42, 43, 44, 45, 46, 47, 48, 49, 50, 51, 52, 53, 54, 55, 56, 57, 58, 59, 60, 61, 62, 63, 64",0000000000000000000000000000000000000000000000000000000000000000,D:\Data-Aji\KULIAH\Tugas-Akhir\AttentiveSkel3D-WeightTraining-PoC\Release_V2_AttentiveSkel3D\data\tensors\BenchPress_155.npy,D:\Data-Aji\KULIAH\Tugas-Akhir\AttentiveSkel3D-WeightTraining-PoC\Release_V2_AttentiveSkel3D\data\v2_labels\BenchPress_155_labels.npy
BenchPress_157,sekunder_sekunder_benchpress_kaggle56_rep56.mp4,Benchpress,Sekunder,64,57,7,10.94,Dominan Benar (Kesalahan Ringan/Fase Transisi),Frame 1-3 (3 frame); Frame 61-64 (4 frame),"1, 2, 3, 61, 62, 63, 64","4, 5, 6, 7, 8, 9, 10, 11, 12, 13, 14, 15, 16, 17, 18, 19, 20, 21, 22, 23, 24, 25, 26, 27, 28, 29, 30, 31, 32, 33, 34, 35, 36, 37, 38, 39, 40, 41, 42, 43, 44, 45, 46, 47, 48, 49, 50, 51, 52, 53, 54, 55, 56, 57, 58, 59, 60",1110000000000000000000000000000000000000000000000000000000001111,D:\Data-Aji\KULIAH\Tugas-Akhir\AttentiveSkel3D-WeightTraining-PoC\Release_V2_AttentiveSkel3D\data\tensors\BenchPress_157.npy,D:\Data-Aji\KULIAH\Tugas-Akhir\AttentiveSkel3D-WeightTraining-PoC\Release_V2_AttentiveSkel3D\data\v2_labels\BenchPress_157_labels.npy
BenchPress_158,sekunder_sekunder_benchpress_kaggle57_rep57.mp4,Benchpress,Sekunder,64,53,11,17.19,Dominan Benar (Kesalahan Ringan/Fase Transisi),Frame 54-64 (11 frame),"54, 55, 56, 57, 58, 59, 60, 61, 62, 63, 64","1, 2, 3, 4, 5, 6, 7, 8, 9, 10, 11, 12, 13, 14, 15, 16, 17, 18, 19, 20, 21, 22, 23, 24, 25, 26, 27, 28, 29, 30, 31, 32, 33, 34, 35, 36, 37, 38, 39, 40, 41, 42, 43, 44, 45, 46, 47, 48, 49, 50, 51, 52, 53",0000000000000000000000000000000000000000000000000000011111111111,D:\Data-Aji\KULIAH\Tugas-Akhir\AttentiveSkel3D-WeightTraining-PoC\Release_V2_AttentiveSkel3D\data\tensors\BenchPress_158.npy,D:\Data-Aji\KULIAH\Tugas-Akhir\AttentiveSkel3D-WeightTraining-PoC\Release_V2_AttentiveSkel3D\data\v2_labels\BenchPress_158_labels.npy
BenchPress_159,sekunder_sekunder_benchpress_kaggle58_rep58.mp4,Benchpress,Sekunder,64,0,64,100.0,Dominan Salah (Gerakan Gagal / Half Rep),Frame 1-64 (64 frame),"1, 2, 3, 4, 5, 6, 7, 8, 9, 10, 11, 12, 13, 14, 15, 16, 17, 18, 19, 20, 21, 22, 23, 24, 25, 26, 27, 28, 29, 30, 31, 32, 33, 34, 35, 36, 37, 38, 39, 40, 41, 42, 43, 44, 45, 46, 47, 48, 49, 50, 51, 52, 53, 54, 55, 56, 57, 58, 59, 60, 61, 62, 63, 64",-,1111111111111111111111111111111111111111111111111111111111111111,D:\Data-Aji\KULIAH\Tugas-Akhir\AttentiveSkel3D-WeightTraining-PoC\Release_V2_AttentiveSkel3D\data\tensors\BenchPress_159.npy,D:\Data-Aji\KULIAH\Tugas-Akhir\AttentiveSkel3D-WeightTraining-PoC\Release_V2_AttentiveSkel3D\data\v2_labels\BenchPress_159_labels.npy
BenchPress_160,sekunder_sekunder_benchpress_kaggle59_rep59.mp4,Benchpress,Sekunder,64,0,64,100.0,Dominan Salah (Gerakan Gagal / Half Rep),Frame 1-64 (64 frame),"1, 2, 3, 4, 5, 6, 7, 8, 9, 10, 11, 12, 13, 14, 15, 16, 17, 18, 19, 20, 21, 22, 23, 24, 25, 26, 27, 28, 29, 30, 31, 32, 33, 34, 35, 36, 37, 38, 39, 40, 41, 42, 43, 44, 45, 46, 47, 48, 49, 50, 51, 52, 53, 54, 55, 56, 57, 58, 59, 60, 61, 62, 63, 64",-,1111111111111111111111111111111111111111111111111111111111111111,D:\Data-Aji\KULIAH\Tugas-Akhir\AttentiveSkel3D-WeightTraining-PoC\Release_V2_AttentiveSkel3D\data\tensors\BenchPress_160.npy,D:\Data-Aji\KULIAH\Tugas-Akhir\AttentiveSkel3D-WeightTraining-PoC\Release_V2_AttentiveSkel3D\data\v2_labels\BenchPress_160_labels.npy
BenchPress_161,sekunder_sekunder_benchpress_kaggle60_rep60.mp4,Benchpress,Sekunder,64,30,34,53.12,Campuran (Sebagian Fase Gerakan Salah),Frame 1-34 (34 frame),"1, 2, 3, 4, 5, 6, 7, 8, 9, 10, 11, 12, 13, 14, 15, 16, 17, 18, 19, 20, 21, 22, 23, 24, 25, 26, 27, 28, 29, 30, 31, 32, 33, 34","35, 36, 37, 38, 39, 40, 41, 42, 43, 44, 45, 46, 47, 48, 49, 50, 51, 52, 53, 54, 55, 56, 57, 58, 59, 60, 61, 62, 63, 64",1111111111111111111111111111111111000000000000000000000000000000,D:\Data-Aji\KULIAH\Tugas-Akhir\AttentiveSkel3D-WeightTraining-PoC\Release_V2_AttentiveSkel3D\data\tensors\BenchPress_161.npy,D:\Data-Aji\KULIAH\Tugas-Akhir\AttentiveSkel3D-WeightTraining-PoC\Release_V2_AttentiveSkel3D\data\v2_labels\BenchPress_161_labels.npy
BenchPress_162,sekunder_sekunder_benchpress_kaggle61_rep61.mp4,Benchpress,Sekunder,64,39,25,39.06,Campuran (Sebagian Fase Gerakan Salah),Frame 17-29 (13 frame); Frame 42; Frame 46-56 (11 frame),"17, 18, 19, 20, 21, 22, 23, 24, 25, 26, 27, 28, 29, 42, 46, 47, 48, 49, 50, 51, 52, 53, 54, 55, 56","1, 2, 3, 4, 5, 6, 7, 8, 9, 10, 11, 12, 13, 14, 15, 16, 30, 31, 32, 33, 34, 35, 36, 37, 38, 39, 40, 41, 43, 44, 45, 57, 58, 59, 60, 61, 62, 63, 64",0000000000000000111111111111100000000000010001111111111100000000,D:\Data-Aji\KULIAH\Tugas-Akhir\AttentiveSkel3D-WeightTraining-PoC\Release_V2_AttentiveSkel3D\data\tensors\BenchPress_162.npy,D:\Data-Aji\KULIAH\Tugas-Akhir\AttentiveSkel3D-WeightTraining-PoC\Release_V2_AttentiveSkel3D\data\v2_labels\BenchPress_162_labels.npy
BenchPress_163,sekunder_sekunder_benchpress_kaggle62_rep62.mp4,Benchpress,Sekunder,64,53,11,17.19,Dominan Benar (Kesalahan Ringan/Fase Transisi),Frame 12-22 (11 frame),"12, 13, 14, 15, 16, 17, 18, 19, 20, 21, 22","1, 2, 3, 4, 5, 6, 7, 8, 9, 10, 11, 23, 24, 25, 26, 27, 28, 29, 30, 31, 32, 33, 34, 35, 36, 37, 38, 39, 40, 41, 42, 43, 44, 45, 46, 47, 48, 49, 50, 51, 52, 53, 54, 55, 56, 57, 58, 59, 60, 61, 62, 63, 64",0000000000011111111111000000000000000000000000000000000000000000,D:\Data-Aji\KULIAH\Tugas-Akhir\AttentiveSkel3D-WeightTraining-PoC\Release_V2_AttentiveSkel3D\data\tensors\BenchPress_163.npy,D:\Data-Aji\KULIAH\Tugas-Akhir\AttentiveSkel3D-WeightTraining-PoC\Release_V2_AttentiveSkel3D\data\v2_labels\BenchPress_163_labels.npy
BenchPress_164,sekunder_sekunder_benchpress_kaggle63_rep63.mp4,Benchpress,Sekunder,64,0,64,100.0,Dominan Salah (Gerakan Gagal / Half Rep),Frame 1-64 (64 frame),"1, 2, 3, 4, 5, 6, 7, 8, 9, 10, 11, 12, 13, 14, 15, 16, 17, 18, 19, 20, 21, 22, 23, 24, 25, 26, 27, 28, 29, 30, 31, 32, 33, 34, 35, 36, 37, 38, 39, 40, 41, 42, 43, 44, 45, 46, 47, 48, 49, 50, 51, 52, 53, 54, 55, 56, 57, 58, 59, 60, 61, 62, 63, 64",-,1111111111111111111111111111111111111111111111111111111111111111,D:\Data-Aji\KULIAH\Tugas-Akhir\AttentiveSkel3D-WeightTraining-PoC\Release_V2_AttentiveSkel3D\data\tensors\BenchPress_164.npy,D:\Data-Aji\KULIAH\Tugas-Akhir\AttentiveSkel3D-WeightTraining-PoC\Release_V2_AttentiveSkel3D\data\v2_labels\BenchPress_164_labels.npy
BenchPress_165,sekunder_sekunder_benchpress_kaggle64_rep64.mp4,Benchpress,Sekunder,64,50,14,21.88,Dominan Benar (Kesalahan Ringan/Fase Transisi),Frame 2-3 (2 frame); Frame 51; Frame 54-64 (11 frame),"2, 3, 51, 54, 55, 56, 57, 58, 59, 60, 61, 62, 63, 64","1, 4, 5, 6, 7, 8, 9, 10, 11, 12, 13, 14, 15, 16, 17, 18, 19, 20, 21, 22, 23, 24, 25, 26, 27, 28, 29, 30, 31, 32, 33, 34, 35, 36, 37, 38, 39, 40, 41, 42, 43, 44, 45, 46, 47, 48, 49, 50, 52, 53",0110000000000000000000000000000000000000000000000010011111111111,D:\Data-Aji\KULIAH\Tugas-Akhir\AttentiveSkel3D-WeightTraining-PoC\Release_V2_AttentiveSkel3D\data\tensors\BenchPress_165.npy,D:\Data-Aji\KULIAH\Tugas-Akhir\AttentiveSkel3D-WeightTraining-PoC\Release_V2_AttentiveSkel3D\data\v2_labels\BenchPress_165_labels.npy
BenchPress_167,sekunder_sekunder_benchpress_kaggle66_rep66.mp4,Benchpress,Sekunder,64,35,29,45.31,Campuran (Sebagian Fase Gerakan Salah),Frame 1-10 (10 frame); Frame 46-64 (19 frame),"1, 2, 3, 4, 5, 6, 7, 8, 9, 10, 46, 47, 48, 49, 50, 51, 52, 53, 54, 55, 56, 57, 58, 59, 60, 61, 62, 63, 64","11, 12, 13, 14, 15, 16, 17, 18, 19, 20, 21, 22, 23, 24, 25, 26, 27, 28, 29, 30, 31, 32, 33, 34, 35, 36, 37, 38, 39, 40, 41, 42, 43, 44, 45",1111111111000000000000000000000000000000000001111111111111111111,D:\Data-Aji\KULIAH\Tugas-Akhir\AttentiveSkel3D-WeightTraining-PoC\Release_V2_AttentiveSkel3D\data\tensors\BenchPress_167.npy,D:\Data-Aji\KULIAH\Tugas-Akhir\AttentiveSkel3D-WeightTraining-PoC\Release_V2_AttentiveSkel3D\data\v2_labels\BenchPress_167_labels.npy
BenchPress_168,sekunder_sekunder_benchpress_kaggle67_rep67.mp4,Benchpress,Sekunder,64,47,17,26.56,Campuran (Sebagian Fase Gerakan Salah),Frame 9-11 (3 frame); Frame 30; Frame 33-40 (8 frame); Frame 42-43 (2 frame); Frame 62-64 (3 frame),"9, 10, 11, 30, 33, 34, 35, 36, 37, 38, 39, 40, 42, 43, 62, 63, 64","1, 2, 3, 4, 5, 6, 7, 8, 12, 13, 14, 15, 16, 17, 18, 19, 20, 21, 22, 23, 24, 25, 26, 27, 28, 29, 31, 32, 41, 44, 45, 46, 47, 48, 49, 50, 51, 52, 53, 54, 55, 56, 57, 58, 59, 60, 61",0000000011100000000000000000010011111111011000000000000000000111,D:\Data-Aji\KULIAH\Tugas-Akhir\AttentiveSkel3D-WeightTraining-PoC\Release_V2_AttentiveSkel3D\data\tensors\BenchPress_168.npy,D:\Data-Aji\KULIAH\Tugas-Akhir\AttentiveSkel3D-WeightTraining-PoC\Release_V2_AttentiveSkel3D\data\v2_labels\BenchPress_168_labels.npy
BenchPress_169,sekunder_sekunder_benchpress_kaggle68_rep68.mp4,Benchpress,Sekunder,64,0,64,100.0,Dominan Salah (Gerakan Gagal / Half Rep),Frame 1-64 (64 frame),"1, 2, 3, 4, 5, 6, 7, 8, 9, 10, 11, 12, 13, 14, 15, 16, 17, 18, 19, 20, 21, 22, 23, 24, 25, 26, 27, 28, 29, 30, 31, 32, 33, 34, 35, 36, 37, 38, 39, 40, 41, 42, 43, 44, 45, 46, 47, 48, 49, 50, 51, 52, 53, 54, 55, 56, 57, 58, 59, 60, 61, 62, 63, 64",-,1111111111111111111111111111111111111111111111111111111111111111,D:\Data-Aji\KULIAH\Tugas-Akhir\AttentiveSkel3D-WeightTraining-PoC\Release_V2_AttentiveSkel3D\data\tensors\BenchPress_169.npy,D:\Data-Aji\KULIAH\Tugas-Akhir\AttentiveSkel3D-WeightTraining-PoC\Release_V2_AttentiveSkel3D\data\v2_labels\BenchPress_169_labels.npy
BenchPress_170,sekunder_sekunder_benchpress_kaggle69_rep69.mp4,Benchpress,Sekunder,64,53,11,17.19,Dominan Benar (Kesalahan Ringan/Fase Transisi),Frame 1-6 (6 frame); Frame 60-64 (5 frame),"1, 2, 3, 4, 5, 6, 60, 61, 62, 63, 64","7, 8, 9, 10, 11, 12, 13, 14, 15, 16, 17, 18, 19, 20, 21, 22, 23, 24, 25, 26, 27, 28, 29, 30, 31, 32, 33, 34, 35, 36, 37, 38, 39, 40, 41, 42, 43, 44, 45, 46, 47, 48, 49, 50, 51, 52, 53, 54, 55, 56, 57, 58, 59",1111110000000000000000000000000000000000000000000000000000011111,D:\Data-Aji\KULIAH\Tugas-Akhir\AttentiveSkel3D-WeightTraining-PoC\Release_V2_AttentiveSkel3D\data\tensors\BenchPress_170.npy,D:\Data-Aji\KULIAH\Tugas-Akhir\AttentiveSkel3D-WeightTraining-PoC\Release_V2_AttentiveSkel3D\data\v2_labels\BenchPress_170_labels.npy
BenchPress_172,sekunder_sekunder_benchpress_kaggle71_rep71.mp4,Benchpress,Sekunder,64,35,29,45.31,Campuran (Sebagian Fase Gerakan Salah),Frame 1-15 (15 frame); Frame 51-64 (14 frame),"1, 2, 3, 4, 5, 6, 7, 8, 9, 10, 11, 12, 13, 14, 15, 51, 52, 53, 54, 55, 56, 57, 58, 59, 60, 61, 62, 63, 64","16, 17, 18, 19, 20, 21, 22, 23, 24, 25, 26, 27, 28, 29, 30, 31, 32, 33, 34, 35, 36, 37, 38, 39, 40, 41, 42, 43, 44, 45, 46, 47, 48, 49, 50",1111111111111110000000000000000000000000000000000011111111111111,D:\Data-Aji\KULIAH\Tugas-Akhir\AttentiveSkel3D-WeightTraining-PoC\Release_V2_AttentiveSkel3D\data\tensors\BenchPress_172.npy,D:\Data-Aji\KULIAH\Tugas-Akhir\AttentiveSkel3D-WeightTraining-PoC\Release_V2_AttentiveSkel3D\data\v2_labels\BenchPress_172_labels.npy
BenchPress_173,sekunder_sekunder_benchpress_kaggle72_rep72.mp4,Benchpress,Sekunder,64,28,36,56.25,Campuran (Sebagian Fase Gerakan Salah),Frame 1-8 (8 frame); Frame 20-25 (6 frame); Frame 27-30 (4 frame); Frame 33-35 (3 frame); Frame 37; Frame 44-48 (5 frame); Frame 56-64 (9 frame),"1, 2, 3, 4, 5, 6, 7, 8, 20, 21, 22, 23, 24, 25, 27, 28, 29, 30, 33, 34, 35, 37, 44, 45, 46, 47, 48, 56, 57, 58, 59, 60, 61, 62, 63, 64","9, 10, 11, 12, 13, 14, 15, 16, 17, 18, 19, 26, 31, 32, 36, 38, 39, 40, 41, 42, 43, 49, 50, 51, 52, 53, 54, 55",1111111100000000000111111011110011101000000111110000000111111111,D:\Data-Aji\KULIAH\Tugas-Akhir\AttentiveSkel3D-WeightTraining-PoC\Release_V2_AttentiveSkel3D\data\tensors\BenchPress_173.npy,D:\Data-Aji\KULIAH\Tugas-Akhir\AttentiveSkel3D-WeightTraining-PoC\Release_V2_AttentiveSkel3D\data\v2_labels\BenchPress_173_labels.npy
BenchPress_174,sekunder_sekunder_benchpress_kaggle73_rep73.mp4,Benchpress,Sekunder,64,0,64,100.0,Dominan Salah (Gerakan Gagal / Half Rep),Frame 1-64 (64 frame),"1, 2, 3, 4, 5, 6, 7, 8, 9, 10, 11, 12, 13, 14, 15, 16, 17, 18, 19, 20, 21, 22, 23, 24, 25, 26, 27, 28, 29, 30, 31, 32, 33, 34, 35, 36, 37, 38, 39, 40, 41, 42, 43, 44, 45, 46, 47, 48, 49, 50, 51, 52, 53, 54, 55, 56, 57, 58, 59, 60, 61, 62, 63, 64",-,1111111111111111111111111111111111111111111111111111111111111111,D:\Data-Aji\KULIAH\Tugas-Akhir\AttentiveSkel3D-WeightTraining-PoC\Release_V2_AttentiveSkel3D\data\tensors\BenchPress_174.npy,D:\Data-Aji\KULIAH\Tugas-Akhir\AttentiveSkel3D-WeightTraining-PoC\Release_V2_AttentiveSkel3D\data\v2_labels\BenchPress_174_labels.npy
BenchPress_176,sekunder_sekunder_benchpress_kaggle75_rep75.mp4,Benchpress,Sekunder,64,32,32,50.0,Campuran (Sebagian Fase Gerakan Salah),Frame 1-5 (5 frame); Frame 10-16 (7 frame); Frame 30-37 (8 frame); Frame 43; Frame 47-57 (11 frame),"1, 2, 3, 4, 5, 10, 11, 12, 13, 14, 15, 16, 30, 31, 32, 33, 34, 35, 36, 37, 43, 47, 48, 49, 50, 51, 52, 53, 54, 55, 56, 57","6, 7, 8, 9, 17, 18, 19, 20, 21, 22, 23, 24, 25, 26, 27, 28, 29, 38, 39, 40, 41, 42, 44, 45, 46, 58, 59, 60, 61, 62, 63, 64",1111100001111111000000000000011111111000001000111111111110000000,D:\Data-Aji\KULIAH\Tugas-Akhir\AttentiveSkel3D-WeightTraining-PoC\Release_V2_AttentiveSkel3D\data\tensors\BenchPress_176.npy,D:\Data-Aji\KULIAH\Tugas-Akhir\AttentiveSkel3D-WeightTraining-PoC\Release_V2_AttentiveSkel3D\data\v2_labels\BenchPress_176_labels.npy
BenchPress_177,sekunder_sekunder_benchpress_kaggle76_rep76.mp4,Benchpress,Sekunder,64,19,45,70.31,Dominan Salah (Gerakan Gagal / Half Rep),Frame 1-4 (4 frame); Frame 16-56 (41 frame),"1, 2, 3, 4, 16, 17, 18, 19, 20, 21, 22, 23, 24, 25, 26, 27, 28, 29, 30, 31, 32, 33, 34, 35, 36, 37, 38, 39, 40, 41, 42, 43, 44, 45, 46, 47, 48, 49, 50, 51, 52, 53, 54, 55, 56","5, 6, 7, 8, 9, 10, 11, 12, 13, 14, 15, 57, 58, 59, 60, 61, 62, 63, 64",1111000000000001111111111111111111111111111111111111111100000000,D:\Data-Aji\KULIAH\Tugas-Akhir\AttentiveSkel3D-WeightTraining-PoC\Release_V2_AttentiveSkel3D\data\tensors\BenchPress_177.npy,D:\Data-Aji\KULIAH\Tugas-Akhir\AttentiveSkel3D-WeightTraining-PoC\Release_V2_AttentiveSkel3D\data\v2_labels\BenchPress_177_labels.npy
BenchPress_178,sekunder_sekunder_benchpress_kaggle77_rep77.mp4,Benchpress,Sekunder,64,64,0,0.0,100% Sempurna (Tidak Ada Kesalahan),Tidak Ada Frame Salah (100% Sempurna),-,"1, 2, 3, 4, 5, 6, 7, 8, 9, 10, 11, 12, 13, 14, 15, 16, 17, 18, 19, 20, 21, 22, 23, 24, 25, 26, 27, 28, 29, 30, 31, 32, 33, 34, 35, 36, 37, 38, 39, 40, 41, 42, 43, 44, 45, 46, 47, 48, 49, 50, 51, 52, 53, 54, 55, 56, 57, 58, 59, 60, 61, 62, 63, 64",0000000000000000000000000000000000000000000000000000000000000000,D:\Data-Aji\KULIAH\Tugas-Akhir\AttentiveSkel3D-WeightTraining-PoC\Release_V2_AttentiveSkel3D\data\tensors\BenchPress_178.npy,D:\Data-Aji\KULIAH\Tugas-Akhir\AttentiveSkel3D-WeightTraining-PoC\Release_V2_AttentiveSkel3D\data\v2_labels\BenchPress_178_labels.npy
BenchPress_179,sekunder_sekunder_benchpress_kaggle78_rep78.mp4,Benchpress,Sekunder,64,44,20,31.25,Campuran (Sebagian Fase Gerakan Salah),Frame 1-19 (19 frame); Frame 61,"1, 2, 3, 4, 5, 6, 7, 8, 9, 10, 11, 12, 13, 14, 15, 16, 17, 18, 19, 61","20, 21, 22, 23, 24, 25, 26, 27, 28, 29, 30, 31, 32, 33, 34, 35, 36, 37, 38, 39, 40, 41, 42, 43, 44, 45, 46, 47, 48, 49, 50, 51, 52, 53, 54, 55, 56, 57, 58, 59, 60, 62, 63, 64",1111111111111111111000000000000000000000000000000000000000001000,D:\Data-Aji\KULIAH\Tugas-Akhir\AttentiveSkel3D-WeightTraining-PoC\Release_V2_AttentiveSkel3D\data\tensors\BenchPress_179.npy,D:\Data-Aji\KULIAH\Tugas-Akhir\AttentiveSkel3D-WeightTraining-PoC\Release_V2_AttentiveSkel3D\data\v2_labels\BenchPress_179_labels.npy
BenchPress_180,sekunder_sekunder_benchpress_kaggle79_rep79.mp4,Benchpress,Sekunder,64,27,37,57.81,Campuran (Sebagian Fase Gerakan Salah),Frame 22-55 (34 frame); Frame 62-64 (3 frame),"22, 23, 24, 25, 26, 27, 28, 29, 30, 31, 32, 33, 34, 35, 36, 37, 38, 39, 40, 41, 42, 43, 44, 45, 46, 47, 48, 49, 50, 51, 52, 53, 54, 55, 62, 63, 64","1, 2, 3, 4, 5, 6, 7, 8, 9, 10, 11, 12, 13, 14, 15, 16, 17, 18, 19, 20, 21, 56, 57, 58, 59, 60, 61",0000000000000000000001111111111111111111111111111111111000000111,D:\Data-Aji\KULIAH\Tugas-Akhir\AttentiveSkel3D-WeightTraining-PoC\Release_V2_AttentiveSkel3D\data\tensors\BenchPress_180.npy,D:\Data-Aji\KULIAH\Tugas-Akhir\AttentiveSkel3D-WeightTraining-PoC\Release_V2_AttentiveSkel3D\data\v2_labels\BenchPress_180_labels.npy
BenchPress_181,sekunder_sekunder_benchpress_kaggle80_rep80.mp4,Benchpress,Sekunder,64,22,42,65.62,Dominan Salah (Gerakan Gagal / Half Rep),Frame 1-6 (6 frame); Frame 8-10 (3 frame); Frame 23-25 (3 frame); Frame 27-29 (3 frame); Frame 38-64 (27 frame),"1, 2, 3, 4, 5, 6, 8, 9, 10, 23, 24, 25, 27, 28, 29, 38, 39, 40, 41, 42, 43, 44, 45, 46, 47, 48, 49, 50, 51, 52, 53, 54, 55, 56, 57, 58, 59, 60, 61, 62, 63, 64","7, 11, 12, 13, 14, 15, 16, 17, 18, 19, 20, 21, 22, 26, 30, 31, 32, 33, 34, 35, 36, 37",1111110111000000000000111011100000000111111111111111111111111111,D:\Data-Aji\KULIAH\Tugas-Akhir\AttentiveSkel3D-WeightTraining-PoC\Release_V2_AttentiveSkel3D\data\tensors\BenchPress_181.npy,D:\Data-Aji\KULIAH\Tugas-Akhir\AttentiveSkel3D-WeightTraining-PoC\Release_V2_AttentiveSkel3D\data\v2_labels\BenchPress_181_labels.npy
BenchPress_182,sekunder_sekunder_benchpress_kaggle81_rep81.mp4,Benchpress,Sekunder,64,0,64,100.0,Dominan Salah (Gerakan Gagal / Half Rep),Frame 1-64 (64 frame),"1, 2, 3, 4, 5, 6, 7, 8, 9, 10, 11, 12, 13, 14, 15, 16, 17, 18, 19, 20, 21, 22, 23, 24, 25, 26, 27, 28, 29, 30, 31, 32, 33, 34, 35, 36, 37, 38, 39, 40, 41, 42, 43, 44, 45, 46, 47, 48, 49, 50, 51, 52, 53, 54, 55, 56, 57, 58, 59, 60, 61, 62, 63, 64",-,1111111111111111111111111111111111111111111111111111111111111111,D:\Data-Aji\KULIAH\Tugas-Akhir\AttentiveSkel3D-WeightTraining-PoC\Release_V2_AttentiveSkel3D\data\tensors\BenchPress_182.npy,D:\Data-Aji\KULIAH\Tugas-Akhir\AttentiveSkel3D-WeightTraining-PoC\Release_V2_AttentiveSkel3D\data\v2_labels\BenchPress_182_labels.npy
BenchPress_183,sekunder_sekunder_benchpress_kaggle82_rep82.mp4,Benchpress,Sekunder,64,43,21,32.81,Campuran (Sebagian Fase Gerakan Salah),Frame 44-64 (21 frame),"44, 45, 46, 47, 48, 49, 50, 51, 52, 53, 54, 55, 56, 57, 58, 59, 60, 61, 62, 63, 64","1, 2, 3, 4, 5, 6, 7, 8, 9, 10, 11, 12, 13, 14, 15, 16, 17, 18, 19, 20, 21, 22, 23, 24, 25, 26, 27, 28, 29, 30, 31, 32, 33, 34, 35, 36, 37, 38, 39, 40, 41, 42, 43",0000000000000000000000000000000000000000000111111111111111111111,D:\Data-Aji\KULIAH\Tugas-Akhir\AttentiveSkel3D-WeightTraining-PoC\Release_V2_AttentiveSkel3D\data\tensors\BenchPress_183.npy,D:\Data-Aji\KULIAH\Tugas-Akhir\AttentiveSkel3D-WeightTraining-PoC\Release_V2_AttentiveSkel3D\data\v2_labels\BenchPress_183_labels.npy
BenchPress_184,sekunder_sekunder_benchpress_kaggle83_rep83.mp4,Benchpress,Sekunder,64,7,57,89.06,Dominan Salah (Gerakan Gagal / Half Rep),Frame 1-32 (32 frame); Frame 36-49 (14 frame); Frame 54-64 (11 frame),"1, 2, 3, 4, 5, 6, 7, 8, 9, 10, 11, 12, 13, 14, 15, 16, 17, 18, 19, 20, 21, 22, 23, 24, 25, 26, 27, 28, 29, 30, 31, 32, 36, 37, 38, 39, 40, 41, 42, 43, 44, 45, 46, 47, 48, 49, 54, 55, 56, 57, 58, 59, 60, 61, 62, 63, 64","33, 34, 35, 50, 51, 52, 53",1111111111111111111111111111111100011111111111111000011111111111,D:\Data-Aji\KULIAH\Tugas-Akhir\AttentiveSkel3D-WeightTraining-PoC\Release_V2_AttentiveSkel3D\data\tensors\BenchPress_184.npy,D:\Data-Aji\KULIAH\Tugas-Akhir\AttentiveSkel3D-WeightTraining-PoC\Release_V2_AttentiveSkel3D\data\v2_labels\BenchPress_184_labels.npy
BenchPress_185,sekunder_sekunder_benchpress_kaggle84_rep84.mp4,Benchpress,Sekunder,64,29,35,54.69,Campuran (Sebagian Fase Gerakan Salah),Frame 1-35 (35 frame),"1, 2, 3, 4, 5, 6, 7, 8, 9, 10, 11, 12, 13, 14, 15, 16, 17, 18, 19, 20, 21, 22, 23, 24, 25, 26, 27, 28, 29, 30, 31, 32, 33, 34, 35","36, 37, 38, 39, 40, 41, 42, 43, 44, 45, 46, 47, 48, 49, 50, 51, 52, 53, 54, 55, 56, 57, 58, 59, 60, 61, 62, 63, 64",1111111111111111111111111111111111100000000000000000000000000000,D:\Data-Aji\KULIAH\Tugas-Akhir\AttentiveSkel3D-WeightTraining-PoC\Release_V2_AttentiveSkel3D\data\tensors\BenchPress_185.npy,D:\Data-Aji\KULIAH\Tugas-Akhir\AttentiveSkel3D-WeightTraining-PoC\Release_V2_AttentiveSkel3D\data\v2_labels\BenchPress_185_labels.npy
BenchPress_186,sekunder_sekunder_benchpress_kaggle85_rep85.mp4,Benchpress,Sekunder,64,20,44,68.75,Dominan Salah (Gerakan Gagal / Half Rep),Frame 12-13 (2 frame); Frame 17-45 (29 frame); Frame 49; Frame 52; Frame 54-64 (11 frame),"12, 13, 17, 18, 19, 20, 21, 22, 23, 24, 25, 26, 27, 28, 29, 30, 31, 32, 33, 34, 35, 36, 37, 38, 39, 40, 41, 42, 43, 44, 45, 49, 52, 54, 55, 56, 57, 58, 59, 60, 61, 62, 63, 64","1, 2, 3, 4, 5, 6, 7, 8, 9, 10, 11, 14, 15, 16, 46, 47, 48, 50, 51, 53",0000000000011000111111111111111111111111111110001001011111111111,D:\Data-Aji\KULIAH\Tugas-Akhir\AttentiveSkel3D-WeightTraining-PoC\Release_V2_AttentiveSkel3D\data\tensors\BenchPress_186.npy,D:\Data-Aji\KULIAH\Tugas-Akhir\AttentiveSkel3D-WeightTraining-PoC\Release_V2_AttentiveSkel3D\data\v2_labels\BenchPress_186_labels.npy
BenchPress_187,sekunder_sekunder_benchpress_kaggle86_rep86.mp4,Benchpress,Sekunder,64,20,44,68.75,Dominan Salah (Gerakan Gagal / Half Rep),Frame 4-5 (2 frame); Frame 9-10 (2 frame); Frame 15-23 (9 frame); Frame 34-64 (31 frame),"4, 5, 9, 10, 15, 16, 17, 18, 19, 20, 21, 22, 23, 34, 35, 36, 37, 38, 39, 40, 41, 42, 43, 44, 45, 46, 47, 48, 49, 50, 51, 52, 53, 54, 55, 56, 57, 58, 59, 60, 61, 62, 63, 64","1, 2, 3, 6, 7, 8, 11, 12, 13, 14, 24, 25, 26, 27, 28, 29, 30, 31, 32, 33",0001100011000011111111100000000001111111111111111111111111111111,D:\Data-Aji\KULIAH\Tugas-Akhir\AttentiveSkel3D-WeightTraining-PoC\Release_V2_AttentiveSkel3D\data\tensors\BenchPress_187.npy,D:\Data-Aji\KULIAH\Tugas-Akhir\AttentiveSkel3D-WeightTraining-PoC\Release_V2_AttentiveSkel3D\data\v2_labels\BenchPress_187_labels.npy
BenchPress_188,sekunder_sekunder_benchpress_kaggle87_rep87.mp4,Benchpress,Sekunder,64,25,39,60.94,Campuran (Sebagian Fase Gerakan Salah),Frame 2-3 (2 frame); Frame 13-32 (20 frame); Frame 38-50 (13 frame); Frame 61-64 (4 frame),"2, 3, 13, 14, 15, 16, 17, 18, 19, 20, 21, 22, 23, 24, 25, 26, 27, 28, 29, 30, 31, 32, 38, 39, 40, 41, 42, 43, 44, 45, 46, 47, 48, 49, 50, 61, 62, 63, 64","1, 4, 5, 6, 7, 8, 9, 10, 11, 12, 33, 34, 35, 36, 37, 51, 52, 53, 54, 55, 56, 57, 58, 59, 60",0110000000001111111111111111111100000111111111111100000000001111,D:\Data-Aji\KULIAH\Tugas-Akhir\AttentiveSkel3D-WeightTraining-PoC\Release_V2_AttentiveSkel3D\data\tensors\BenchPress_188.npy,D:\Data-Aji\KULIAH\Tugas-Akhir\AttentiveSkel3D-WeightTraining-PoC\Release_V2_AttentiveSkel3D\data\v2_labels\BenchPress_188_labels.npy
BenchPress_189,sekunder_sekunder_benchpress_kaggle88_rep88.mp4,Benchpress,Sekunder,64,19,45,70.31,Dominan Salah (Gerakan Gagal / Half Rep),Frame 6-8 (3 frame); Frame 21-25 (5 frame); Frame 28-64 (37 frame),"6, 7, 8, 21, 22, 23, 24, 25, 28, 29, 30, 31, 32, 33, 34, 35, 36, 37, 38, 39, 40, 41, 42, 43, 44, 45, 46, 47, 48, 49, 50, 51, 52, 53, 54, 55, 56, 57, 58, 59, 60, 61, 62, 63, 64","1, 2, 3, 4, 5, 9, 10, 11, 12, 13, 14, 15, 16, 17, 18, 19, 20, 26, 27",0000011100000000000011111001111111111111111111111111111111111111,D:\Data-Aji\KULIAH\Tugas-Akhir\AttentiveSkel3D-WeightTraining-PoC\Release_V2_AttentiveSkel3D\data\tensors\BenchPress_189.npy,D:\Data-Aji\KULIAH\Tugas-Akhir\AttentiveSkel3D-WeightTraining-PoC\Release_V2_AttentiveSkel3D\data\v2_labels\BenchPress_189_labels.npy
BenchPress_191,sekunder_sekunder_benchpress_kaggle90_rep90.mp4,Benchpress,Sekunder,64,56,8,12.5,Dominan Benar (Kesalahan Ringan/Fase Transisi),Frame 1-8 (8 frame),"1, 2, 3, 4, 5, 6, 7, 8","9, 10, 11, 12, 13, 14, 15, 16, 17, 18, 19, 20, 21, 22, 23, 24, 25, 26, 27, 28, 29, 30, 31, 32, 33, 34, 35, 36, 37, 38, 39, 40, 41, 42, 43, 44, 45, 46, 47, 48, 49, 50, 51, 52, 53, 54, 55, 56, 57, 58, 59, 60, 61, 62, 63, 64",1111111100000000000000000000000000000000000000000000000000000000,D:\Data-Aji\KULIAH\Tugas-Akhir\AttentiveSkel3D-WeightTraining-PoC\Release_V2_AttentiveSkel3D\data\tensors\BenchPress_191.npy,D:\Data-Aji\KULIAH\Tugas-Akhir\AttentiveSkel3D-WeightTraining-PoC\Release_V2_AttentiveSkel3D\data\v2_labels\BenchPress_191_labels.npy
BenchPress_192,sekunder_sekunder_benchpress_kaggle91_rep91.mp4,Benchpress,Sekunder,64,64,0,0.0,100% Sempurna (Tidak Ada Kesalahan),Tidak Ada Frame Salah (100% Sempurna),-,"1, 2, 3, 4, 5, 6, 7, 8, 9, 10, 11, 12, 13, 14, 15, 16, 17, 18, 19, 20, 21, 22, 23, 24, 25, 26, 27, 28, 29, 30, 31, 32, 33, 34, 35, 36, 37, 38, 39, 40, 41, 42, 43, 44, 45, 46, 47, 48, 49, 50, 51, 52, 53, 54, 55, 56, 57, 58, 59, 60, 61, 62, 63, 64",0000000000000000000000000000000000000000000000000000000000000000,D:\Data-Aji\KULIAH\Tugas-Akhir\AttentiveSkel3D-WeightTraining-PoC\Release_V2_AttentiveSkel3D\data\tensors\BenchPress_192.npy,D:\Data-Aji\KULIAH\Tugas-Akhir\AttentiveSkel3D-WeightTraining-PoC\Release_V2_AttentiveSkel3D\data\v2_labels\BenchPress_192_labels.npy
BenchPress_193,sekunder_sekunder_benchpress_kaggle92_rep92.mp4,Benchpress,Sekunder,64,30,34,53.12,Campuran (Sebagian Fase Gerakan Salah),Frame 1-34 (34 frame),"1, 2, 3, 4, 5, 6, 7, 8, 9, 10, 11, 12, 13, 14, 15, 16, 17, 18, 19, 20, 21, 22, 23, 24, 25, 26, 27, 28, 29, 30, 31, 32, 33, 34","35, 36, 37, 38, 39, 40, 41, 42, 43, 44, 45, 46, 47, 48, 49, 50, 51, 52, 53, 54, 55, 56, 57, 58, 59, 60, 61, 62, 63, 64",1111111111111111111111111111111111000000000000000000000000000000,D:\Data-Aji\KULIAH\Tugas-Akhir\AttentiveSkel3D-WeightTraining-PoC\Release_V2_AttentiveSkel3D\data\tensors\BenchPress_193.npy,D:\Data-Aji\KULIAH\Tugas-Akhir\AttentiveSkel3D-WeightTraining-PoC\Release_V2_AttentiveSkel3D\data\v2_labels\BenchPress_193_labels.npy
BenchPress_194,sekunder_sekunder_benchpress_kaggle93_rep93.mp4,Benchpress,Sekunder,64,25,39,60.94,Campuran (Sebagian Fase Gerakan Salah),Frame 2-3 (2 frame); Frame 13-32 (20 frame); Frame 38-50 (13 frame); Frame 61-64 (4 frame),"2, 3, 13, 14, 15, 16, 17, 18, 19, 20, 21, 22, 23, 24, 25, 26, 27, 28, 29, 30, 31, 32, 38, 39, 40, 41, 42, 43, 44, 45, 46, 47, 48, 49, 50, 61, 62, 63, 64","1, 4, 5, 6, 7, 8, 9, 10, 11, 12, 33, 34, 35, 36, 37, 51, 52, 53, 54, 55, 56, 57, 58, 59, 60",0110000000001111111111111111111100000111111111111100000000001111,D:\Data-Aji\KULIAH\Tugas-Akhir\AttentiveSkel3D-WeightTraining-PoC\Release_V2_AttentiveSkel3D\data\tensors\BenchPress_194.npy,D:\Data-Aji\KULIAH\Tugas-Akhir\AttentiveSkel3D-WeightTraining-PoC\Release_V2_AttentiveSkel3D\data\v2_labels\BenchPress_194_labels.npy
BenchPress_196,sekunder_sekunder_benchpress_kaggle95_rep95.mp4,Benchpress,Sekunder,64,19,45,70.31,Dominan Salah (Gerakan Gagal / Half Rep),Frame 6-8 (3 frame); Frame 21-25 (5 frame); Frame 28-64 (37 frame),"6, 7, 8, 21, 22, 23, 24, 25, 28, 29, 30, 31, 32, 33, 34, 35, 36, 37, 38, 39, 40, 41, 42, 43, 44, 45, 46, 47, 48, 49, 50, 51, 52, 53, 54, 55, 56, 57, 58, 59, 60, 61, 62, 63, 64","1, 2, 3, 4, 5, 9, 10, 11, 12, 13, 14, 15, 16, 17, 18, 19, 20, 26, 27",0000011100000000000011111001111111111111111111111111111111111111,D:\Data-Aji\KULIAH\Tugas-Akhir\AttentiveSkel3D-WeightTraining-PoC\Release_V2_AttentiveSkel3D\data\tensors\BenchPress_196.npy,D:\Data-Aji\KULIAH\Tugas-Akhir\AttentiveSkel3D-WeightTraining-PoC\Release_V2_AttentiveSkel3D\data\v2_labels\BenchPress_196_labels.npy
BenchPress_197,sekunder_sekunder_benchpress_kaggle96_rep96.mp4,Benchpress,Sekunder,64,0,64,100.0,Dominan Salah (Gerakan Gagal / Half Rep),Frame 1-64 (64 frame),"1, 2, 3, 4, 5, 6, 7, 8, 9, 10, 11, 12, 13, 14, 15, 16, 17, 18, 19, 20, 21, 22, 23, 24, 25, 26, 27, 28, 29, 30, 31, 32, 33, 34, 35, 36, 37, 38, 39, 40, 41, 42, 43, 44, 45, 46, 47, 48, 49, 50, 51, 52, 53, 54, 55, 56, 57, 58, 59, 60, 61, 62, 63, 64",-,1111111111111111111111111111111111111111111111111111111111111111,D:\Data-Aji\KULIAH\Tugas-Akhir\AttentiveSkel3D-WeightTraining-PoC\Release_V2_AttentiveSkel3D\data\tensors\BenchPress_197.npy,D:\Data-Aji\KULIAH\Tugas-Akhir\AttentiveSkel3D-WeightTraining-PoC\Release_V2_AttentiveSkel3D\data\v2_labels\BenchPress_197_labels.npy
BenchPress_198,sekunder_sekunder_benchpress_kaggle97_rep97.mp4,Benchpress,Sekunder,64,7,57,89.06,Dominan Salah (Gerakan Gagal / Half Rep),Frame 1-32 (32 frame); Frame 36-49 (14 frame); Frame 54-64 (11 frame),"1, 2, 3, 4, 5, 6, 7, 8, 9, 10, 11, 12, 13, 14, 15, 16, 17, 18, 19, 20, 21, 22, 23, 24, 25, 26, 27, 28, 29, 30, 31, 32, 36, 37, 38, 39, 40, 41, 42, 43, 44, 45, 46, 47, 48, 49, 54, 55, 56, 57, 58, 59, 60, 61, 62, 63, 64","33, 34, 35, 50, 51, 52, 53",1111111111111111111111111111111100011111111111111000011111111111,D:\Data-Aji\KULIAH\Tugas-Akhir\AttentiveSkel3D-WeightTraining-PoC\Release_V2_AttentiveSkel3D\data\tensors\BenchPress_198.npy,D:\Data-Aji\KULIAH\Tugas-Akhir\AttentiveSkel3D-WeightTraining-PoC\Release_V2_AttentiveSkel3D\data\v2_labels\BenchPress_198_labels.npy
BenchPress_199,sekunder_sekunder_benchpress_kaggle98_rep98.mp4,Benchpress,Sekunder,64,0,64,100.0,Dominan Salah (Gerakan Gagal / Half Rep),Frame 1-64 (64 frame),"1, 2, 3, 4, 5, 6, 7, 8, 9, 10, 11, 12, 13, 14, 15, 16, 17, 18, 19, 20, 21, 22, 23, 24, 25, 26, 27, 28, 29, 30, 31, 32, 33, 34, 35, 36, 37, 38, 39, 40, 41, 42, 43, 44, 45, 46, 47, 48, 49, 50, 51, 52, 53, 54, 55, 56, 57, 58, 59, 60, 61, 62, 63, 64",-,1111111111111111111111111111111111111111111111111111111111111111,D:\Data-Aji\KULIAH\Tugas-Akhir\AttentiveSkel3D-WeightTraining-PoC\Release_V2_AttentiveSkel3D\data\tensors\BenchPress_199.npy,D:\Data-Aji\KULIAH\Tugas-Akhir\AttentiveSkel3D-WeightTraining-PoC\Release_V2_AttentiveSkel3D\data\v2_labels\BenchPress_199_labels.npy
BenchPress_200,sekunder_sekunder_benchpress_kaggle99_rep99.mp4,Benchpress,Sekunder,64,0,64,100.0,Dominan Salah (Gerakan Gagal / Half Rep),Frame 1-64 (64 frame),"1, 2, 3, 4, 5, 6, 7, 8, 9, 10, 11, 12, 13, 14, 15, 16, 17, 18, 19, 20, 21, 22, 23, 24, 25, 26, 27, 28, 29, 30, 31, 32, 33, 34, 35, 36, 37, 38, 39, 40, 41, 42, 43, 44, 45, 46, 47, 48, 49, 50, 51, 52, 53, 54, 55, 56, 57, 58, 59, 60, 61, 62, 63, 64",-,1111111111111111111111111111111111111111111111111111111111111111,D:\Data-Aji\KULIAH\Tugas-Akhir\AttentiveSkel3D-WeightTraining-PoC\Release_V2_AttentiveSkel3D\data\tensors\BenchPress_200.npy,D:\Data-Aji\KULIAH\Tugas-Akhir\AttentiveSkel3D-WeightTraining-PoC\Release_V2_AttentiveSkel3D\data\v2_labels\BenchPress_200_labels.npy
Deadlift_001,primer_deadlift_lateral_subjek01_rep1.mp4,Deadlift,Primer,64,12,52,81.25,Dominan Salah (Gerakan Gagal / Half Rep),Frame 1-48 (48 frame); Frame 61-64 (4 frame),"1, 2, 3, 4, 5, 6, 7, 8, 9, 10, 11, 12, 13, 14, 15, 16, 17, 18, 19, 20, 21, 22, 23, 24, 25, 26, 27, 28, 29, 30, 31, 32, 33, 34, 35, 36, 37, 38, 39, 40, 41, 42, 43, 44, 45, 46, 47, 48, 61, 62, 63, 64","49, 50, 51, 52, 53, 54, 55, 56, 57, 58, 59, 60",1111111111111111111111111111111111111111111111110000000000001111,D:\Data-Aji\KULIAH\Tugas-Akhir\AttentiveSkel3D-WeightTraining-PoC\Release_V2_AttentiveSkel3D\data\tensors\Deadlift_001.npy,D:\Data-Aji\KULIAH\Tugas-Akhir\AttentiveSkel3D-WeightTraining-PoC\Release_V2_AttentiveSkel3D\data\v2_labels\Deadlift_001_labels.npy
Deadlift_002,primer_deadlift_lateral_subjek01_rep10.mp4,Deadlift,Primer,64,12,52,81.25,Dominan Salah (Gerakan Gagal / Half Rep),Frame 1-52 (52 frame),"1, 2, 3, 4, 5, 6, 7, 8, 9, 10, 11, 12, 13, 14, 15, 16, 17, 18, 19, 20, 21, 22, 23, 24, 25, 26, 27, 28, 29, 30, 31, 32, 33, 34, 35, 36, 37, 38, 39, 40, 41, 42, 43, 44, 45, 46, 47, 48, 49, 50, 51, 52","53, 54, 55, 56, 57, 58, 59, 60, 61, 62, 63, 64",1111111111111111111111111111111111111111111111111111000000000000,D:\Data-Aji\KULIAH\Tugas-Akhir\AttentiveSkel3D-WeightTraining-PoC\Release_V2_AttentiveSkel3D\data\tensors\Deadlift_002.npy,D:\Data-Aji\KULIAH\Tugas-Akhir\AttentiveSkel3D-WeightTraining-PoC\Release_V2_AttentiveSkel3D\data\v2_labels\Deadlift_002_labels.npy
Deadlift_003,primer_deadlift_lateral_subjek01_rep11.mp4,Deadlift,Primer,64,18,46,71.88,Dominan Salah (Gerakan Gagal / Half Rep),Frame 1-3 (3 frame); Frame 5-47 (43 frame),"1, 2, 3, 5, 6, 7, 8, 9, 10, 11, 12, 13, 14, 15, 16, 17, 18, 19, 20, 21, 22, 23, 24, 25, 26, 27, 28, 29, 30, 31, 32, 33, 34, 35, 36, 37, 38, 39, 40, 41, 42, 43, 44, 45, 46, 47","4, 48, 49, 50, 51, 52, 53, 54, 55, 56, 57, 58, 59, 60, 61, 62, 63, 64",1110111111111111111111111111111111111111111111100000000000000000,D:\Data-Aji\KULIAH\Tugas-Akhir\AttentiveSkel3D-WeightTraining-PoC\Release_V2_AttentiveSkel3D\data\tensors\Deadlift_003.npy,D:\Data-Aji\KULIAH\Tugas-Akhir\AttentiveSkel3D-WeightTraining-PoC\Release_V2_AttentiveSkel3D\data\v2_labels\Deadlift_003_labels.npy
Deadlift_004,primer_deadlift_lateral_subjek01_rep12.mp4,Deadlift,Primer,64,18,46,71.88,Dominan Salah (Gerakan Gagal / Half Rep),Frame 2-12 (11 frame); Frame 14-46 (33 frame); Frame 61-62 (2 frame),"2, 3, 4, 5, 6, 7, 8, 9, 10, 11, 12, 14, 15, 16, 17, 18, 19, 20, 21, 22, 23, 24, 25, 26, 27, 28, 29, 30, 31, 32, 33, 34, 35, 36, 37, 38, 39, 40, 41, 42, 43, 44, 45, 46, 61, 62","1, 13, 47, 48, 49, 50, 51, 52, 53, 54, 55, 56, 57, 58, 59, 60, 63, 64",0111111111110111111111111111111111111111111111000000000000001100,D:\Data-Aji\KULIAH\Tugas-Akhir\AttentiveSkel3D-WeightTraining-PoC\Release_V2_AttentiveSkel3D\data\tensors\Deadlift_004.npy,D:\Data-Aji\KULIAH\Tugas-Akhir\AttentiveSkel3D-WeightTraining-PoC\Release_V2_AttentiveSkel3D\data\v2_labels\Deadlift_004_labels.npy
Deadlift_005,primer_deadlift_lateral_subjek01_rep13.mp4,Deadlift,Primer,64,13,51,79.69,Dominan Salah (Gerakan Gagal / Half Rep),Frame 1-40 (40 frame); Frame 54-64 (11 frame),"1, 2, 3, 4, 5, 6, 7, 8, 9, 10, 11, 12, 13, 14, 15, 16, 17, 18, 19, 20, 21, 22, 23, 24, 25, 26, 27, 28, 29, 30, 31, 32, 33, 34, 35, 36, 37, 38, 39, 40, 54, 55, 56, 57, 58, 59, 60, 61, 62, 63, 64","41, 42, 43, 44, 45, 46, 47, 48, 49, 50, 51, 52, 53",1111111111111111111111111111111111111111000000000000011111111111,D:\Data-Aji\KULIAH\Tugas-Akhir\AttentiveSkel3D-WeightTraining-PoC\Release_V2_AttentiveSkel3D\data\tensors\Deadlift_005.npy,D:\Data-Aji\KULIAH\Tugas-Akhir\AttentiveSkel3D-WeightTraining-PoC\Release_V2_AttentiveSkel3D\data\v2_labels\Deadlift_005_labels.npy
Deadlift_006,primer_deadlift_lateral_subjek01_rep14.mp4,Deadlift,Primer,64,20,44,68.75,Dominan Salah (Gerakan Gagal / Half Rep),Frame 12-48 (37 frame); Frame 58-64 (7 frame),"12, 13, 14, 15, 16, 17, 18, 19, 20, 21, 22, 23, 24, 25, 26, 27, 28, 29, 30, 31, 32, 33, 34, 35, 36, 37, 38, 39, 40, 41, 42, 43, 44, 45, 46, 47, 48, 58, 59, 60, 61, 62, 63, 64","1, 2, 3, 4, 5, 6, 7, 8, 9, 10, 11, 49, 50, 51, 52, 53, 54, 55, 56, 57",0000000000011111111111111111111111111111111111110000000001111111,D:\Data-Aji\KULIAH\Tugas-Akhir\AttentiveSkel3D-WeightTraining-PoC\Release_V2_AttentiveSkel3D\data\tensors\Deadlift_006.npy,D:\Data-Aji\KULIAH\Tugas-Akhir\AttentiveSkel3D-WeightTraining-PoC\Release_V2_AttentiveSkel3D\data\v2_labels\Deadlift_006_labels.npy
Deadlift_007,primer_deadlift_lateral_subjek01_rep15.mp4,Deadlift,Primer,64,15,49,76.56,Dominan Salah (Gerakan Gagal / Half Rep),Frame 1-41 (41 frame); Frame 57-64 (8 frame),"1, 2, 3, 4, 5, 6, 7, 8, 9, 10, 11, 12, 13, 14, 15, 16, 17, 18, 19, 20, 21, 22, 23, 24, 25, 26, 27, 28, 29, 30, 31, 32, 33, 34, 35, 36, 37, 38, 39, 40, 41, 57, 58, 59, 60, 61, 62, 63, 64","42, 43, 44, 45, 46, 47, 48, 49, 50, 51, 52, 53, 54, 55, 56",1111111111111111111111111111111111111111100000000000000011111111,D:\Data-Aji\KULIAH\Tugas-Akhir\AttentiveSkel3D-WeightTraining-PoC\Release_V2_AttentiveSkel3D\data\tensors\Deadlift_007.npy,D:\Data-Aji\KULIAH\Tugas-Akhir\AttentiveSkel3D-WeightTraining-PoC\Release_V2_AttentiveSkel3D\data\v2_labels\Deadlift_007_labels.npy
Deadlift_008,primer_deadlift_lateral_subjek01_rep16.mp4,Deadlift,Primer,64,15,49,76.56,Dominan Salah (Gerakan Gagal / Half Rep),Frame 1-46 (46 frame); Frame 62-64 (3 frame),"1, 2, 3, 4, 5, 6, 7, 8, 9, 10, 11, 12, 13, 14, 15, 16, 17, 18, 19, 20, 21, 22, 23, 24, 25, 26, 27, 28, 29, 30, 31, 32, 33, 34, 35, 36, 37, 38, 39, 40, 41, 42, 43, 44, 45, 46, 62, 63, 64","47, 48, 49, 50, 51, 52, 53, 54, 55, 56, 57, 58, 59, 60, 61",1111111111111111111111111111111111111111111111000000000000000111,D:\Data-Aji\KULIAH\Tugas-Akhir\AttentiveSkel3D-WeightTraining-PoC\Release_V2_AttentiveSkel3D\data\tensors\Deadlift_008.npy,D:\Data-Aji\KULIAH\Tugas-Akhir\AttentiveSkel3D-WeightTraining-PoC\Release_V2_AttentiveSkel3D\data\v2_labels\Deadlift_008_labels.npy
Deadlift_009,primer_deadlift_lateral_subjek01_rep17.mp4,Deadlift,Primer,64,10,54,84.38,Dominan Salah (Gerakan Gagal / Half Rep),Frame 1-24 (24 frame); Frame 35-64 (30 frame),"1, 2, 3, 4, 5, 6, 7, 8, 9, 10, 11, 12, 13, 14, 15, 16, 17, 18, 19, 20, 21, 22, 23, 24, 35, 36, 37, 38, 39, 40, 41, 42, 43, 44, 45, 46, 47, 48, 49, 50, 51, 52, 53, 54, 55, 56, 57, 58, 59, 60, 61, 62, 63, 64","25, 26, 27, 28, 29, 30, 31, 32, 33, 34",1111111111111111111111110000000000111111111111111111111111111111,D:\Data-Aji\KULIAH\Tugas-Akhir\AttentiveSkel3D-WeightTraining-PoC\Release_V2_AttentiveSkel3D\data\tensors\Deadlift_009.npy,D:\Data-Aji\KULIAH\Tugas-Akhir\AttentiveSkel3D-WeightTraining-PoC\Release_V2_AttentiveSkel3D\data\v2_labels\Deadlift_009_labels.npy
Deadlift_010,primer_deadlift_lateral_subjek01_rep18.mp4,Deadlift,Primer,64,22,42,65.62,Dominan Salah (Gerakan Gagal / Half Rep),Frame 1-2 (2 frame); Frame 4; Frame 12-35 (24 frame); Frame 46-58 (13 frame); Frame 63-64 (2 frame),"1, 2, 4, 12, 13, 14, 15, 16, 17, 18, 19, 20, 21, 22, 23, 24, 25, 26, 27, 28, 29, 30, 31, 32, 33, 34, 35, 46, 47, 48, 49, 50, 51, 52, 53, 54, 55, 56, 57, 58, 63, 64","3, 5, 6, 7, 8, 9, 10, 11, 36, 37, 38, 39, 40, 41, 42, 43, 44, 45, 59, 60, 61, 62",1101000000011111111111111111111111100000000001111111111111000011,D:\Data-Aji\KULIAH\Tugas-Akhir\AttentiveSkel3D-WeightTraining-PoC\Release_V2_AttentiveSkel3D\data\tensors\Deadlift_010.npy,D:\Data-Aji\KULIAH\Tugas-Akhir\AttentiveSkel3D-WeightTraining-PoC\Release_V2_AttentiveSkel3D\data\v2_labels\Deadlift_010_labels.npy
Deadlift_011,primer_deadlift_lateral_subjek01_rep19.mp4,Deadlift,Primer,64,16,48,75.0,Dominan Salah (Gerakan Gagal / Half Rep),Frame 3-30 (28 frame); Frame 45-64 (20 frame),"3, 4, 5, 6, 7, 8, 9, 10, 11, 12, 13, 14, 15, 16, 17, 18, 19, 20, 21, 22, 23, 24, 25, 26, 27, 28, 29, 30, 45, 46, 47, 48, 49, 50, 51, 52, 53, 54, 55, 56, 57, 58, 59, 60, 61, 62, 63, 64","1, 2, 31, 32, 33, 34, 35, 36, 37, 38, 39, 40, 41, 42, 43, 44",0011111111111111111111111111110000000000000011111111111111111111,D:\Data-Aji\KULIAH\Tugas-Akhir\AttentiveSkel3D-WeightTraining-PoC\Release_V2_AttentiveSkel3D\data\tensors\Deadlift_011.npy,D:\Data-Aji\KULIAH\Tugas-Akhir\AttentiveSkel3D-WeightTraining-PoC\Release_V2_AttentiveSkel3D\data\v2_labels\Deadlift_011_labels.npy
Deadlift_012,primer_deadlift_lateral_subjek01_rep2.mp4,Deadlift,Primer,64,27,37,57.81,Campuran (Sebagian Fase Gerakan Salah),Frame 1; Frame 16-42 (27 frame); Frame 56-64 (9 frame),"1, 16, 17, 18, 19, 20, 21, 22, 23, 24, 25, 26, 27, 28, 29, 30, 31, 32, 33, 34, 35, 36, 37, 38, 39, 40, 41, 42, 56, 57, 58, 59, 60, 61, 62, 63, 64","2, 3, 4, 5, 6, 7, 8, 9, 10, 11, 12, 13, 14, 15, 43, 44, 45, 46, 47, 48, 49, 50, 51, 52, 53, 54, 55",1000000000000001111111111111111111111111110000000000000111111111,D:\Data-Aji\KULIAH\Tugas-Akhir\AttentiveSkel3D-WeightTraining-PoC\Release_V2_AttentiveSkel3D\data\tensors\Deadlift_012.npy,D:\Data-Aji\KULIAH\Tugas-Akhir\AttentiveSkel3D-WeightTraining-PoC\Release_V2_AttentiveSkel3D\data\v2_labels\Deadlift_012_labels.npy
Deadlift_013,primer_deadlift_lateral_subjek01_rep20.mp4,Deadlift,Primer,64,15,49,76.56,Dominan Salah (Gerakan Gagal / Half Rep),Frame 1-34 (34 frame); Frame 50-64 (15 frame),"1, 2, 3, 4, 5, 6, 7, 8, 9, 10, 11, 12, 13, 14, 15, 16, 17, 18, 19, 20, 21, 22, 23, 24, 25, 26, 27, 28, 29, 30, 31, 32, 33, 34, 50, 51, 52, 53, 54, 55, 56, 57, 58, 59, 60, 61, 62, 63, 64","35, 36, 37, 38, 39, 40, 41, 42, 43, 44, 45, 46, 47, 48, 49",1111111111111111111111111111111111000000000000000111111111111111,D:\Data-Aji\KULIAH\Tugas-Akhir\AttentiveSkel3D-WeightTraining-PoC\Release_V2_AttentiveSkel3D\data\tensors\Deadlift_013.npy,D:\Data-Aji\KULIAH\Tugas-Akhir\AttentiveSkel3D-WeightTraining-PoC\Release_V2_AttentiveSkel3D\data\v2_labels\Deadlift_013_labels.npy
Deadlift_014,primer_deadlift_lateral_subjek01_rep21.mp4,Deadlift,Primer,64,24,40,62.5,Campuran (Sebagian Fase Gerakan Salah),Frame 1-38 (38 frame); Frame 50-51 (2 frame),"1, 2, 3, 4, 5, 6, 7, 8, 9, 10, 11, 12, 13, 14, 15, 16, 17, 18, 19, 20, 21, 22, 23, 24, 25, 26, 27, 28, 29, 30, 31, 32, 33, 34, 35, 36, 37, 38, 50, 51","39, 40, 41, 42, 43, 44, 45, 46, 47, 48, 49, 52, 53, 54, 55, 56, 57, 58, 59, 60, 61, 62, 63, 64",1111111111111111111111111111111111111100000000000110000000000000,D:\Data-Aji\KULIAH\Tugas-Akhir\AttentiveSkel3D-WeightTraining-PoC\Release_V2_AttentiveSkel3D\data\tensors\Deadlift_014.npy,D:\Data-Aji\KULIAH\Tugas-Akhir\AttentiveSkel3D-WeightTraining-PoC\Release_V2_AttentiveSkel3D\data\v2_labels\Deadlift_014_labels.npy
Deadlift_015,primer_deadlift_lateral_subjek01_rep22.mp4,Deadlift,Primer,64,16,48,75.0,Dominan Salah (Gerakan Gagal / Half Rep),Frame 1-7 (7 frame); Frame 14-49 (36 frame); Frame 58-61 (4 frame); Frame 64,"1, 2, 3, 4, 5, 6, 7, 14, 15, 16, 17, 18, 19, 20, 21, 22, 23, 24, 25, 26, 27, 28, 29, 30, 31, 32, 33, 34, 35, 36, 37, 38, 39, 40, 41, 42, 43, 44, 45, 46, 47, 48, 49, 58, 59, 60, 61, 64","8, 9, 10, 11, 12, 13, 50, 51, 52, 53, 54, 55, 56, 57, 62, 63",1111111000000111111111111111111111111111111111111000000001111001,D:\Data-Aji\KULIAH\Tugas-Akhir\AttentiveSkel3D-WeightTraining-PoC\Release_V2_AttentiveSkel3D\data\tensors\Deadlift_015.npy,D:\Data-Aji\KULIAH\Tugas-Akhir\AttentiveSkel3D-WeightTraining-PoC\Release_V2_AttentiveSkel3D\data\v2_labels\Deadlift_015_labels.npy
Deadlift_016,primer_deadlift_lateral_subjek01_rep23.mp4,Deadlift,Primer,64,24,40,62.5,Campuran (Sebagian Fase Gerakan Salah),Frame 1-9 (9 frame); Frame 11; Frame 17-42 (26 frame); Frame 61-64 (4 frame),"1, 2, 3, 4, 5, 6, 7, 8, 9, 11, 17, 18, 19, 20, 21, 22, 23, 24, 25, 26, 27, 28, 29, 30, 31, 32, 33, 34, 35, 36, 37, 38, 39, 40, 41, 42, 61, 62, 63, 64","10, 12, 13, 14, 15, 16, 43, 44, 45, 46, 47, 48, 49, 50, 51, 52, 53, 54, 55, 56, 57, 58, 59, 60",1111111110100000111111111111111111111111110000000000000000001111,D:\Data-Aji\KULIAH\Tugas-Akhir\AttentiveSkel3D-WeightTraining-PoC\Release_V2_AttentiveSkel3D\data\tensors\Deadlift_016.npy,D:\Data-Aji\KULIAH\Tugas-Akhir\AttentiveSkel3D-WeightTraining-PoC\Release_V2_AttentiveSkel3D\data\v2_labels\Deadlift_016_labels.npy
Deadlift_017,primer_deadlift_lateral_subjek01_rep24.mp4,Deadlift,Primer,64,24,40,62.5,Campuran (Sebagian Fase Gerakan Salah),Frame 1-19 (19 frame); Frame 27-45 (19 frame); Frame 63-64 (2 frame),"1, 2, 3, 4, 5, 6, 7, 8, 9, 10, 11, 12, 13, 14, 15, 16, 17, 18, 19, 27, 28, 29, 30, 31, 32, 33, 34, 35, 36, 37, 38, 39, 40, 41, 42, 43, 44, 45, 63, 64","20, 21, 22, 23, 24, 25, 26, 46, 47, 48, 49, 50, 51, 52, 53, 54, 55, 56, 57, 58, 59, 60, 61, 62",1111111111111111111000000011111111111111111110000000000000000011,D:\Data-Aji\KULIAH\Tugas-Akhir\AttentiveSkel3D-WeightTraining-PoC\Release_V2_AttentiveSkel3D\data\tensors\Deadlift_017.npy,D:\Data-Aji\KULIAH\Tugas-Akhir\AttentiveSkel3D-WeightTraining-PoC\Release_V2_AttentiveSkel3D\data\v2_labels\Deadlift_017_labels.npy
Deadlift_018,primer_deadlift_lateral_subjek01_rep25.mp4,Deadlift,Primer,64,19,45,70.31,Dominan Salah (Gerakan Gagal / Half Rep),Frame 1-12 (12 frame); Frame 14-38 (25 frame); Frame 55-62 (8 frame),"1, 2, 3, 4, 5, 6, 7, 8, 9, 10, 11, 12, 14, 15, 16, 17, 18, 19, 20, 21, 22, 23, 24, 25, 26, 27, 28, 29, 30, 31, 32, 33, 34, 35, 36, 37, 38, 55, 56, 57, 58, 59, 60, 61, 62","13, 39, 40, 41, 42, 43, 44, 45, 46, 47, 48, 49, 50, 51, 52, 53, 54, 63, 64",1111111111110111111111111111111111111100000000000000001111111100,D:\Data-Aji\KULIAH\Tugas-Akhir\AttentiveSkel3D-WeightTraining-PoC\Release_V2_AttentiveSkel3D\data\tensors\Deadlift_018.npy,D:\Data-Aji\KULIAH\Tugas-Akhir\AttentiveSkel3D-WeightTraining-PoC\Release_V2_AttentiveSkel3D\data\v2_labels\Deadlift_018_labels.npy
Deadlift_019,primer_deadlift_lateral_subjek01_rep26.mp4,Deadlift,Primer,64,24,40,62.5,Campuran (Sebagian Fase Gerakan Salah),Frame 1-11 (11 frame); Frame 23-47 (25 frame); Frame 61-64 (4 frame),"1, 2, 3, 4, 5, 6, 7, 8, 9, 10, 11, 23, 24, 25, 26, 27, 28, 29, 30, 31, 32, 33, 34, 35, 36, 37, 38, 39, 40, 41, 42, 43, 44, 45, 46, 47, 61, 62, 63, 64","12, 13, 14, 15, 16, 17, 18, 19, 20, 21, 22, 48, 49, 50, 51, 52, 53, 54, 55, 56, 57, 58, 59, 60",1111111111100000000000111111111111111111111111100000000000001111,D:\Data-Aji\KULIAH\Tugas-Akhir\AttentiveSkel3D-WeightTraining-PoC\Release_V2_AttentiveSkel3D\data\tensors\Deadlift_019.npy,D:\Data-Aji\KULIAH\Tugas-Akhir\AttentiveSkel3D-WeightTraining-PoC\Release_V2_AttentiveSkel3D\data\v2_labels\Deadlift_019_labels.npy
Deadlift_020,primer_deadlift_lateral_subjek01_rep27.mp4,Deadlift,Primer,64,14,50,78.12,Dominan Salah (Gerakan Gagal / Half Rep),Frame 1-23 (23 frame); Frame 29-49 (21 frame); Frame 52; Frame 56-60 (5 frame),"1, 2, 3, 4, 5, 6, 7, 8, 9, 10, 11, 12, 13, 14, 15, 16, 17, 18, 19, 20, 21, 22, 23, 29, 30, 31, 32, 33, 34, 35, 36, 37, 38, 39, 40, 41, 42, 43, 44, 45, 46, 47, 48, 49, 52, 56, 57, 58, 59, 60","24, 25, 26, 27, 28, 50, 51, 53, 54, 55, 61, 62, 63, 64",1111111111111111111111100000111111111111111111111001000111110000,D:\Data-Aji\KULIAH\Tugas-Akhir\AttentiveSkel3D-WeightTraining-PoC\Release_V2_AttentiveSkel3D\data\tensors\Deadlift_020.npy,D:\Data-Aji\KULIAH\Tugas-Akhir\AttentiveSkel3D-WeightTraining-PoC\Release_V2_AttentiveSkel3D\data\v2_labels\Deadlift_020_labels.npy
Deadlift_021,primer_deadlift_lateral_subjek01_rep28.mp4,Deadlift,Primer,64,28,36,56.25,Campuran (Sebagian Fase Gerakan Salah),Frame 4-8 (5 frame); Frame 15-19 (5 frame); Frame 21; Frame 31; Frame 35-46 (12 frame); Frame 52-61 (10 frame); Frame 63-64 (2 frame),"4, 5, 6, 7, 8, 15, 16, 17, 18, 19, 21, 31, 35, 36, 37, 38, 39, 40, 41, 42, 43, 44, 45, 46, 52, 53, 54, 55, 56, 57, 58, 59, 60, 61, 63, 64","1, 2, 3, 9, 10, 11, 12, 13, 14, 20, 22, 23, 24, 25, 26, 27, 28, 29, 30, 32, 33, 34, 47, 48, 49, 50, 51, 62",0001111100000011111010000000001000111111111111000001111111111011,D:\Data-Aji\KULIAH\Tugas-Akhir\AttentiveSkel3D-WeightTraining-PoC\Release_V2_AttentiveSkel3D\data\tensors\Deadlift_021.npy,D:\Data-Aji\KULIAH\Tugas-Akhir\AttentiveSkel3D-WeightTraining-PoC\Release_V2_AttentiveSkel3D\data\v2_labels\Deadlift_021_labels.npy
Deadlift_022,primer_deadlift_lateral_subjek01_rep29.mp4,Deadlift,Primer,64,10,54,84.38,Dominan Salah (Gerakan Gagal / Half Rep),Frame 1-10 (10 frame); Frame 21-64 (44 frame),"1, 2, 3, 4, 5, 6, 7, 8, 9, 10, 21, 22, 23, 24, 25, 26, 27, 28, 29, 30, 31, 32, 33, 34, 35, 36, 37, 38, 39, 40, 41, 42, 43, 44, 45, 46, 47, 48, 49, 50, 51, 52, 53, 54, 55, 56, 57, 58, 59, 60, 61, 62, 63, 64","11, 12, 13, 14, 15, 16, 17, 18, 19, 20",1111111111000000000011111111111111111111111111111111111111111111,D:\Data-Aji\KULIAH\Tugas-Akhir\AttentiveSkel3D-WeightTraining-PoC\Release_V2_AttentiveSkel3D\data\tensors\Deadlift_022.npy,D:\Data-Aji\KULIAH\Tugas-Akhir\AttentiveSkel3D-WeightTraining-PoC\Release_V2_AttentiveSkel3D\data\v2_labels\Deadlift_022_labels.npy
Deadlift_023,primer_deadlift_lateral_subjek01_rep3.mp4,Deadlift,Primer,64,21,43,67.19,Dominan Salah (Gerakan Gagal / Half Rep),Frame 1; Frame 3-10 (8 frame); Frame 21-45 (25 frame); Frame 56-64 (9 frame),"1, 3, 4, 5, 6, 7, 8, 9, 10, 21, 22, 23, 24, 25, 26, 27, 28, 29, 30, 31, 32, 33, 34, 35, 36, 37, 38, 39, 40, 41, 42, 43, 44, 45, 56, 57, 58, 59, 60, 61, 62, 63, 64","2, 11, 12, 13, 14, 15, 16, 17, 18, 19, 20, 46, 47, 48, 49, 50, 51, 52, 53, 54, 55",1011111111000000000011111111111111111111111110000000000111111111,D:\Data-Aji\KULIAH\Tugas-Akhir\AttentiveSkel3D-WeightTraining-PoC\Release_V2_AttentiveSkel3D\data\tensors\Deadlift_023.npy,D:\Data-Aji\KULIAH\Tugas-Akhir\AttentiveSkel3D-WeightTraining-PoC\Release_V2_AttentiveSkel3D\data\v2_labels\Deadlift_023_labels.npy
Deadlift_024,primer_deadlift_lateral_subjek01_rep30.mp4,Deadlift,Primer,64,9,55,85.94,Dominan Salah (Gerakan Gagal / Half Rep),Frame 1-13 (13 frame); Frame 22-49 (28 frame); Frame 51-64 (14 frame),"1, 2, 3, 4, 5, 6, 7, 8, 9, 10, 11, 12, 13, 22, 23, 24, 25, 26, 27, 28, 29, 30, 31, 32, 33, 34, 35, 36, 37, 38, 39, 40, 41, 42, 43, 44, 45, 46, 47, 48, 49, 51, 52, 53, 54, 55, 56, 57, 58, 59, 60, 61, 62, 63, 64","14, 15, 16, 17, 18, 19, 20, 21, 50",1111111111111000000001111111111111111111111111111011111111111111,D:\Data-Aji\KULIAH\Tugas-Akhir\AttentiveSkel3D-WeightTraining-PoC\Release_V2_AttentiveSkel3D\data\tensors\Deadlift_024.npy,D:\Data-Aji\KULIAH\Tugas-Akhir\AttentiveSkel3D-WeightTraining-PoC\Release_V2_AttentiveSkel3D\data\v2_labels\Deadlift_024_labels.npy
Deadlift_025,primer_deadlift_lateral_subjek01_rep31.mp4,Deadlift,Primer,64,12,52,81.25,Dominan Salah (Gerakan Gagal / Half Rep),Frame 2-17 (16 frame); Frame 29-64 (36 frame),"2, 3, 4, 5, 6, 7, 8, 9, 10, 11, 12, 13, 14, 15, 16, 17, 29, 30, 31, 32, 33, 34, 35, 36, 37, 38, 39, 40, 41, 42, 43, 44, 45, 46, 47, 48, 49, 50, 51, 52, 53, 54, 55, 56, 57, 58, 59, 60, 61, 62, 63, 64","1, 18, 19, 20, 21, 22, 23, 24, 25, 26, 27, 28",0111111111111111100000000000111111111111111111111111111111111111,D:\Data-Aji\KULIAH\Tugas-Akhir\AttentiveSkel3D-WeightTraining-PoC\Release_V2_AttentiveSkel3D\data\tensors\Deadlift_025.npy,D:\Data-Aji\KULIAH\Tugas-Akhir\AttentiveSkel3D-WeightTraining-PoC\Release_V2_AttentiveSkel3D\data\v2_labels\Deadlift_025_labels.npy
Deadlift_026,primer_deadlift_lateral_subjek01_rep32.mp4,Deadlift,Primer,64,4,60,93.75,Dominan Salah (Gerakan Gagal / Half Rep),Frame 1-40 (40 frame); Frame 44-61 (18 frame); Frame 63-64 (2 frame),"1, 2, 3, 4, 5, 6, 7, 8, 9, 10, 11, 12, 13, 14, 15, 16, 17, 18, 19, 20, 21, 22, 23, 24, 25, 26, 27, 28, 29, 30, 31, 32, 33, 34, 35, 36, 37, 38, 39, 40, 44, 45, 46, 47, 48, 49, 50, 51, 52, 53, 54, 55, 56, 57, 58, 59, 60, 61, 63, 64","41, 42, 43, 62",1111111111111111111111111111111111111111000111111111111111111011,D:\Data-Aji\KULIAH\Tugas-Akhir\AttentiveSkel3D-WeightTraining-PoC\Release_V2_AttentiveSkel3D\data\tensors\Deadlift_026.npy,D:\Data-Aji\KULIAH\Tugas-Akhir\AttentiveSkel3D-WeightTraining-PoC\Release_V2_AttentiveSkel3D\data\v2_labels\Deadlift_026_labels.npy
Deadlift_027,primer_deadlift_lateral_subjek01_rep33.mp4,Deadlift,Primer,64,9,55,85.94,Dominan Salah (Gerakan Gagal / Half Rep),Frame 1-39 (39 frame); Frame 49-64 (16 frame),"1, 2, 3, 4, 5, 6, 7, 8, 9, 10, 11, 12, 13, 14, 15, 16, 17, 18, 19, 20, 21, 22, 23, 24, 25, 26, 27, 28, 29, 30, 31, 32, 33, 34, 35, 36, 37, 38, 39, 49, 50, 51, 52, 53, 54, 55, 56, 57, 58, 59, 60, 61, 62, 63, 64","40, 41, 42, 43, 44, 45, 46, 47, 48",1111111111111111111111111111111111111110000000001111111111111111,D:\Data-Aji\KULIAH\Tugas-Akhir\AttentiveSkel3D-WeightTraining-PoC\Release_V2_AttentiveSkel3D\data\tensors\Deadlift_027.npy,D:\Data-Aji\KULIAH\Tugas-Akhir\AttentiveSkel3D-WeightTraining-PoC\Release_V2_AttentiveSkel3D\data\v2_labels\Deadlift_027_labels.npy
Deadlift_028,primer_deadlift_lateral_subjek01_rep34.mp4,Deadlift,Primer,64,11,53,82.81,Dominan Salah (Gerakan Gagal / Half Rep),Frame 1-44 (44 frame); Frame 56-64 (9 frame),"1, 2, 3, 4, 5, 6, 7, 8, 9, 10, 11, 12, 13, 14, 15, 16, 17, 18, 19, 20, 21, 22, 23, 24, 25, 26, 27, 28, 29, 30, 31, 32, 33, 34, 35, 36, 37, 38, 39, 40, 41, 42, 43, 44, 56, 57, 58, 59, 60, 61, 62, 63, 64","45, 46, 47, 48, 49, 50, 51, 52, 53, 54, 55",1111111111111111111111111111111111111111111100000000000111111111,D:\Data-Aji\KULIAH\Tugas-Akhir\AttentiveSkel3D-WeightTraining-PoC\Release_V2_AttentiveSkel3D\data\tensors\Deadlift_028.npy,D:\Data-Aji\KULIAH\Tugas-Akhir\AttentiveSkel3D-WeightTraining-PoC\Release_V2_AttentiveSkel3D\data\v2_labels\Deadlift_028_labels.npy
Deadlift_029,primer_deadlift_lateral_subjek01_rep4.mp4,Deadlift,Primer,64,23,41,64.06,Dominan Salah (Gerakan Gagal / Half Rep),Frame 1; Frame 12-31 (20 frame); Frame 45-64 (20 frame),"1, 12, 13, 14, 15, 16, 17, 18, 19, 20, 21, 22, 23, 24, 25, 26, 27, 28, 29, 30, 31, 45, 46, 47, 48, 49, 50, 51, 52, 53, 54, 55, 56, 57, 58, 59, 60, 61, 62, 63, 64","2, 3, 4, 5, 6, 7, 8, 9, 10, 11, 32, 33, 34, 35, 36, 37, 38, 39, 40, 41, 42, 43, 44",1000000000011111111111111111111000000000000011111111111111111111,D:\Data-Aji\KULIAH\Tugas-Akhir\AttentiveSkel3D-WeightTraining-PoC\Release_V2_AttentiveSkel3D\data\tensors\Deadlift_029.npy,D:\Data-Aji\KULIAH\Tugas-Akhir\AttentiveSkel3D-WeightTraining-PoC\Release_V2_AttentiveSkel3D\data\v2_labels\Deadlift_029_labels.npy
Deadlift_030,primer_deadlift_lateral_subjek01_rep5.mp4,Deadlift,Primer,64,29,35,54.69,Campuran (Sebagian Fase Gerakan Salah),Frame 1-35 (35 frame),"1, 2, 3, 4, 5, 6, 7, 8, 9, 10, 11, 12, 13, 14, 15, 16, 17, 18, 19, 20, 21, 22, 23, 24, 25, 26, 27, 28, 29, 30, 31, 32, 33, 34, 35","36, 37, 38, 39, 40, 41, 42, 43, 44, 45, 46, 47, 48, 49, 50, 51, 52, 53, 54, 55, 56, 57, 58, 59, 60, 61, 62, 63, 64",1111111111111111111111111111111111100000000000000000000000000000,D:\Data-Aji\KULIAH\Tugas-Akhir\AttentiveSkel3D-WeightTraining-PoC\Release_V2_AttentiveSkel3D\data\tensors\Deadlift_030.npy,D:\Data-Aji\KULIAH\Tugas-Akhir\AttentiveSkel3D-WeightTraining-PoC\Release_V2_AttentiveSkel3D\data\v2_labels\Deadlift_030_labels.npy
Deadlift_031,primer_deadlift_lateral_subjek01_rep6.mp4,Deadlift,Primer,64,10,54,84.38,Dominan Salah (Gerakan Gagal / Half Rep),Frame 1-53 (53 frame); Frame 64,"1, 2, 3, 4, 5, 6, 7, 8, 9, 10, 11, 12, 13, 14, 15, 16, 17, 18, 19, 20, 21, 22, 23, 24, 25, 26, 27, 28, 29, 30, 31, 32, 33, 34, 35, 36, 37, 38, 39, 40, 41, 42, 43, 44, 45, 46, 47, 48, 49, 50, 51, 52, 53, 64","54, 55, 56, 57, 58, 59, 60, 61, 62, 63",1111111111111111111111111111111111111111111111111111100000000001,D:\Data-Aji\KULIAH\Tugas-Akhir\AttentiveSkel3D-WeightTraining-PoC\Release_V2_AttentiveSkel3D\data\tensors\Deadlift_031.npy,D:\Data-Aji\KULIAH\Tugas-Akhir\AttentiveSkel3D-WeightTraining-PoC\Release_V2_AttentiveSkel3D\data\v2_labels\Deadlift_031_labels.npy
Deadlift_032,primer_deadlift_lateral_subjek01_rep7.mp4,Deadlift,Primer,64,12,52,81.25,Dominan Salah (Gerakan Gagal / Half Rep),Frame 1-49 (49 frame); Frame 62-64 (3 frame),"1, 2, 3, 4, 5, 6, 7, 8, 9, 10, 11, 12, 13, 14, 15, 16, 17, 18, 19, 20, 21, 22, 23, 24, 25, 26, 27, 28, 29, 30, 31, 32, 33, 34, 35, 36, 37, 38, 39, 40, 41, 42, 43, 44, 45, 46, 47, 48, 49, 62, 63, 64","50, 51, 52, 53, 54, 55, 56, 57, 58, 59, 60, 61",1111111111111111111111111111111111111111111111111000000000000111,D:\Data-Aji\KULIAH\Tugas-Akhir\AttentiveSkel3D-WeightTraining-PoC\Release_V2_AttentiveSkel3D\data\tensors\Deadlift_032.npy,D:\Data-Aji\KULIAH\Tugas-Akhir\AttentiveSkel3D-WeightTraining-PoC\Release_V2_AttentiveSkel3D\data\v2_labels\Deadlift_032_labels.npy
Deadlift_033,primer_deadlift_lateral_subjek01_rep8.mp4,Deadlift,Primer,64,19,45,70.31,Dominan Salah (Gerakan Gagal / Half Rep),Frame 1-5 (5 frame); Frame 7-43 (37 frame); Frame 62-64 (3 frame),"1, 2, 3, 4, 5, 7, 8, 9, 10, 11, 12, 13, 14, 15, 16, 17, 18, 19, 20, 21, 22, 23, 24, 25, 26, 27, 28, 29, 30, 31, 32, 33, 34, 35, 36, 37, 38, 39, 40, 41, 42, 43, 62, 63, 64","6, 44, 45, 46, 47, 48, 49, 50, 51, 52, 53, 54, 55, 56, 57, 58, 59, 60, 61",1111101111111111111111111111111111111111111000000000000000000111,D:\Data-Aji\KULIAH\Tugas-Akhir\AttentiveSkel3D-WeightTraining-PoC\Release_V2_AttentiveSkel3D\data\tensors\Deadlift_033.npy,D:\Data-Aji\KULIAH\Tugas-Akhir\AttentiveSkel3D-WeightTraining-PoC\Release_V2_AttentiveSkel3D\data\v2_labels\Deadlift_033_labels.npy
Deadlift_034,primer_deadlift_lateral_subjek01_rep9.mp4,Deadlift,Primer,64,17,47,73.44,Dominan Salah (Gerakan Gagal / Half Rep),Frame 2-9 (8 frame); Frame 11-47 (37 frame); Frame 63-64 (2 frame),"2, 3, 4, 5, 6, 7, 8, 9, 11, 12, 13, 14, 15, 16, 17, 18, 19, 20, 21, 22, 23, 24, 25, 26, 27, 28, 29, 30, 31, 32, 33, 34, 35, 36, 37, 38, 39, 40, 41, 42, 43, 44, 45, 46, 47, 63, 64","1, 10, 48, 49, 50, 51, 52, 53, 54, 55, 56, 57, 58, 59, 60, 61, 62",0111111110111111111111111111111111111111111111100000000000000011,D:\Data-Aji\KULIAH\Tugas-Akhir\AttentiveSkel3D-WeightTraining-PoC\Release_V2_AttentiveSkel3D\data\tensors\Deadlift_034.npy,D:\Data-Aji\KULIAH\Tugas-Akhir\AttentiveSkel3D-WeightTraining-PoC\Release_V2_AttentiveSkel3D\data\v2_labels\Deadlift_034_labels.npy
Deadlift_035,sekunder_sekunder_deadlift_kaggle01_rep01.mp4,Deadlift,Sekunder,64,26,38,59.38,Campuran (Sebagian Fase Gerakan Salah),Frame 1-16 (16 frame); Frame 43-64 (22 frame),"1, 2, 3, 4, 5, 6, 7, 8, 9, 10, 11, 12, 13, 14, 15, 16, 43, 44, 45, 46, 47, 48, 49, 50, 51, 52, 53, 54, 55, 56, 57, 58, 59, 60, 61, 62, 63, 64","17, 18, 19, 20, 21, 22, 23, 24, 25, 26, 27, 28, 29, 30, 31, 32, 33, 34, 35, 36, 37, 38, 39, 40, 41, 42",1111111111111111000000000000000000000000001111111111111111111111,D:\Data-Aji\KULIAH\Tugas-Akhir\AttentiveSkel3D-WeightTraining-PoC\Release_V2_AttentiveSkel3D\data\tensors\Deadlift_035.npy,D:\Data-Aji\KULIAH\Tugas-Akhir\AttentiveSkel3D-WeightTraining-PoC\Release_V2_AttentiveSkel3D\data\v2_labels\Deadlift_035_labels.npy
Deadlift_036,sekunder_sekunder_deadlift_kaggle02_rep02.mp4,Deadlift,Sekunder,64,53,11,17.19,Dominan Benar (Kesalahan Ringan/Fase Transisi),Frame 8-11 (4 frame); Frame 45-51 (7 frame),"8, 9, 10, 11, 45, 46, 47, 48, 49, 50, 51","1, 2, 3, 4, 5, 6, 7, 12, 13, 14, 15, 16, 17, 18, 19, 20, 21, 22, 23, 24, 25, 26, 27, 28, 29, 30, 31, 32, 33, 34, 35, 36, 37, 38, 39, 40, 41, 42, 43, 44, 52, 53, 54, 55, 56, 57, 58, 59, 60, 61, 62, 63, 64",0000000111100000000000000000000000000000000011111110000000000000,D:\Data-Aji\KULIAH\Tugas-Akhir\AttentiveSkel3D-WeightTraining-PoC\Release_V2_AttentiveSkel3D\data\tensors\Deadlift_036.npy,D:\Data-Aji\KULIAH\Tugas-Akhir\AttentiveSkel3D-WeightTraining-PoC\Release_V2_AttentiveSkel3D\data\v2_labels\Deadlift_036_labels.npy
Deadlift_037,sekunder_sekunder_deadlift_kaggle03_rep03.mp4,Deadlift,Sekunder,64,14,50,78.12,Dominan Salah (Gerakan Gagal / Half Rep),Frame 1-4 (4 frame); Frame 10-31 (22 frame); Frame 36-48 (13 frame); Frame 54-64 (11 frame),"1, 2, 3, 4, 10, 11, 12, 13, 14, 15, 16, 17, 18, 19, 20, 21, 22, 23, 24, 25, 26, 27, 28, 29, 30, 31, 36, 37, 38, 39, 40, 41, 42, 43, 44, 45, 46, 47, 48, 54, 55, 56, 57, 58, 59, 60, 61, 62, 63, 64","5, 6, 7, 8, 9, 32, 33, 34, 35, 49, 50, 51, 52, 53",1111000001111111111111111111111000011111111111110000011111111111,D:\Data-Aji\KULIAH\Tugas-Akhir\AttentiveSkel3D-WeightTraining-PoC\Release_V2_AttentiveSkel3D\data\tensors\Deadlift_037.npy,D:\Data-Aji\KULIAH\Tugas-Akhir\AttentiveSkel3D-WeightTraining-PoC\Release_V2_AttentiveSkel3D\data\v2_labels\Deadlift_037_labels.npy
Deadlift_038,sekunder_sekunder_deadlift_kaggle04_rep04.mp4,Deadlift,Sekunder,64,10,54,84.38,Dominan Salah (Gerakan Gagal / Half Rep),Frame 1-20 (20 frame); Frame 31-64 (34 frame),"1, 2, 3, 4, 5, 6, 7, 8, 9, 10, 11, 12, 13, 14, 15, 16, 17, 18, 19, 20, 31, 32, 33, 34, 35, 36, 37, 38, 39, 40, 41, 42, 43, 44, 45, 46, 47, 48, 49, 50, 51, 52, 53, 54, 55, 56, 57, 58, 59, 60, 61, 62, 63, 64","21, 22, 23, 24, 25, 26, 27, 28, 29, 30",1111111111111111111100000000001111111111111111111111111111111111,D:\Data-Aji\KULIAH\Tugas-Akhir\AttentiveSkel3D-WeightTraining-PoC\Release_V2_AttentiveSkel3D\data\tensors\Deadlift_038.npy,D:\Data-Aji\KULIAH\Tugas-Akhir\AttentiveSkel3D-WeightTraining-PoC\Release_V2_AttentiveSkel3D\data\v2_labels\Deadlift_038_labels.npy
Deadlift_039,sekunder_sekunder_deadlift_kaggle05_rep05.mp4,Deadlift,Sekunder,64,24,40,62.5,Campuran (Sebagian Fase Gerakan Salah),Frame 1-8 (8 frame); Frame 27-58 (32 frame),"1, 2, 3, 4, 5, 6, 7, 8, 27, 28, 29, 30, 31, 32, 33, 34, 35, 36, 37, 38, 39, 40, 41, 42, 43, 44, 45, 46, 47, 48, 49, 50, 51, 52, 53, 54, 55, 56, 57, 58","9, 10, 11, 12, 13, 14, 15, 16, 17, 18, 19, 20, 21, 22, 23, 24, 25, 26, 59, 60, 61, 62, 63, 64",1111111100000000000000000011111111111111111111111111111111000000,D:\Data-Aji\KULIAH\Tugas-Akhir\AttentiveSkel3D-WeightTraining-PoC\Release_V2_AttentiveSkel3D\data\tensors\Deadlift_039.npy,D:\Data-Aji\KULIAH\Tugas-Akhir\AttentiveSkel3D-WeightTraining-PoC\Release_V2_AttentiveSkel3D\data\v2_labels\Deadlift_039_labels.npy
Deadlift_040,sekunder_sekunder_deadlift_kaggle06_rep06.mp4,Deadlift,Sekunder,64,20,44,68.75,Dominan Salah (Gerakan Gagal / Half Rep),Frame 1-26 (26 frame); Frame 47-64 (18 frame),"1, 2, 3, 4, 5, 6, 7, 8, 9, 10, 11, 12, 13, 14, 15, 16, 17, 18, 19, 20, 21, 22, 23, 24, 25, 26, 47, 48, 49, 50, 51, 52, 53, 54, 55, 56, 57, 58, 59, 60, 61, 62, 63, 64","27, 28, 29, 30, 31, 32, 33, 34, 35, 36, 37, 38, 39, 40, 41, 42, 43, 44, 45, 46",1111111111111111111111111100000000000000000000111111111111111111,D:\Data-Aji\KULIAH\Tugas-Akhir\AttentiveSkel3D-WeightTraining-PoC\Release_V2_AttentiveSkel3D\data\tensors\Deadlift_040.npy,D:\Data-Aji\KULIAH\Tugas-Akhir\AttentiveSkel3D-WeightTraining-PoC\Release_V2_AttentiveSkel3D\data\v2_labels\Deadlift_040_labels.npy
Deadlift_042,sekunder_sekunder_deadlift_kaggle08_rep08.mp4,Deadlift,Sekunder,64,19,45,70.31,Dominan Salah (Gerakan Gagal / Half Rep),Frame 1-9 (9 frame); Frame 25-56 (32 frame); Frame 61-64 (4 frame),"1, 2, 3, 4, 5, 6, 7, 8, 9, 25, 26, 27, 28, 29, 30, 31, 32, 33, 34, 35, 36, 37, 38, 39, 40, 41, 42, 43, 44, 45, 46, 47, 48, 49, 50, 51, 52, 53, 54, 55, 56, 61, 62, 63, 64","10, 11, 12, 13, 14, 15, 16, 17, 18, 19, 20, 21, 22, 23, 24, 57, 58, 59, 60",1111111110000000000000001111111111111111111111111111111100001111,D:\Data-Aji\KULIAH\Tugas-Akhir\AttentiveSkel3D-WeightTraining-PoC\Release_V2_AttentiveSkel3D\data\tensors\Deadlift_042.npy,D:\Data-Aji\KULIAH\Tugas-Akhir\AttentiveSkel3D-WeightTraining-PoC\Release_V2_AttentiveSkel3D\data\v2_labels\Deadlift_042_labels.npy
Deadlift_043,sekunder_sekunder_deadlift_kaggle09_rep09.mp4,Deadlift,Sekunder,64,61,3,4.69,Dominan Benar (Kesalahan Ringan/Fase Transisi),Frame 45-47 (3 frame),"45, 46, 47","1, 2, 3, 4, 5, 6, 7, 8, 9, 10, 11, 12, 13, 14, 15, 16, 17, 18, 19, 20, 21, 22, 23, 24, 25, 26, 27, 28, 29, 30, 31, 32, 33, 34, 35, 36, 37, 38, 39, 40, 41, 42, 43, 44, 48, 49, 50, 51, 52, 53, 54, 55, 56, 57, 58, 59, 60, 61, 62, 63, 64",0000000000000000000000000000000000000000000011100000000000000000,D:\Data-Aji\KULIAH\Tugas-Akhir\AttentiveSkel3D-WeightTraining-PoC\Release_V2_AttentiveSkel3D\data\tensors\Deadlift_043.npy,D:\Data-Aji\KULIAH\Tugas-Akhir\AttentiveSkel3D-WeightTraining-PoC\Release_V2_AttentiveSkel3D\data\v2_labels\Deadlift_043_labels.npy
Deadlift_044,sekunder_sekunder_deadlift_kaggle100_rep100.mp4,Deadlift,Sekunder,64,42,22,34.38,Campuran (Sebagian Fase Gerakan Salah),Frame 1-10 (10 frame); Frame 53-64 (12 frame),"1, 2, 3, 4, 5, 6, 7, 8, 9, 10, 53, 54, 55, 56, 57, 58, 59, 60, 61, 62, 63, 64","11, 12, 13, 14, 15, 16, 17, 18, 19, 20, 21, 22, 23, 24, 25, 26, 27, 28, 29, 30, 31, 32, 33, 34, 35, 36, 37, 38, 39, 40, 41, 42, 43, 44, 45, 46, 47, 48, 49, 50, 51, 52",1111111111000000000000000000000000000000000000000000111111111111,D:\Data-Aji\KULIAH\Tugas-Akhir\AttentiveSkel3D-WeightTraining-PoC\Release_V2_AttentiveSkel3D\data\tensors\Deadlift_044.npy,D:\Data-Aji\KULIAH\Tugas-Akhir\AttentiveSkel3D-WeightTraining-PoC\Release_V2_AttentiveSkel3D\data\v2_labels\Deadlift_044_labels.npy
Deadlift_045,sekunder_sekunder_deadlift_kaggle10_rep10.mp4,Deadlift,Sekunder,64,16,48,75.0,Dominan Salah (Gerakan Gagal / Half Rep),Frame 1-13 (13 frame); Frame 17; Frame 19-20 (2 frame); Frame 22-35 (14 frame); Frame 39-55 (17 frame); Frame 61,"1, 2, 3, 4, 5, 6, 7, 8, 9, 10, 11, 12, 13, 17, 19, 20, 22, 23, 24, 25, 26, 27, 28, 29, 30, 31, 32, 33, 34, 35, 39, 40, 41, 42, 43, 44, 45, 46, 47, 48, 49, 50, 51, 52, 53, 54, 55, 61","14, 15, 16, 18, 21, 36, 37, 38, 56, 57, 58, 59, 60, 62, 63, 64",1111111111111000101101111111111111100011111111111111111000001000,D:\Data-Aji\KULIAH\Tugas-Akhir\AttentiveSkel3D-WeightTraining-PoC\Release_V2_AttentiveSkel3D\data\tensors\Deadlift_045.npy,D:\Data-Aji\KULIAH\Tugas-Akhir\AttentiveSkel3D-WeightTraining-PoC\Release_V2_AttentiveSkel3D\data\v2_labels\Deadlift_045_labels.npy
Deadlift_046,sekunder_sekunder_deadlift_kaggle11_rep11.mp4,Deadlift,Sekunder,64,24,40,62.5,Campuran (Sebagian Fase Gerakan Salah),Frame 1-3 (3 frame); Frame 11-21 (11 frame); Frame 26-29 (4 frame); Frame 31-37 (7 frame); Frame 45-56 (12 frame); Frame 60-62 (3 frame),"1, 2, 3, 11, 12, 13, 14, 15, 16, 17, 18, 19, 20, 21, 26, 27, 28, 29, 31, 32, 33, 34, 35, 36, 37, 45, 46, 47, 48, 49, 50, 51, 52, 53, 54, 55, 56, 60, 61, 62","4, 5, 6, 7, 8, 9, 10, 22, 23, 24, 25, 30, 38, 39, 40, 41, 42, 43, 44, 57, 58, 59, 63, 64",1110000000111111111110000111101111111000000011111111111100011100,D:\Data-Aji\KULIAH\Tugas-Akhir\AttentiveSkel3D-WeightTraining-PoC\Release_V2_AttentiveSkel3D\data\tensors\Deadlift_046.npy,D:\Data-Aji\KULIAH\Tugas-Akhir\AttentiveSkel3D-WeightTraining-PoC\Release_V2_AttentiveSkel3D\data\v2_labels\Deadlift_046_labels.npy
Deadlift_047,sekunder_sekunder_deadlift_kaggle12_rep12.mp4,Deadlift,Sekunder,64,32,32,50.0,Campuran (Sebagian Fase Gerakan Salah),Frame 1-32 (32 frame),"1, 2, 3, 4, 5, 6, 7, 8, 9, 10, 11, 12, 13, 14, 15, 16, 17, 18, 19, 20, 21, 22, 23, 24, 25, 26, 27, 28, 29, 30, 31, 32","33, 34, 35, 36, 37, 38, 39, 40, 41, 42, 43, 44, 45, 46, 47, 48, 49, 50, 51, 52, 53, 54, 55, 56, 57, 58, 59, 60, 61, 62, 63, 64",1111111111111111111111111111111100000000000000000000000000000000,D:\Data-Aji\KULIAH\Tugas-Akhir\AttentiveSkel3D-WeightTraining-PoC\Release_V2_AttentiveSkel3D\data\tensors\Deadlift_047.npy,D:\Data-Aji\KULIAH\Tugas-Akhir\AttentiveSkel3D-WeightTraining-PoC\Release_V2_AttentiveSkel3D\data\v2_labels\Deadlift_047_labels.npy
Deadlift_048,sekunder_sekunder_deadlift_kaggle13_rep13.mp4,Deadlift,Sekunder,64,1,63,98.44,Dominan Salah (Gerakan Gagal / Half Rep),Frame 1-58 (58 frame); Frame 60-64 (5 frame),"1, 2, 3, 4, 5, 6, 7, 8, 9, 10, 11, 12, 13, 14, 15, 16, 17, 18, 19, 20, 21, 22, 23, 24, 25, 26, 27, 28, 29, 30, 31, 32, 33, 34, 35, 36, 37, 38, 39, 40, 41, 42, 43, 44, 45, 46, 47, 48, 49, 50, 51, 52, 53, 54, 55, 56, 57, 58, 60, 61, 62, 63, 64",59,1111111111111111111111111111111111111111111111111111111111011111,D:\Data-Aji\KULIAH\Tugas-Akhir\AttentiveSkel3D-WeightTraining-PoC\Release_V2_AttentiveSkel3D\data\tensors\Deadlift_048.npy,D:\Data-Aji\KULIAH\Tugas-Akhir\AttentiveSkel3D-WeightTraining-PoC\Release_V2_AttentiveSkel3D\data\v2_labels\Deadlift_048_labels.npy
Deadlift_049,sekunder_sekunder_deadlift_kaggle14_rep14.mp4,Deadlift,Sekunder,64,30,34,53.12,Campuran (Sebagian Fase Gerakan Salah),Frame 1-32 (32 frame); Frame 34-35 (2 frame),"1, 2, 3, 4, 5, 6, 7, 8, 9, 10, 11, 12, 13, 14, 15, 16, 17, 18, 19, 20, 21, 22, 23, 24, 25, 26, 27, 28, 29, 30, 31, 32, 34, 35","33, 36, 37, 38, 39, 40, 41, 42, 43, 44, 45, 46, 47, 48, 49, 50, 51, 52, 53, 54, 55, 56, 57, 58, 59, 60, 61, 62, 63, 64",1111111111111111111111111111111101100000000000000000000000000000,D:\Data-Aji\KULIAH\Tugas-Akhir\AttentiveSkel3D-WeightTraining-PoC\Release_V2_AttentiveSkel3D\data\tensors\Deadlift_049.npy,D:\Data-Aji\KULIAH\Tugas-Akhir\AttentiveSkel3D-WeightTraining-PoC\Release_V2_AttentiveSkel3D\data\v2_labels\Deadlift_049_labels.npy
Deadlift_050,sekunder_sekunder_deadlift_kaggle15_rep15.mp4,Deadlift,Sekunder,64,26,38,59.38,Campuran (Sebagian Fase Gerakan Salah),Frame 1-14 (14 frame); Frame 26-37 (12 frame); Frame 48-59 (12 frame),"1, 2, 3, 4, 5, 6, 7, 8, 9, 10, 11, 12, 13, 14, 26, 27, 28, 29, 30, 31, 32, 33, 34, 35, 36, 37, 48, 49, 50, 51, 52, 53, 54, 55, 56, 57, 58, 59","15, 16, 17, 18, 19, 20, 21, 22, 23, 24, 25, 38, 39, 40, 41, 42, 43, 44, 45, 46, 47, 60, 61, 62, 63, 64",1111111111111100000000000111111111111000000000011111111111100000,D:\Data-Aji\KULIAH\Tugas-Akhir\AttentiveSkel3D-WeightTraining-PoC\Release_V2_AttentiveSkel3D\data\tensors\Deadlift_050.npy,D:\Data-Aji\KULIAH\Tugas-Akhir\AttentiveSkel3D-WeightTraining-PoC\Release_V2_AttentiveSkel3D\data\v2_labels\Deadlift_050_labels.npy
Deadlift_051,sekunder_sekunder_deadlift_kaggle16_rep16.mp4,Deadlift,Sekunder,64,34,30,46.88,Campuran (Sebagian Fase Gerakan Salah),Frame 1-10 (10 frame); Frame 45-64 (20 frame),"1, 2, 3, 4, 5, 6, 7, 8, 9, 10, 45, 46, 47, 48, 49, 50, 51, 52, 53, 54, 55, 56, 57, 58, 59, 60, 61, 62, 63, 64","11, 12, 13, 14, 15, 16, 17, 18, 19, 20, 21, 22, 23, 24, 25, 26, 27, 28, 29, 30, 31, 32, 33, 34, 35, 36, 37, 38, 39, 40, 41, 42, 43, 44",1111111111000000000000000000000000000000000011111111111111111111,D:\Data-Aji\KULIAH\Tugas-Akhir\AttentiveSkel3D-WeightTraining-PoC\Release_V2_AttentiveSkel3D\data\tensors\Deadlift_051.npy,D:\Data-Aji\KULIAH\Tugas-Akhir\AttentiveSkel3D-WeightTraining-PoC\Release_V2_AttentiveSkel3D\data\v2_labels\Deadlift_051_labels.npy
Deadlift_052,sekunder_sekunder_deadlift_kaggle17_rep17.mp4,Deadlift,Sekunder,64,54,10,15.62,Dominan Benar (Kesalahan Ringan/Fase Transisi),Frame 19-27 (9 frame); Frame 57,"19, 20, 21, 22, 23, 24, 25, 26, 27, 57","1, 2, 3, 4, 5, 6, 7, 8, 9, 10, 11, 12, 13, 14, 15, 16, 17, 18, 28, 29, 30, 31, 32, 33, 34, 35, 36, 37, 38, 39, 40, 41, 42, 43, 44, 45, 46, 47, 48, 49, 50, 51, 52, 53, 54, 55, 56, 58, 59, 60, 61, 62, 63, 64",0000000000000000001111111110000000000000000000000000000010000000,D:\Data-Aji\KULIAH\Tugas-Akhir\AttentiveSkel3D-WeightTraining-PoC\Release_V2_AttentiveSkel3D\data\tensors\Deadlift_052.npy,D:\Data-Aji\KULIAH\Tugas-Akhir\AttentiveSkel3D-WeightTraining-PoC\Release_V2_AttentiveSkel3D\data\v2_labels\Deadlift_052_labels.npy
Deadlift_053,sekunder_sekunder_deadlift_kaggle18_rep18.mp4,Deadlift,Sekunder,64,37,27,42.19,Campuran (Sebagian Fase Gerakan Salah),Frame 26-52 (27 frame),"26, 27, 28, 29, 30, 31, 32, 33, 34, 35, 36, 37, 38, 39, 40, 41, 42, 43, 44, 45, 46, 47, 48, 49, 50, 51, 52","1, 2, 3, 4, 5, 6, 7, 8, 9, 10, 11, 12, 13, 14, 15, 16, 17, 18, 19, 20, 21, 22, 23, 24, 25, 53, 54, 55, 56, 57, 58, 59, 60, 61, 62, 63, 64",0000000000000000000000000111111111111111111111111111000000000000,D:\Data-Aji\KULIAH\Tugas-Akhir\AttentiveSkel3D-WeightTraining-PoC\Release_V2_AttentiveSkel3D\data\tensors\Deadlift_053.npy,D:\Data-Aji\KULIAH\Tugas-Akhir\AttentiveSkel3D-WeightTraining-PoC\Release_V2_AttentiveSkel3D\data\v2_labels\Deadlift_053_labels.npy
Deadlift_054,sekunder_sekunder_deadlift_kaggle19_rep19.mp4,Deadlift,Sekunder,64,5,59,92.19,Dominan Salah (Gerakan Gagal / Half Rep),Frame 1-34 (34 frame); Frame 40-64 (25 frame),"1, 2, 3, 4, 5, 6, 7, 8, 9, 10, 11, 12, 13, 14, 15, 16, 17, 18, 19, 20, 21, 22, 23, 24, 25, 26, 27, 28, 29, 30, 31, 32, 33, 34, 40, 41, 42, 43, 44, 45, 46, 47, 48, 49, 50, 51, 52, 53, 54, 55, 56, 57, 58, 59, 60, 61, 62, 63, 64","35, 36, 37, 38, 39",1111111111111111111111111111111111000001111111111111111111111111,D:\Data-Aji\KULIAH\Tugas-Akhir\AttentiveSkel3D-WeightTraining-PoC\Release_V2_AttentiveSkel3D\data\tensors\Deadlift_054.npy,D:\Data-Aji\KULIAH\Tugas-Akhir\AttentiveSkel3D-WeightTraining-PoC\Release_V2_AttentiveSkel3D\data\v2_labels\Deadlift_054_labels.npy
Deadlift_055,sekunder_sekunder_deadlift_kaggle20_rep20.mp4,Deadlift,Sekunder,64,45,19,29.69,Campuran (Sebagian Fase Gerakan Salah),Frame 15-33 (19 frame),"15, 16, 17, 18, 19, 20, 21, 22, 23, 24, 25, 26, 27, 28, 29, 30, 31, 32, 33","1, 2, 3, 4, 5, 6, 7, 8, 9, 10, 11, 12, 13, 14, 34, 35, 36, 37, 38, 39, 40, 41, 42, 43, 44, 45, 46, 47, 48, 49, 50, 51, 52, 53, 54, 55, 56, 57, 58, 59, 60, 61, 62, 63, 64",0000000000000011111111111111111110000000000000000000000000000000,D:\Data-Aji\KULIAH\Tugas-Akhir\AttentiveSkel3D-WeightTraining-PoC\Release_V2_AttentiveSkel3D\data\tensors\Deadlift_055.npy,D:\Data-Aji\KULIAH\Tugas-Akhir\AttentiveSkel3D-WeightTraining-PoC\Release_V2_AttentiveSkel3D\data\v2_labels\Deadlift_055_labels.npy
Deadlift_056,sekunder_sekunder_deadlift_kaggle21_rep21.mp4,Deadlift,Sekunder,64,23,41,64.06,Dominan Salah (Gerakan Gagal / Half Rep),Frame 1-31 (31 frame); Frame 55-64 (10 frame),"1, 2, 3, 4, 5, 6, 7, 8, 9, 10, 11, 12, 13, 14, 15, 16, 17, 18, 19, 20, 21, 22, 23, 24, 25, 26, 27, 28, 29, 30, 31, 55, 56, 57, 58, 59, 60, 61, 62, 63, 64","32, 33, 34, 35, 36, 37, 38, 39, 40, 41, 42, 43, 44, 45, 46, 47, 48, 49, 50, 51, 52, 53, 54",1111111111111111111111111111111000000000000000000000001111111111,D:\Data-Aji\KULIAH\Tugas-Akhir\AttentiveSkel3D-WeightTraining-PoC\Release_V2_AttentiveSkel3D\data\tensors\Deadlift_056.npy,D:\Data-Aji\KULIAH\Tugas-Akhir\AttentiveSkel3D-WeightTraining-PoC\Release_V2_AttentiveSkel3D\data\v2_labels\Deadlift_056_labels.npy
Deadlift_057,sekunder_sekunder_deadlift_kaggle22_rep22.mp4,Deadlift,Sekunder,64,35,29,45.31,Campuran (Sebagian Fase Gerakan Salah),Frame 9-23 (15 frame); Frame 38-51 (14 frame),"9, 10, 11, 12, 13, 14, 15, 16, 17, 18, 19, 20, 21, 22, 23, 38, 39, 40, 41, 42, 43, 44, 45, 46, 47, 48, 49, 50, 51","1, 2, 3, 4, 5, 6, 7, 8, 24, 25, 26, 27, 28, 29, 30, 31, 32, 33, 34, 35, 36, 37, 52, 53, 54, 55, 56, 57, 58, 59, 60, 61, 62, 63, 64",0000000011111111111111100000000000000111111111111110000000000000,D:\Data-Aji\KULIAH\Tugas-Akhir\AttentiveSkel3D-WeightTraining-PoC\Release_V2_AttentiveSkel3D\data\tensors\Deadlift_057.npy,D:\Data-Aji\KULIAH\Tugas-Akhir\AttentiveSkel3D-WeightTraining-PoC\Release_V2_AttentiveSkel3D\data\v2_labels\Deadlift_057_labels.npy
Deadlift_058,sekunder_sekunder_deadlift_kaggle23_rep23.mp4,Deadlift,Sekunder,64,25,39,60.94,Campuran (Sebagian Fase Gerakan Salah),Frame 1-30 (30 frame); Frame 56-64 (9 frame),"1, 2, 3, 4, 5, 6, 7, 8, 9, 10, 11, 12, 13, 14, 15, 16, 17, 18, 19, 20, 21, 22, 23, 24, 25, 26, 27, 28, 29, 30, 56, 57, 58, 59, 60, 61, 62, 63, 64","31, 32, 33, 34, 35, 36, 37, 38, 39, 40, 41, 42, 43, 44, 45, 46, 47, 48, 49, 50, 51, 52, 53, 54, 55",1111111111111111111111111111110000000000000000000000000111111111,D:\Data-Aji\KULIAH\Tugas-Akhir\AttentiveSkel3D-WeightTraining-PoC\Release_V2_AttentiveSkel3D\data\tensors\Deadlift_058.npy,D:\Data-Aji\KULIAH\Tugas-Akhir\AttentiveSkel3D-WeightTraining-PoC\Release_V2_AttentiveSkel3D\data\v2_labels\Deadlift_058_labels.npy
Deadlift_059,sekunder_sekunder_deadlift_kaggle24_rep24.mp4,Deadlift,Sekunder,64,24,40,62.5,Campuran (Sebagian Fase Gerakan Salah),Frame 1-6 (6 frame); Frame 11; Frame 24-43 (20 frame); Frame 47; Frame 49-56 (8 frame); Frame 61-64 (4 frame),"1, 2, 3, 4, 5, 6, 11, 24, 25, 26, 27, 28, 29, 30, 31, 32, 33, 34, 35, 36, 37, 38, 39, 40, 41, 42, 43, 47, 49, 50, 51, 52, 53, 54, 55, 56, 61, 62, 63, 64","7, 8, 9, 10, 12, 13, 14, 15, 16, 17, 18, 19, 20, 21, 22, 23, 44, 45, 46, 48, 57, 58, 59, 60",1111110000100000000000011111111111111111111000101111111100001111,D:\Data-Aji\KULIAH\Tugas-Akhir\AttentiveSkel3D-WeightTraining-PoC\Release_V2_AttentiveSkel3D\data\tensors\Deadlift_059.npy,D:\Data-Aji\KULIAH\Tugas-Akhir\AttentiveSkel3D-WeightTraining-PoC\Release_V2_AttentiveSkel3D\data\v2_labels\Deadlift_059_labels.npy
Deadlift_060,sekunder_sekunder_deadlift_kaggle25_rep25.mp4,Deadlift,Sekunder,64,34,30,46.88,Campuran (Sebagian Fase Gerakan Salah),Frame 1-17 (17 frame); Frame 30; Frame 34-38 (5 frame); Frame 41; Frame 57-62 (6 frame),"1, 2, 3, 4, 5, 6, 7, 8, 9, 10, 11, 12, 13, 14, 15, 16, 17, 30, 34, 35, 36, 37, 38, 41, 57, 58, 59, 60, 61, 62","18, 19, 20, 21, 22, 23, 24, 25, 26, 27, 28, 29, 31, 32, 33, 39, 40, 42, 43, 44, 45, 46, 47, 48, 49, 50, 51, 52, 53, 54, 55, 56, 63, 64",1111111111111111100000000000010001111100100000000000000011111100,D:\Data-Aji\KULIAH\Tugas-Akhir\AttentiveSkel3D-WeightTraining-PoC\Release_V2_AttentiveSkel3D\data\tensors\Deadlift_060.npy,D:\Data-Aji\KULIAH\Tugas-Akhir\AttentiveSkel3D-WeightTraining-PoC\Release_V2_AttentiveSkel3D\data\v2_labels\Deadlift_060_labels.npy
Deadlift_061,sekunder_sekunder_deadlift_kaggle26_rep26.mp4,Deadlift,Sekunder,64,26,38,59.38,Campuran (Sebagian Fase Gerakan Salah),Frame 1-6 (6 frame); Frame 13-23 (11 frame); Frame 33-48 (16 frame); Frame 60-64 (5 frame),"1, 2, 3, 4, 5, 6, 13, 14, 15, 16, 17, 18, 19, 20, 21, 22, 23, 33, 34, 35, 36, 37, 38, 39, 40, 41, 42, 43, 44, 45, 46, 47, 48, 60, 61, 62, 63, 64","7, 8, 9, 10, 11, 12, 24, 25, 26, 27, 28, 29, 30, 31, 32, 49, 50, 51, 52, 53, 54, 55, 56, 57, 58, 59",1111110000001111111111100000000011111111111111110000000000011111,D:\Data-Aji\KULIAH\Tugas-Akhir\AttentiveSkel3D-WeightTraining-PoC\Release_V2_AttentiveSkel3D\data\tensors\Deadlift_061.npy,D:\Data-Aji\KULIAH\Tugas-Akhir\AttentiveSkel3D-WeightTraining-PoC\Release_V2_AttentiveSkel3D\data\v2_labels\Deadlift_061_labels.npy
Deadlift_062,sekunder_sekunder_deadlift_kaggle27_rep27.mp4,Deadlift,Sekunder,64,18,46,71.88,Dominan Salah (Gerakan Gagal / Half Rep),Frame 1-7 (7 frame); Frame 9-10 (2 frame); Frame 16-26 (11 frame); Frame 30-36 (7 frame); Frame 38-39 (2 frame); Frame 42-47 (6 frame); Frame 54-64 (11 frame),"1, 2, 3, 4, 5, 6, 7, 9, 10, 16, 17, 18, 19, 20, 21, 22, 23, 24, 25, 26, 30, 31, 32, 33, 34, 35, 36, 38, 39, 42, 43, 44, 45, 46, 47, 54, 55, 56, 57, 58, 59, 60, 61, 62, 63, 64","8, 11, 12, 13, 14, 15, 27, 28, 29, 37, 40, 41, 48, 49, 50, 51, 52, 53",1111111011000001111111111100011111110110011111100000011111111111,D:\Data-Aji\KULIAH\Tugas-Akhir\AttentiveSkel3D-WeightTraining-PoC\Release_V2_AttentiveSkel3D\data\tensors\Deadlift_062.npy,D:\Data-Aji\KULIAH\Tugas-Akhir\AttentiveSkel3D-WeightTraining-PoC\Release_V2_AttentiveSkel3D\data\v2_labels\Deadlift_062_labels.npy
Deadlift_063,sekunder_sekunder_deadlift_kaggle28_rep28.mp4,Deadlift,Sekunder,64,64,0,0.0,100% Sempurna (Tidak Ada Kesalahan),Tidak Ada Frame Salah (100% Sempurna),-,"1, 2, 3, 4, 5, 6, 7, 8, 9, 10, 11, 12, 13, 14, 15, 16, 17, 18, 19, 20, 21, 22, 23, 24, 25, 26, 27, 28, 29, 30, 31, 32, 33, 34, 35, 36, 37, 38, 39, 40, 41, 42, 43, 44, 45, 46, 47, 48, 49, 50, 51, 52, 53, 54, 55, 56, 57, 58, 59, 60, 61, 62, 63, 64",0000000000000000000000000000000000000000000000000000000000000000,D:\Data-Aji\KULIAH\Tugas-Akhir\AttentiveSkel3D-WeightTraining-PoC\Release_V2_AttentiveSkel3D\data\tensors\Deadlift_063.npy,D:\Data-Aji\KULIAH\Tugas-Akhir\AttentiveSkel3D-WeightTraining-PoC\Release_V2_AttentiveSkel3D\data\v2_labels\Deadlift_063_labels.npy
Deadlift_064,sekunder_sekunder_deadlift_kaggle29_rep29.mp4,Deadlift,Sekunder,64,19,45,70.31,Dominan Salah (Gerakan Gagal / Half Rep),Frame 1-16 (16 frame); Frame 25-26 (2 frame); Frame 30-56 (27 frame),"1, 2, 3, 4, 5, 6, 7, 8, 9, 10, 11, 12, 13, 14, 15, 16, 25, 26, 30, 31, 32, 33, 34, 35, 36, 37, 38, 39, 40, 41, 42, 43, 44, 45, 46, 47, 48, 49, 50, 51, 52, 53, 54, 55, 56","17, 18, 19, 20, 21, 22, 23, 24, 27, 28, 29, 57, 58, 59, 60, 61, 62, 63, 64",1111111111111111000000001100011111111111111111111111111100000000,D:\Data-Aji\KULIAH\Tugas-Akhir\AttentiveSkel3D-WeightTraining-PoC\Release_V2_AttentiveSkel3D\data\tensors\Deadlift_064.npy,D:\Data-Aji\KULIAH\Tugas-Akhir\AttentiveSkel3D-WeightTraining-PoC\Release_V2_AttentiveSkel3D\data\v2_labels\Deadlift_064_labels.npy
Deadlift_065,sekunder_sekunder_deadlift_kaggle30_rep30.mp4,Deadlift,Sekunder,64,4,60,93.75,Dominan Salah (Gerakan Gagal / Half Rep),Frame 1-24 (24 frame); Frame 26-47 (22 frame); Frame 51-64 (14 frame),"1, 2, 3, 4, 5, 6, 7, 8, 9, 10, 11, 12, 13, 14, 15, 16, 17, 18, 19, 20, 21, 22, 23, 24, 26, 27, 28, 29, 30, 31, 32, 33, 34, 35, 36, 37, 38, 39, 40, 41, 42, 43, 44, 45, 46, 47, 51, 52, 53, 54, 55, 56, 57, 58, 59, 60, 61, 62, 63, 64","25, 48, 49, 50",1111111111111111111111110111111111111111111111100011111111111111,D:\Data-Aji\KULIAH\Tugas-Akhir\AttentiveSkel3D-WeightTraining-PoC\Release_V2_AttentiveSkel3D\data\tensors\Deadlift_065.npy,D:\Data-Aji\KULIAH\Tugas-Akhir\AttentiveSkel3D-WeightTraining-PoC\Release_V2_AttentiveSkel3D\data\v2_labels\Deadlift_065_labels.npy
Deadlift_066,sekunder_sekunder_deadlift_kaggle31_rep31.mp4,Deadlift,Sekunder,64,44,20,31.25,Campuran (Sebagian Fase Gerakan Salah),Frame 18-22 (5 frame); Frame 48-62 (15 frame),"18, 19, 20, 21, 22, 48, 49, 50, 51, 52, 53, 54, 55, 56, 57, 58, 59, 60, 61, 62","1, 2, 3, 4, 5, 6, 7, 8, 9, 10, 11, 12, 13, 14, 15, 16, 17, 23, 24, 25, 26, 27, 28, 29, 30, 31, 32, 33, 34, 35, 36, 37, 38, 39, 40, 41, 42, 43, 44, 45, 46, 47, 63, 64",0000000000000000011111000000000000000000000000011111111111111100,D:\Data-Aji\KULIAH\Tugas-Akhir\AttentiveSkel3D-WeightTraining-PoC\Release_V2_AttentiveSkel3D\data\tensors\Deadlift_066.npy,D:\Data-Aji\KULIAH\Tugas-Akhir\AttentiveSkel3D-WeightTraining-PoC\Release_V2_AttentiveSkel3D\data\v2_labels\Deadlift_066_labels.npy
Deadlift_067,sekunder_sekunder_deadlift_kaggle32_rep32.mp4,Deadlift,Sekunder,64,34,30,46.88,Campuran (Sebagian Fase Gerakan Salah),Frame 1-16 (16 frame); Frame 51-64 (14 frame),"1, 2, 3, 4, 5, 6, 7, 8, 9, 10, 11, 12, 13, 14, 15, 16, 51, 52, 53, 54, 55, 56, 57, 58, 59, 60, 61, 62, 63, 64","17, 18, 19, 20, 21, 22, 23, 24, 25, 26, 27, 28, 29, 30, 31, 32, 33, 34, 35, 36, 37, 38, 39, 40, 41, 42, 43, 44, 45, 46, 47, 48, 49, 50",1111111111111111000000000000000000000000000000000011111111111111,D:\Data-Aji\KULIAH\Tugas-Akhir\AttentiveSkel3D-WeightTraining-PoC\Release_V2_AttentiveSkel3D\data\tensors\Deadlift_067.npy,D:\Data-Aji\KULIAH\Tugas-Akhir\AttentiveSkel3D-WeightTraining-PoC\Release_V2_AttentiveSkel3D\data\v2_labels\Deadlift_067_labels.npy
Deadlift_069,sekunder_sekunder_deadlift_kaggle34_rep34.mp4,Deadlift,Sekunder,64,24,40,62.5,Campuran (Sebagian Fase Gerakan Salah),Frame 1-7 (7 frame); Frame 10; Frame 12-18 (7 frame); Frame 24-46 (23 frame); Frame 63-64 (2 frame),"1, 2, 3, 4, 5, 6, 7, 10, 12, 13, 14, 15, 16, 17, 18, 24, 25, 26, 27, 28, 29, 30, 31, 32, 33, 34, 35, 36, 37, 38, 39, 40, 41, 42, 43, 44, 45, 46, 63, 64","8, 9, 11, 19, 20, 21, 22, 23, 47, 48, 49, 50, 51, 52, 53, 54, 55, 56, 57, 58, 59, 60, 61, 62",1111111001011111110000011111111111111111111111000000000000000011,D:\Data-Aji\KULIAH\Tugas-Akhir\AttentiveSkel3D-WeightTraining-PoC\Release_V2_AttentiveSkel3D\data\tensors\Deadlift_069.npy,D:\Data-Aji\KULIAH\Tugas-Akhir\AttentiveSkel3D-WeightTraining-PoC\Release_V2_AttentiveSkel3D\data\v2_labels\Deadlift_069_labels.npy
Deadlift_070,sekunder_sekunder_deadlift_kaggle35_rep35.mp4,Deadlift,Sekunder,64,35,29,45.31,Campuran (Sebagian Fase Gerakan Salah),Frame 1-2 (2 frame); Frame 15-23 (9 frame); Frame 26-28 (3 frame); Frame 36; Frame 48-51 (4 frame); Frame 54-63 (10 frame),"1, 2, 15, 16, 17, 18, 19, 20, 21, 22, 23, 26, 27, 28, 36, 48, 49, 50, 51, 54, 55, 56, 57, 58, 59, 60, 61, 62, 63","3, 4, 5, 6, 7, 8, 9, 10, 11, 12, 13, 14, 24, 25, 29, 30, 31, 32, 33, 34, 35, 37, 38, 39, 40, 41, 42, 43, 44, 45, 46, 47, 52, 53, 64",1100000000000011111111100111000000010000000000011110011111111110,D:\Data-Aji\KULIAH\Tugas-Akhir\AttentiveSkel3D-WeightTraining-PoC\Release_V2_AttentiveSkel3D\data\tensors\Deadlift_070.npy,D:\Data-Aji\KULIAH\Tugas-Akhir\AttentiveSkel3D-WeightTraining-PoC\Release_V2_AttentiveSkel3D\data\v2_labels\Deadlift_070_labels.npy
Deadlift_072,sekunder_sekunder_deadlift_kaggle37_rep37.mp4,Deadlift,Sekunder,64,12,52,81.25,Dominan Salah (Gerakan Gagal / Half Rep),Frame 1-8 (8 frame); Frame 20-23 (4 frame); Frame 25-64 (40 frame),"1, 2, 3, 4, 5, 6, 7, 8, 20, 21, 22, 23, 25, 26, 27, 28, 29, 30, 31, 32, 33, 34, 35, 36, 37, 38, 39, 40, 41, 42, 43, 44, 45, 46, 47, 48, 49, 50, 51, 52, 53, 54, 55, 56, 57, 58, 59, 60, 61, 62, 63, 64","9, 10, 11, 12, 13, 14, 15, 16, 17, 18, 19, 24",1111111100000000000111101111111111111111111111111111111111111111,D:\Data-Aji\KULIAH\Tugas-Akhir\AttentiveSkel3D-WeightTraining-PoC\Release_V2_AttentiveSkel3D\data\tensors\Deadlift_072.npy,D:\Data-Aji\KULIAH\Tugas-Akhir\AttentiveSkel3D-WeightTraining-PoC\Release_V2_AttentiveSkel3D\data\v2_labels\Deadlift_072_labels.npy
Deadlift_073,sekunder_sekunder_deadlift_kaggle38_rep38.mp4,Deadlift,Sekunder,64,38,26,40.62,Campuran (Sebagian Fase Gerakan Salah),Frame 1-8 (8 frame); Frame 23-31 (9 frame); Frame 45-53 (9 frame),"1, 2, 3, 4, 5, 6, 7, 8, 23, 24, 25, 26, 27, 28, 29, 30, 31, 45, 46, 47, 48, 49, 50, 51, 52, 53","9, 10, 11, 12, 13, 14, 15, 16, 17, 18, 19, 20, 21, 22, 32, 33, 34, 35, 36, 37, 38, 39, 40, 41, 42, 43, 44, 54, 55, 56, 57, 58, 59, 60, 61, 62, 63, 64",1111111100000000000000111111111000000000000011111111100000000000,D:\Data-Aji\KULIAH\Tugas-Akhir\AttentiveSkel3D-WeightTraining-PoC\Release_V2_AttentiveSkel3D\data\tensors\Deadlift_073.npy,D:\Data-Aji\KULIAH\Tugas-Akhir\AttentiveSkel3D-WeightTraining-PoC\Release_V2_AttentiveSkel3D\data\v2_labels\Deadlift_073_labels.npy
Deadlift_074,sekunder_sekunder_deadlift_kaggle39_rep39.mp4,Deadlift,Sekunder,64,25,39,60.94,Campuran (Sebagian Fase Gerakan Salah),Frame 1-14 (14 frame); Frame 24-33 (10 frame); Frame 39-41 (3 frame); Frame 49-59 (11 frame); Frame 64,"1, 2, 3, 4, 5, 6, 7, 8, 9, 10, 11, 12, 13, 14, 24, 25, 26, 27, 28, 29, 30, 31, 32, 33, 39, 40, 41, 49, 50, 51, 52, 53, 54, 55, 56, 57, 58, 59, 64","15, 16, 17, 18, 19, 20, 21, 22, 23, 34, 35, 36, 37, 38, 42, 43, 44, 45, 46, 47, 48, 60, 61, 62, 63",1111111111111100000000011111111110000011100000001111111111100001,D:\Data-Aji\KULIAH\Tugas-Akhir\AttentiveSkel3D-WeightTraining-PoC\Release_V2_AttentiveSkel3D\data\tensors\Deadlift_074.npy,D:\Data-Aji\KULIAH\Tugas-Akhir\AttentiveSkel3D-WeightTraining-PoC\Release_V2_AttentiveSkel3D\data\v2_labels\Deadlift_074_labels.npy
Deadlift_075,sekunder_sekunder_deadlift_kaggle40_rep40.mp4,Deadlift,Sekunder,64,28,36,56.25,Campuran (Sebagian Fase Gerakan Salah),Frame 5-23 (19 frame); Frame 42-45 (4 frame); Frame 48-60 (13 frame),"5, 6, 7, 8, 9, 10, 11, 12, 13, 14, 15, 16, 17, 18, 19, 20, 21, 22, 23, 42, 43, 44, 45, 48, 49, 50, 51, 52, 53, 54, 55, 56, 57, 58, 59, 60","1, 2, 3, 4, 24, 25, 26, 27, 28, 29, 30, 31, 32, 33, 34, 35, 36, 37, 38, 39, 40, 41, 46, 47, 61, 62, 63, 64",0000111111111111111111100000000000000000011110011111111111110000,D:\Data-Aji\KULIAH\Tugas-Akhir\AttentiveSkel3D-WeightTraining-PoC\Release_V2_AttentiveSkel3D\data\tensors\Deadlift_075.npy,D:\Data-Aji\KULIAH\Tugas-Akhir\AttentiveSkel3D-WeightTraining-PoC\Release_V2_AttentiveSkel3D\data\v2_labels\Deadlift_075_labels.npy
Deadlift_076,sekunder_sekunder_deadlift_kaggle41_rep41.mp4,Deadlift,Sekunder,64,10,54,84.38,Dominan Salah (Gerakan Gagal / Half Rep),Frame 1-13 (13 frame); Frame 24-64 (41 frame),"1, 2, 3, 4, 5, 6, 7, 8, 9, 10, 11, 12, 13, 24, 25, 26, 27, 28, 29, 30, 31, 32, 33, 34, 35, 36, 37, 38, 39, 40, 41, 42, 43, 44, 45, 46, 47, 48, 49, 50, 51, 52, 53, 54, 55, 56, 57, 58, 59, 60, 61, 62, 63, 64","14, 15, 16, 17, 18, 19, 20, 21, 22, 23",1111111111111000000000011111111111111111111111111111111111111111,D:\Data-Aji\KULIAH\Tugas-Akhir\AttentiveSkel3D-WeightTraining-PoC\Release_V2_AttentiveSkel3D\data\tensors\Deadlift_076.npy,D:\Data-Aji\KULIAH\Tugas-Akhir\AttentiveSkel3D-WeightTraining-PoC\Release_V2_AttentiveSkel3D\data\v2_labels\Deadlift_076_labels.npy
Deadlift_077,sekunder_sekunder_deadlift_kaggle42_rep42.mp4,Deadlift,Sekunder,64,51,13,20.31,Dominan Benar (Kesalahan Ringan/Fase Transisi),Frame 36-48 (13 frame),"36, 37, 38, 39, 40, 41, 42, 43, 44, 45, 46, 47, 48","1, 2, 3, 4, 5, 6, 7, 8, 9, 10, 11, 12, 13, 14, 15, 16, 17, 18, 19, 20, 21, 22, 23, 24, 25, 26, 27, 28, 29, 30, 31, 32, 33, 34, 35, 49, 50, 51, 52, 53, 54, 55, 56, 57, 58, 59, 60, 61, 62, 63, 64",0000000000000000000000000000000000011111111111110000000000000000,D:\Data-Aji\KULIAH\Tugas-Akhir\AttentiveSkel3D-WeightTraining-PoC\Release_V2_AttentiveSkel3D\data\tensors\Deadlift_077.npy,D:\Data-Aji\KULIAH\Tugas-Akhir\AttentiveSkel3D-WeightTraining-PoC\Release_V2_AttentiveSkel3D\data\v2_labels\Deadlift_077_labels.npy
Deadlift_078,sekunder_sekunder_deadlift_kaggle43_rep43.mp4,Deadlift,Sekunder,64,21,43,67.19,Dominan Salah (Gerakan Gagal / Half Rep),Frame 9-15 (7 frame); Frame 20-53 (34 frame); Frame 63-64 (2 frame),"9, 10, 11, 12, 13, 14, 15, 20, 21, 22, 23, 24, 25, 26, 27, 28, 29, 30, 31, 32, 33, 34, 35, 36, 37, 38, 39, 40, 41, 42, 43, 44, 45, 46, 47, 48, 49, 50, 51, 52, 53, 63, 64","1, 2, 3, 4, 5, 6, 7, 8, 16, 17, 18, 19, 54, 55, 56, 57, 58, 59, 60, 61, 62",0000000011111110000111111111111111111111111111111111100000000011,D:\Data-Aji\KULIAH\Tugas-Akhir\AttentiveSkel3D-WeightTraining-PoC\Release_V2_AttentiveSkel3D\data\tensors\Deadlift_078.npy,D:\Data-Aji\KULIAH\Tugas-Akhir\AttentiveSkel3D-WeightTraining-PoC\Release_V2_AttentiveSkel3D\data\v2_labels\Deadlift_078_labels.npy
Deadlift_079,sekunder_sekunder_deadlift_kaggle44_rep44.mp4,Deadlift,Sekunder,64,39,25,39.06,Campuran (Sebagian Fase Gerakan Salah),Frame 1-9 (9 frame); Frame 25-33 (9 frame); Frame 52-58 (7 frame),"1, 2, 3, 4, 5, 6, 7, 8, 9, 25, 26, 27, 28, 29, 30, 31, 32, 33, 52, 53, 54, 55, 56, 57, 58","10, 11, 12, 13, 14, 15, 16, 17, 18, 19, 20, 21, 22, 23, 24, 34, 35, 36, 37, 38, 39, 40, 41, 42, 43, 44, 45, 46, 47, 48, 49, 50, 51, 59, 60, 61, 62, 63, 64",1111111110000000000000001111111110000000000000000001111111000000,D:\Data-Aji\KULIAH\Tugas-Akhir\AttentiveSkel3D-WeightTraining-PoC\Release_V2_AttentiveSkel3D\data\tensors\Deadlift_079.npy,D:\Data-Aji\KULIAH\Tugas-Akhir\AttentiveSkel3D-WeightTraining-PoC\Release_V2_AttentiveSkel3D\data\v2_labels\Deadlift_079_labels.npy
Deadlift_080,sekunder_sekunder_deadlift_kaggle45_rep45.mp4,Deadlift,Sekunder,64,19,45,70.31,Dominan Salah (Gerakan Gagal / Half Rep),Frame 1; Frame 5; Frame 7-9 (3 frame); Frame 11-12 (2 frame); Frame 18-36 (19 frame); Frame 42-49 (8 frame); Frame 54-64 (11 frame),"1, 5, 7, 8, 9, 11, 12, 18, 19, 20, 21, 22, 23, 24, 25, 26, 27, 28, 29, 30, 31, 32, 33, 34, 35, 36, 42, 43, 44, 45, 46, 47, 48, 49, 54, 55, 56, 57, 58, 59, 60, 61, 62, 63, 64","2, 3, 4, 6, 10, 13, 14, 15, 16, 17, 37, 38, 39, 40, 41, 50, 51, 52, 53",1000101110110000011111111111111111110000011111111000011111111111,D:\Data-Aji\KULIAH\Tugas-Akhir\AttentiveSkel3D-WeightTraining-PoC\Release_V2_AttentiveSkel3D\data\tensors\Deadlift_080.npy,D:\Data-Aji\KULIAH\Tugas-Akhir\AttentiveSkel3D-WeightTraining-PoC\Release_V2_AttentiveSkel3D\data\v2_labels\Deadlift_080_labels.npy
Deadlift_081,sekunder_sekunder_deadlift_kaggle46_rep46.mp4,Deadlift,Sekunder,64,43,21,32.81,Campuran (Sebagian Fase Gerakan Salah),Frame 1-8 (8 frame); Frame 20-27 (8 frame); Frame 52-56 (5 frame),"1, 2, 3, 4, 5, 6, 7, 8, 20, 21, 22, 23, 24, 25, 26, 27, 52, 53, 54, 55, 56","9, 10, 11, 12, 13, 14, 15, 16, 17, 18, 19, 28, 29, 30, 31, 32, 33, 34, 35, 36, 37, 38, 39, 40, 41, 42, 43, 44, 45, 46, 47, 48, 49, 50, 51, 57, 58, 59, 60, 61, 62, 63, 64",1111111100000000000111111110000000000000000000000001111100000000,D:\Data-Aji\KULIAH\Tugas-Akhir\AttentiveSkel3D-WeightTraining-PoC\Release_V2_AttentiveSkel3D\data\tensors\Deadlift_081.npy,D:\Data-Aji\KULIAH\Tugas-Akhir\AttentiveSkel3D-WeightTraining-PoC\Release_V2_AttentiveSkel3D\data\v2_labels\Deadlift_081_labels.npy
Deadlift_082,sekunder_sekunder_deadlift_kaggle47_rep47.mp4,Deadlift,Sekunder,64,63,1,1.56,Dominan Benar (Kesalahan Ringan/Fase Transisi),Frame 43,43,"1, 2, 3, 4, 5, 6, 7, 8, 9, 10, 11, 12, 13, 14, 15, 16, 17, 18, 19, 20, 21, 22, 23, 24, 25, 26, 27, 28, 29, 30, 31, 32, 33, 34, 35, 36, 37, 38, 39, 40, 41, 42, 44, 45, 46, 47, 48, 49, 50, 51, 52, 53, 54, 55, 56, 57, 58, 59, 60, 61, 62, 63, 64",0000000000000000000000000000000000000000001000000000000000000000,D:\Data-Aji\KULIAH\Tugas-Akhir\AttentiveSkel3D-WeightTraining-PoC\Release_V2_AttentiveSkel3D\data\tensors\Deadlift_082.npy,D:\Data-Aji\KULIAH\Tugas-Akhir\AttentiveSkel3D-WeightTraining-PoC\Release_V2_AttentiveSkel3D\data\v2_labels\Deadlift_082_labels.npy
Deadlift_083,sekunder_sekunder_deadlift_kaggle48_rep48.mp4,Deadlift,Sekunder,64,13,51,79.69,Dominan Salah (Gerakan Gagal / Half Rep),Frame 1-6 (6 frame); Frame 20-64 (45 frame),"1, 2, 3, 4, 5, 6, 20, 21, 22, 23, 24, 25, 26, 27, 28, 29, 30, 31, 32, 33, 34, 35, 36, 37, 38, 39, 40, 41, 42, 43, 44, 45, 46, 47, 48, 49, 50, 51, 52, 53, 54, 55, 56, 57, 58, 59, 60, 61, 62, 63, 64","7, 8, 9, 10, 11, 12, 13, 14, 15, 16, 17, 18, 19",1111110000000000000111111111111111111111111111111111111111111111,D:\Data-Aji\KULIAH\Tugas-Akhir\AttentiveSkel3D-WeightTraining-PoC\Release_V2_AttentiveSkel3D\data\tensors\Deadlift_083.npy,D:\Data-Aji\KULIAH\Tugas-Akhir\AttentiveSkel3D-WeightTraining-PoC\Release_V2_AttentiveSkel3D\data\v2_labels\Deadlift_083_labels.npy
Deadlift_084,sekunder_sekunder_deadlift_kaggle49_rep49.mp4,Deadlift,Sekunder,64,32,32,50.0,Campuran (Sebagian Fase Gerakan Salah),Frame 1-14 (14 frame); Frame 47-64 (18 frame),"1, 2, 3, 4, 5, 6, 7, 8, 9, 10, 11, 12, 13, 14, 47, 48, 49, 50, 51, 52, 53, 54, 55, 56, 57, 58, 59, 60, 61, 62, 63, 64","15, 16, 17, 18, 19, 20, 21, 22, 23, 24, 25, 26, 27, 28, 29, 30, 31, 32, 33, 34, 35, 36, 37, 38, 39, 40, 41, 42, 43, 44, 45, 46",1111111111111100000000000000000000000000000000111111111111111111,D:\Data-Aji\KULIAH\Tugas-Akhir\AttentiveSkel3D-WeightTraining-PoC\Release_V2_AttentiveSkel3D\data\tensors\Deadlift_084.npy,D:\Data-Aji\KULIAH\Tugas-Akhir\AttentiveSkel3D-WeightTraining-PoC\Release_V2_AttentiveSkel3D\data\v2_labels\Deadlift_084_labels.npy
Deadlift_085,sekunder_sekunder_deadlift_kaggle50_rep50.mp4,Deadlift,Sekunder,64,33,31,48.44,Campuran (Sebagian Fase Gerakan Salah),Frame 7-25 (19 frame); Frame 47; Frame 54-64 (11 frame),"7, 8, 9, 10, 11, 12, 13, 14, 15, 16, 17, 18, 19, 20, 21, 22, 23, 24, 25, 47, 54, 55, 56, 57, 58, 59, 60, 61, 62, 63, 64","1, 2, 3, 4, 5, 6, 26, 27, 28, 29, 30, 31, 32, 33, 34, 35, 36, 37, 38, 39, 40, 41, 42, 43, 44, 45, 46, 48, 49, 50, 51, 52, 53",0000001111111111111111111000000000000000000000100000011111111111,D:\Data-Aji\KULIAH\Tugas-Akhir\AttentiveSkel3D-WeightTraining-PoC\Release_V2_AttentiveSkel3D\data\tensors\Deadlift_085.npy,D:\Data-Aji\KULIAH\Tugas-Akhir\AttentiveSkel3D-WeightTraining-PoC\Release_V2_AttentiveSkel3D\data\v2_labels\Deadlift_085_labels.npy
Deadlift_086,sekunder_sekunder_deadlift_kaggle51_rep51.mp4,Deadlift,Sekunder,64,43,21,32.81,Campuran (Sebagian Fase Gerakan Salah),Frame 34-54 (21 frame),"34, 35, 36, 37, 38, 39, 40, 41, 42, 43, 44, 45, 46, 47, 48, 49, 50, 51, 52, 53, 54","1, 2, 3, 4, 5, 6, 7, 8, 9, 10, 11, 12, 13, 14, 15, 16, 17, 18, 19, 20, 21, 22, 23, 24, 25, 26, 27, 28, 29, 30, 31, 32, 33, 55, 56, 57, 58, 59, 60, 61, 62, 63, 64",0000000000000000000000000000000001111111111111111111110000000000,D:\Data-Aji\KULIAH\Tugas-Akhir\AttentiveSkel3D-WeightTraining-PoC\Release_V2_AttentiveSkel3D\data\tensors\Deadlift_086.npy,D:\Data-Aji\KULIAH\Tugas-Akhir\AttentiveSkel3D-WeightTraining-PoC\Release_V2_AttentiveSkel3D\data\v2_labels\Deadlift_086_labels.npy
Deadlift_087,sekunder_sekunder_deadlift_kaggle52_rep52.mp4,Deadlift,Sekunder,64,57,7,10.94,Dominan Benar (Kesalahan Ringan/Fase Transisi),Frame 34-40 (7 frame),"34, 35, 36, 37, 38, 39, 40","1, 2, 3, 4, 5, 6, 7, 8, 9, 10, 11, 12, 13, 14, 15, 16, 17, 18, 19, 20, 21, 22, 23, 24, 25, 26, 27, 28, 29, 30, 31, 32, 33, 41, 42, 43, 44, 45, 46, 47, 48, 49, 50, 51, 52, 53, 54, 55, 56, 57, 58, 59, 60, 61, 62, 63, 64",0000000000000000000000000000000001111111000000000000000000000000,D:\Data-Aji\KULIAH\Tugas-Akhir\AttentiveSkel3D-WeightTraining-PoC\Release_V2_AttentiveSkel3D\data\tensors\Deadlift_087.npy,D:\Data-Aji\KULIAH\Tugas-Akhir\AttentiveSkel3D-WeightTraining-PoC\Release_V2_AttentiveSkel3D\data\v2_labels\Deadlift_087_labels.npy
Deadlift_088,sekunder_sekunder_deadlift_kaggle53_rep53.mp4,Deadlift,Sekunder,64,0,64,100.0,Dominan Salah (Gerakan Gagal / Half Rep),Frame 1-64 (64 frame),"1, 2, 3, 4, 5, 6, 7, 8, 9, 10, 11, 12, 13, 14, 15, 16, 17, 18, 19, 20, 21, 22, 23, 24, 25, 26, 27, 28, 29, 30, 31, 32, 33, 34, 35, 36, 37, 38, 39, 40, 41, 42, 43, 44, 45, 46, 47, 48, 49, 50, 51, 52, 53, 54, 55, 56, 57, 58, 59, 60, 61, 62, 63, 64",-,1111111111111111111111111111111111111111111111111111111111111111,D:\Data-Aji\KULIAH\Tugas-Akhir\AttentiveSkel3D-WeightTraining-PoC\Release_V2_AttentiveSkel3D\data\tensors\Deadlift_088.npy,D:\Data-Aji\KULIAH\Tugas-Akhir\AttentiveSkel3D-WeightTraining-PoC\Release_V2_AttentiveSkel3D\data\v2_labels\Deadlift_088_labels.npy
Deadlift_089,sekunder_sekunder_deadlift_kaggle54_rep54.mp4,Deadlift,Sekunder,64,42,22,34.38,Campuran (Sebagian Fase Gerakan Salah),Frame 8-15 (8 frame); Frame 25-27 (3 frame); Frame 33-35 (3 frame); Frame 44-47 (4 frame); Frame 51-53 (3 frame); Frame 58,"8, 9, 10, 11, 12, 13, 14, 15, 25, 26, 27, 33, 34, 35, 44, 45, 46, 47, 51, 52, 53, 58","1, 2, 3, 4, 5, 6, 7, 16, 17, 18, 19, 20, 21, 22, 23, 24, 28, 29, 30, 31, 32, 36, 37, 38, 39, 40, 41, 42, 43, 48, 49, 50, 54, 55, 56, 57, 59, 60, 61, 62, 63, 64",0000000111111110000000001110000011100000000111100011100001000000,D:\Data-Aji\KULIAH\Tugas-Akhir\AttentiveSkel3D-WeightTraining-PoC\Release_V2_AttentiveSkel3D\data\tensors\Deadlift_089.npy,D:\Data-Aji\KULIAH\Tugas-Akhir\AttentiveSkel3D-WeightTraining-PoC\Release_V2_AttentiveSkel3D\data\v2_labels\Deadlift_089_labels.npy
Deadlift_090,sekunder_sekunder_deadlift_kaggle55_rep55.mp4,Deadlift,Sekunder,64,40,24,37.5,Campuran (Sebagian Fase Gerakan Salah),Frame 30-53 (24 frame),"30, 31, 32, 33, 34, 35, 36, 37, 38, 39, 40, 41, 42, 43, 44, 45, 46, 47, 48, 49, 50, 51, 52, 53","1, 2, 3, 4, 5, 6, 7, 8, 9, 10, 11, 12, 13, 14, 15, 16, 17, 18, 19, 20, 21, 22, 23, 24, 25, 26, 27, 28, 29, 54, 55, 56, 57, 58, 59, 60, 61, 62, 63, 64",0000000000000000000000000000011111111111111111111111100000000000,D:\Data-Aji\KULIAH\Tugas-Akhir\AttentiveSkel3D-WeightTraining-PoC\Release_V2_AttentiveSkel3D\data\tensors\Deadlift_090.npy,D:\Data-Aji\KULIAH\Tugas-Akhir\AttentiveSkel3D-WeightTraining-PoC\Release_V2_AttentiveSkel3D\data\v2_labels\Deadlift_090_labels.npy
Deadlift_092,sekunder_sekunder_deadlift_kaggle57_rep57.mp4,Deadlift,Sekunder,64,33,31,48.44,Campuran (Sebagian Fase Gerakan Salah),Frame 1-9 (9 frame); Frame 34-55 (22 frame),"1, 2, 3, 4, 5, 6, 7, 8, 9, 34, 35, 36, 37, 38, 39, 40, 41, 42, 43, 44, 45, 46, 47, 48, 49, 50, 51, 52, 53, 54, 55","10, 11, 12, 13, 14, 15, 16, 17, 18, 19, 20, 21, 22, 23, 24, 25, 26, 27, 28, 29, 30, 31, 32, 33, 56, 57, 58, 59, 60, 61, 62, 63, 64",1111111110000000000000000000000001111111111111111111111000000000,D:\Data-Aji\KULIAH\Tugas-Akhir\AttentiveSkel3D-WeightTraining-PoC\Release_V2_AttentiveSkel3D\data\tensors\Deadlift_092.npy,D:\Data-Aji\KULIAH\Tugas-Akhir\AttentiveSkel3D-WeightTraining-PoC\Release_V2_AttentiveSkel3D\data\v2_labels\Deadlift_092_labels.npy
Deadlift_093,sekunder_sekunder_deadlift_kaggle58_rep58.mp4,Deadlift,Sekunder,64,38,26,40.62,Campuran (Sebagian Fase Gerakan Salah),Frame 2-4 (3 frame); Frame 24-37 (14 frame); Frame 50-58 (9 frame),"2, 3, 4, 24, 25, 26, 27, 28, 29, 30, 31, 32, 33, 34, 35, 36, 37, 50, 51, 52, 53, 54, 55, 56, 57, 58","1, 5, 6, 7, 8, 9, 10, 11, 12, 13, 14, 15, 16, 17, 18, 19, 20, 21, 22, 23, 38, 39, 40, 41, 42, 43, 44, 45, 46, 47, 48, 49, 59, 60, 61, 62, 63, 64",0111000000000000000000011111111111111000000000000111111111000000,D:\Data-Aji\KULIAH\Tugas-Akhir\AttentiveSkel3D-WeightTraining-PoC\Release_V2_AttentiveSkel3D\data\tensors\Deadlift_093.npy,D:\Data-Aji\KULIAH\Tugas-Akhir\AttentiveSkel3D-WeightTraining-PoC\Release_V2_AttentiveSkel3D\data\v2_labels\Deadlift_093_labels.npy
Deadlift_094,sekunder_sekunder_deadlift_kaggle59_rep59.mp4,Deadlift,Sekunder,64,18,46,71.88,Dominan Salah (Gerakan Gagal / Half Rep),Frame 1-4 (4 frame); Frame 6-18 (13 frame); Frame 22; Frame 29-35 (7 frame); Frame 44-64 (21 frame),"1, 2, 3, 4, 6, 7, 8, 9, 10, 11, 12, 13, 14, 15, 16, 17, 18, 22, 29, 30, 31, 32, 33, 34, 35, 44, 45, 46, 47, 48, 49, 50, 51, 52, 53, 54, 55, 56, 57, 58, 59, 60, 61, 62, 63, 64","5, 19, 20, 21, 23, 24, 25, 26, 27, 28, 36, 37, 38, 39, 40, 41, 42, 43",1111011111111111110001000000111111100000000111111111111111111111,D:\Data-Aji\KULIAH\Tugas-Akhir\AttentiveSkel3D-WeightTraining-PoC\Release_V2_AttentiveSkel3D\data\tensors\Deadlift_094.npy,D:\Data-Aji\KULIAH\Tugas-Akhir\AttentiveSkel3D-WeightTraining-PoC\Release_V2_AttentiveSkel3D\data\v2_labels\Deadlift_094_labels.npy
Deadlift_095,sekunder_sekunder_deadlift_kaggle60_rep60.mp4,Deadlift,Sekunder,64,20,44,68.75,Dominan Salah (Gerakan Gagal / Half Rep),Frame 1-23 (23 frame); Frame 28; Frame 36-54 (19 frame); Frame 59,"1, 2, 3, 4, 5, 6, 7, 8, 9, 10, 11, 12, 13, 14, 15, 16, 17, 18, 19, 20, 21, 22, 23, 28, 36, 37, 38, 39, 40, 41, 42, 43, 44, 45, 46, 47, 48, 49, 50, 51, 52, 53, 54, 59","24, 25, 26, 27, 29, 30, 31, 32, 33, 34, 35, 55, 56, 57, 58, 60, 61, 62, 63, 64",1111111111111111111111100001000000011111111111111111110000100000,D:\Data-Aji\KULIAH\Tugas-Akhir\AttentiveSkel3D-WeightTraining-PoC\Release_V2_AttentiveSkel3D\data\tensors\Deadlift_095.npy,D:\Data-Aji\KULIAH\Tugas-Akhir\AttentiveSkel3D-WeightTraining-PoC\Release_V2_AttentiveSkel3D\data\v2_labels\Deadlift_095_labels.npy
Deadlift_096,sekunder_sekunder_deadlift_kaggle61_rep61.mp4,Deadlift,Sekunder,64,16,48,75.0,Dominan Salah (Gerakan Gagal / Half Rep),Frame 1-48 (48 frame),"1, 2, 3, 4, 5, 6, 7, 8, 9, 10, 11, 12, 13, 14, 15, 16, 17, 18, 19, 20, 21, 22, 23, 24, 25, 26, 27, 28, 29, 30, 31, 32, 33, 34, 35, 36, 37, 38, 39, 40, 41, 42, 43, 44, 45, 46, 47, 48","49, 50, 51, 52, 53, 54, 55, 56, 57, 58, 59, 60, 61, 62, 63, 64",1111111111111111111111111111111111111111111111110000000000000000,D:\Data-Aji\KULIAH\Tugas-Akhir\AttentiveSkel3D-WeightTraining-PoC\Release_V2_AttentiveSkel3D\data\tensors\Deadlift_096.npy,D:\Data-Aji\KULIAH\Tugas-Akhir\AttentiveSkel3D-WeightTraining-PoC\Release_V2_AttentiveSkel3D\data\v2_labels\Deadlift_096_labels.npy
Deadlift_097,sekunder_sekunder_deadlift_kaggle62_rep62.mp4,Deadlift,Sekunder,64,24,40,62.5,Campuran (Sebagian Fase Gerakan Salah),Frame 1-19 (19 frame); Frame 44-64 (21 frame),"1, 2, 3, 4, 5, 6, 7, 8, 9, 10, 11, 12, 13, 14, 15, 16, 17, 18, 19, 44, 45, 46, 47, 48, 49, 50, 51, 52, 53, 54, 55, 56, 57, 58, 59, 60, 61, 62, 63, 64","20, 21, 22, 23, 24, 25, 26, 27, 28, 29, 30, 31, 32, 33, 34, 35, 36, 37, 38, 39, 40, 41, 42, 43",1111111111111111111000000000000000000000000111111111111111111111,D:\Data-Aji\KULIAH\Tugas-Akhir\AttentiveSkel3D-WeightTraining-PoC\Release_V2_AttentiveSkel3D\data\tensors\Deadlift_097.npy,D:\Data-Aji\KULIAH\Tugas-Akhir\AttentiveSkel3D-WeightTraining-PoC\Release_V2_AttentiveSkel3D\data\v2_labels\Deadlift_097_labels.npy
Deadlift_098,sekunder_sekunder_deadlift_kaggle63_rep63.mp4,Deadlift,Sekunder,64,37,27,42.19,Campuran (Sebagian Fase Gerakan Salah),Frame 26-52 (27 frame),"26, 27, 28, 29, 30, 31, 32, 33, 34, 35, 36, 37, 38, 39, 40, 41, 42, 43, 44, 45, 46, 47, 48, 49, 50, 51, 52","1, 2, 3, 4, 5, 6, 7, 8, 9, 10, 11, 12, 13, 14, 15, 16, 17, 18, 19, 20, 21, 22, 23, 24, 25, 53, 54, 55, 56, 57, 58, 59, 60, 61, 62, 63, 64",0000000000000000000000000111111111111111111111111111000000000000,D:\Data-Aji\KULIAH\Tugas-Akhir\AttentiveSkel3D-WeightTraining-PoC\Release_V2_AttentiveSkel3D\data\tensors\Deadlift_098.npy,D:\Data-Aji\KULIAH\Tugas-Akhir\AttentiveSkel3D-WeightTraining-PoC\Release_V2_AttentiveSkel3D\data\v2_labels\Deadlift_098_labels.npy
Deadlift_099,sekunder_sekunder_deadlift_kaggle64_rep64.mp4,Deadlift,Sekunder,64,42,22,34.38,Campuran (Sebagian Fase Gerakan Salah),Frame 1-10 (10 frame); Frame 53-64 (12 frame),"1, 2, 3, 4, 5, 6, 7, 8, 9, 10, 53, 54, 55, 56, 57, 58, 59, 60, 61, 62, 63, 64","11, 12, 13, 14, 15, 16, 17, 18, 19, 20, 21, 22, 23, 24, 25, 26, 27, 28, 29, 30, 31, 32, 33, 34, 35, 36, 37, 38, 39, 40, 41, 42, 43, 44, 45, 46, 47, 48, 49, 50, 51, 52",1111111111000000000000000000000000000000000000000000111111111111,D:\Data-Aji\KULIAH\Tugas-Akhir\AttentiveSkel3D-WeightTraining-PoC\Release_V2_AttentiveSkel3D\data\tensors\Deadlift_099.npy,D:\Data-Aji\KULIAH\Tugas-Akhir\AttentiveSkel3D-WeightTraining-PoC\Release_V2_AttentiveSkel3D\data\v2_labels\Deadlift_099_labels.npy
Deadlift_100,sekunder_sekunder_deadlift_kaggle65_rep65.mp4,Deadlift,Sekunder,64,16,48,75.0,Dominan Salah (Gerakan Gagal / Half Rep),Frame 1-48 (48 frame),"1, 2, 3, 4, 5, 6, 7, 8, 9, 10, 11, 12, 13, 14, 15, 16, 17, 18, 19, 20, 21, 22, 23, 24, 25, 26, 27, 28, 29, 30, 31, 32, 33, 34, 35, 36, 37, 38, 39, 40, 41, 42, 43, 44, 45, 46, 47, 48","49, 50, 51, 52, 53, 54, 55, 56, 57, 58, 59, 60, 61, 62, 63, 64",1111111111111111111111111111111111111111111111110000000000000000,D:\Data-Aji\KULIAH\Tugas-Akhir\AttentiveSkel3D-WeightTraining-PoC\Release_V2_AttentiveSkel3D\data\tensors\Deadlift_100.npy,D:\Data-Aji\KULIAH\Tugas-Akhir\AttentiveSkel3D-WeightTraining-PoC\Release_V2_AttentiveSkel3D\data\v2_labels\Deadlift_100_labels.npy
Deadlift_101,sekunder_sekunder_deadlift_kaggle66_rep66.mp4,Deadlift,Sekunder,64,33,31,48.44,Campuran (Sebagian Fase Gerakan Salah),Frame 8-29 (22 frame); Frame 56-64 (9 frame),"8, 9, 10, 11, 12, 13, 14, 15, 16, 17, 18, 19, 20, 21, 22, 23, 24, 25, 26, 27, 28, 29, 56, 57, 58, 59, 60, 61, 62, 63, 64","1, 2, 3, 4, 5, 6, 7, 30, 31, 32, 33, 34, 35, 36, 37, 38, 39, 40, 41, 42, 43, 44, 45, 46, 47, 48, 49, 50, 51, 52, 53, 54, 55",0000000111111111111111111111100000000000000000000000000111111111,D:\Data-Aji\KULIAH\Tugas-Akhir\AttentiveSkel3D-WeightTraining-PoC\Release_V2_AttentiveSkel3D\data\tensors\Deadlift_101.npy,D:\Data-Aji\KULIAH\Tugas-Akhir\AttentiveSkel3D-WeightTraining-PoC\Release_V2_AttentiveSkel3D\data\v2_labels\Deadlift_101_labels.npy
Deadlift_102,sekunder_sekunder_deadlift_kaggle67_rep67.mp4,Deadlift,Sekunder,64,34,30,46.88,Campuran (Sebagian Fase Gerakan Salah),Frame 1-10 (10 frame); Frame 45-64 (20 frame),"1, 2, 3, 4, 5, 6, 7, 8, 9, 10, 45, 46, 47, 48, 49, 50, 51, 52, 53, 54, 55, 56, 57, 58, 59, 60, 61, 62, 63, 64","11, 12, 13, 14, 15, 16, 17, 18, 19, 20, 21, 22, 23, 24, 25, 26, 27, 28, 29, 30, 31, 32, 33, 34, 35, 36, 37, 38, 39, 40, 41, 42, 43, 44",1111111111000000000000000000000000000000000011111111111111111111,D:\Data-Aji\KULIAH\Tugas-Akhir\AttentiveSkel3D-WeightTraining-PoC\Release_V2_AttentiveSkel3D\data\tensors\Deadlift_102.npy,D:\Data-Aji\KULIAH\Tugas-Akhir\AttentiveSkel3D-WeightTraining-PoC\Release_V2_AttentiveSkel3D\data\v2_labels\Deadlift_102_labels.npy
Deadlift_103,sekunder_sekunder_deadlift_kaggle68_rep68.mp4,Deadlift,Sekunder,64,25,39,60.94,Campuran (Sebagian Fase Gerakan Salah),Frame 1-30 (30 frame); Frame 56-64 (9 frame),"1, 2, 3, 4, 5, 6, 7, 8, 9, 10, 11, 12, 13, 14, 15, 16, 17, 18, 19, 20, 21, 22, 23, 24, 25, 26, 27, 28, 29, 30, 56, 57, 58, 59, 60, 61, 62, 63, 64","31, 32, 33, 34, 35, 36, 37, 38, 39, 40, 41, 42, 43, 44, 45, 46, 47, 48, 49, 50, 51, 52, 53, 54, 55",1111111111111111111111111111110000000000000000000000000111111111,D:\Data-Aji\KULIAH\Tugas-Akhir\AttentiveSkel3D-WeightTraining-PoC\Release_V2_AttentiveSkel3D\data\tensors\Deadlift_103.npy,D:\Data-Aji\KULIAH\Tugas-Akhir\AttentiveSkel3D-WeightTraining-PoC\Release_V2_AttentiveSkel3D\data\v2_labels\Deadlift_103_labels.npy
Deadlift_104,sekunder_sekunder_deadlift_kaggle69_rep69.mp4,Deadlift,Sekunder,64,12,52,81.25,Dominan Salah (Gerakan Gagal / Half Rep),Frame 1-52 (52 frame),"1, 2, 3, 4, 5, 6, 7, 8, 9, 10, 11, 12, 13, 14, 15, 16, 17, 18, 19, 20, 21, 22, 23, 24, 25, 26, 27, 28, 29, 30, 31, 32, 33, 34, 35, 36, 37, 38, 39, 40, 41, 42, 43, 44, 45, 46, 47, 48, 49, 50, 51, 52","53, 54, 55, 56, 57, 58, 59, 60, 61, 62, 63, 64",1111111111111111111111111111111111111111111111111111000000000000,D:\Data-Aji\KULIAH\Tugas-Akhir\AttentiveSkel3D-WeightTraining-PoC\Release_V2_AttentiveSkel3D\data\tensors\Deadlift_104.npy,D:\Data-Aji\KULIAH\Tugas-Akhir\AttentiveSkel3D-WeightTraining-PoC\Release_V2_AttentiveSkel3D\data\v2_labels\Deadlift_104_labels.npy
Deadlift_105,sekunder_sekunder_deadlift_kaggle70_rep70.mp4,Deadlift,Sekunder,64,34,30,46.88,Campuran (Sebagian Fase Gerakan Salah),Frame 1-16 (16 frame); Frame 51-64 (14 frame),"1, 2, 3, 4, 5, 6, 7, 8, 9, 10, 11, 12, 13, 14, 15, 16, 51, 52, 53, 54, 55, 56, 57, 58, 59, 60, 61, 62, 63, 64","17, 18, 19, 20, 21, 22, 23, 24, 25, 26, 27, 28, 29, 30, 31, 32, 33, 34, 35, 36, 37, 38, 39, 40, 41, 42, 43, 44, 45, 46, 47, 48, 49, 50",1111111111111111000000000000000000000000000000000011111111111111,D:\Data-Aji\KULIAH\Tugas-Akhir\AttentiveSkel3D-WeightTraining-PoC\Release_V2_AttentiveSkel3D\data\tensors\Deadlift_105.npy,D:\Data-Aji\KULIAH\Tugas-Akhir\AttentiveSkel3D-WeightTraining-PoC\Release_V2_AttentiveSkel3D\data\v2_labels\Deadlift_105_labels.npy
Deadlift_106,sekunder_sekunder_deadlift_kaggle71_rep71.mp4,Deadlift,Sekunder,64,30,34,53.12,Campuran (Sebagian Fase Gerakan Salah),Frame 1-32 (32 frame); Frame 34-35 (2 frame),"1, 2, 3, 4, 5, 6, 7, 8, 9, 10, 11, 12, 13, 14, 15, 16, 17, 18, 19, 20, 21, 22, 23, 24, 25, 26, 27, 28, 29, 30, 31, 32, 34, 35","33, 36, 37, 38, 39, 40, 41, 42, 43, 44, 45, 46, 47, 48, 49, 50, 51, 52, 53, 54, 55, 56, 57, 58, 59, 60, 61, 62, 63, 64",1111111111111111111111111111111101100000000000000000000000000000,D:\Data-Aji\KULIAH\Tugas-Akhir\AttentiveSkel3D-WeightTraining-PoC\Release_V2_AttentiveSkel3D\data\tensors\Deadlift_106.npy,D:\Data-Aji\KULIAH\Tugas-Akhir\AttentiveSkel3D-WeightTraining-PoC\Release_V2_AttentiveSkel3D\data\v2_labels\Deadlift_106_labels.npy
Deadlift_107,sekunder_sekunder_deadlift_kaggle72_rep72.mp4,Deadlift,Sekunder,64,56,8,12.5,Dominan Benar (Kesalahan Ringan/Fase Transisi),Frame 2-9 (8 frame),"2, 3, 4, 5, 6, 7, 8, 9","1, 10, 11, 12, 13, 14, 15, 16, 17, 18, 19, 20, 21, 22, 23, 24, 25, 26, 27, 28, 29, 30, 31, 32, 33, 34, 35, 36, 37, 38, 39, 40, 41, 42, 43, 44, 45, 46, 47, 48, 49, 50, 51, 52, 53, 54, 55, 56, 57, 58, 59, 60, 61, 62, 63, 64",0111111110000000000000000000000000000000000000000000000000000000,D:\Data-Aji\KULIAH\Tugas-Akhir\AttentiveSkel3D-WeightTraining-PoC\Release_V2_AttentiveSkel3D\data\tensors\Deadlift_107.npy,D:\Data-Aji\KULIAH\Tugas-Akhir\AttentiveSkel3D-WeightTraining-PoC\Release_V2_AttentiveSkel3D\data\v2_labels\Deadlift_107_labels.npy
Deadlift_108,sekunder_sekunder_deadlift_kaggle73_rep73.mp4,Deadlift,Sekunder,64,26,38,59.38,Campuran (Sebagian Fase Gerakan Salah),Frame 1-16 (16 frame); Frame 43-64 (22 frame),"1, 2, 3, 4, 5, 6, 7, 8, 9, 10, 11, 12, 13, 14, 15, 16, 43, 44, 45, 46, 47, 48, 49, 50, 51, 52, 53, 54, 55, 56, 57, 58, 59, 60, 61, 62, 63, 64","17, 18, 19, 20, 21, 22, 23, 24, 25, 26, 27, 28, 29, 30, 31, 32, 33, 34, 35, 36, 37, 38, 39, 40, 41, 42",1111111111111111000000000000000000000000001111111111111111111111,D:\Data-Aji\KULIAH\Tugas-Akhir\AttentiveSkel3D-WeightTraining-PoC\Release_V2_AttentiveSkel3D\data\tensors\Deadlift_108.npy,D:\Data-Aji\KULIAH\Tugas-Akhir\AttentiveSkel3D-WeightTraining-PoC\Release_V2_AttentiveSkel3D\data\v2_labels\Deadlift_108_labels.npy
Deadlift_109,sekunder_sekunder_deadlift_kaggle74_rep74.mp4,Deadlift,Sekunder,64,20,44,68.75,Dominan Salah (Gerakan Gagal / Half Rep),Frame 1-26 (26 frame); Frame 47-64 (18 frame),"1, 2, 3, 4, 5, 6, 7, 8, 9, 10, 11, 12, 13, 14, 15, 16, 17, 18, 19, 20, 21, 22, 23, 24, 25, 26, 47, 48, 49, 50, 51, 52, 53, 54, 55, 56, 57, 58, 59, 60, 61, 62, 63, 64","27, 28, 29, 30, 31, 32, 33, 34, 35, 36, 37, 38, 39, 40, 41, 42, 43, 44, 45, 46",1111111111111111111111111100000000000000000000111111111111111111,D:\Data-Aji\KULIAH\Tugas-Akhir\AttentiveSkel3D-WeightTraining-PoC\Release_V2_AttentiveSkel3D\data\tensors\Deadlift_109.npy,D:\Data-Aji\KULIAH\Tugas-Akhir\AttentiveSkel3D-WeightTraining-PoC\Release_V2_AttentiveSkel3D\data\v2_labels\Deadlift_109_labels.npy
Deadlift_110,sekunder_sekunder_deadlift_kaggle75_rep75.mp4,Deadlift,Sekunder,64,26,38,59.38,Campuran (Sebagian Fase Gerakan Salah),Frame 1-6 (6 frame); Frame 13-23 (11 frame); Frame 33-48 (16 frame); Frame 60-64 (5 frame),"1, 2, 3, 4, 5, 6, 13, 14, 15, 16, 17, 18, 19, 20, 21, 22, 23, 33, 34, 35, 36, 37, 38, 39, 40, 41, 42, 43, 44, 45, 46, 47, 48, 60, 61, 62, 63, 64","7, 8, 9, 10, 11, 12, 24, 25, 26, 27, 28, 29, 30, 31, 32, 49, 50, 51, 52, 53, 54, 55, 56, 57, 58, 59",1111110000001111111111100000000011111111111111110000000000011111,D:\Data-Aji\KULIAH\Tugas-Akhir\AttentiveSkel3D-WeightTraining-PoC\Release_V2_AttentiveSkel3D\data\tensors\Deadlift_110.npy,D:\Data-Aji\KULIAH\Tugas-Akhir\AttentiveSkel3D-WeightTraining-PoC\Release_V2_AttentiveSkel3D\data\v2_labels\Deadlift_110_labels.npy
Deadlift_112,sekunder_sekunder_deadlift_kaggle77_rep77.mp4,Deadlift,Sekunder,64,27,37,57.81,Campuran (Sebagian Fase Gerakan Salah),Frame 1-22 (22 frame); Frame 50-64 (15 frame),"1, 2, 3, 4, 5, 6, 7, 8, 9, 10, 11, 12, 13, 14, 15, 16, 17, 18, 19, 20, 21, 22, 50, 51, 52, 53, 54, 55, 56, 57, 58, 59, 60, 61, 62, 63, 64","23, 24, 25, 26, 27, 28, 29, 30, 31, 32, 33, 34, 35, 36, 37, 38, 39, 40, 41, 42, 43, 44, 45, 46, 47, 48, 49",1111111111111111111111000000000000000000000000000111111111111111,D:\Data-Aji\KULIAH\Tugas-Akhir\AttentiveSkel3D-WeightTraining-PoC\Release_V2_AttentiveSkel3D\data\tensors\Deadlift_112.npy,D:\Data-Aji\KULIAH\Tugas-Akhir\AttentiveSkel3D-WeightTraining-PoC\Release_V2_AttentiveSkel3D\data\v2_labels\Deadlift_112_labels.npy
Deadlift_113,sekunder_sekunder_deadlift_kaggle78_rep78.mp4,Deadlift,Sekunder,64,21,43,67.19,Dominan Salah (Gerakan Gagal / Half Rep),Frame 1-25 (25 frame); Frame 47-64 (18 frame),"1, 2, 3, 4, 5, 6, 7, 8, 9, 10, 11, 12, 13, 14, 15, 16, 17, 18, 19, 20, 21, 22, 23, 24, 25, 47, 48, 49, 50, 51, 52, 53, 54, 55, 56, 57, 58, 59, 60, 61, 62, 63, 64","26, 27, 28, 29, 30, 31, 32, 33, 34, 35, 36, 37, 38, 39, 40, 41, 42, 43, 44, 45, 46",1111111111111111111111111000000000000000000000111111111111111111,D:\Data-Aji\KULIAH\Tugas-Akhir\AttentiveSkel3D-WeightTraining-PoC\Release_V2_AttentiveSkel3D\data\tensors\Deadlift_113.npy,D:\Data-Aji\KULIAH\Tugas-Akhir\AttentiveSkel3D-WeightTraining-PoC\Release_V2_AttentiveSkel3D\data\v2_labels\Deadlift_113_labels.npy
Deadlift_114,sekunder_sekunder_deadlift_kaggle79_rep79.mp4,Deadlift,Sekunder,64,64,0,0.0,100% Sempurna (Tidak Ada Kesalahan),Tidak Ada Frame Salah (100% Sempurna),-,"1, 2, 3, 4, 5, 6, 7, 8, 9, 10, 11, 12, 13, 14, 15, 16, 17, 18, 19, 20, 21, 22, 23, 24, 25, 26, 27, 28, 29, 30, 31, 32, 33, 34, 35, 36, 37, 38, 39, 40, 41, 42, 43, 44, 45, 46, 47, 48, 49, 50, 51, 52, 53, 54, 55, 56, 57, 58, 59, 60, 61, 62, 63, 64",0000000000000000000000000000000000000000000000000000000000000000,D:\Data-Aji\KULIAH\Tugas-Akhir\AttentiveSkel3D-WeightTraining-PoC\Release_V2_AttentiveSkel3D\data\tensors\Deadlift_114.npy,D:\Data-Aji\KULIAH\Tugas-Akhir\AttentiveSkel3D-WeightTraining-PoC\Release_V2_AttentiveSkel3D\data\v2_labels\Deadlift_114_labels.npy
Deadlift_115,sekunder_sekunder_deadlift_kaggle80_rep80.mp4,Deadlift,Sekunder,64,33,31,48.44,Campuran (Sebagian Fase Gerakan Salah),Frame 7-25 (19 frame); Frame 47; Frame 54-64 (11 frame),"7, 8, 9, 10, 11, 12, 13, 14, 15, 16, 17, 18, 19, 20, 21, 22, 23, 24, 25, 47, 54, 55, 56, 57, 58, 59, 60, 61, 62, 63, 64","1, 2, 3, 4, 5, 6, 26, 27, 28, 29, 30, 31, 32, 33, 34, 35, 36, 37, 38, 39, 40, 41, 42, 43, 44, 45, 46, 48, 49, 50, 51, 52, 53",0000001111111111111111111000000000000000000000100000011111111111,D:\Data-Aji\KULIAH\Tugas-Akhir\AttentiveSkel3D-WeightTraining-PoC\Release_V2_AttentiveSkel3D\data\tensors\Deadlift_115.npy,D:\Data-Aji\KULIAH\Tugas-Akhir\AttentiveSkel3D-WeightTraining-PoC\Release_V2_AttentiveSkel3D\data\v2_labels\Deadlift_115_labels.npy
Deadlift_116,sekunder_sekunder_deadlift_kaggle81_rep81.mp4,Deadlift,Sekunder,64,5,59,92.19,Dominan Salah (Gerakan Gagal / Half Rep),Frame 1-34 (34 frame); Frame 40-64 (25 frame),"1, 2, 3, 4, 5, 6, 7, 8, 9, 10, 11, 12, 13, 14, 15, 16, 17, 18, 19, 20, 21, 22, 23, 24, 25, 26, 27, 28, 29, 30, 31, 32, 33, 34, 40, 41, 42, 43, 44, 45, 46, 47, 48, 49, 50, 51, 52, 53, 54, 55, 56, 57, 58, 59, 60, 61, 62, 63, 64","35, 36, 37, 38, 39",1111111111111111111111111111111111000001111111111111111111111111,D:\Data-Aji\KULIAH\Tugas-Akhir\AttentiveSkel3D-WeightTraining-PoC\Release_V2_AttentiveSkel3D\data\tensors\Deadlift_116.npy,D:\Data-Aji\KULIAH\Tugas-Akhir\AttentiveSkel3D-WeightTraining-PoC\Release_V2_AttentiveSkel3D\data\v2_labels\Deadlift_116_labels.npy
Deadlift_117,sekunder_sekunder_deadlift_kaggle82_rep82.mp4,Deadlift,Sekunder,64,57,7,10.94,Dominan Benar (Kesalahan Ringan/Fase Transisi),Frame 34-40 (7 frame),"34, 35, 36, 37, 38, 39, 40","1, 2, 3, 4, 5, 6, 7, 8, 9, 10, 11, 12, 13, 14, 15, 16, 17, 18, 19, 20, 21, 22, 23, 24, 25, 26, 27, 28, 29, 30, 31, 32, 33, 41, 42, 43, 44, 45, 46, 47, 48, 49, 50, 51, 52, 53, 54, 55, 56, 57, 58, 59, 60, 61, 62, 63, 64",0000000000000000000000000000000001111111000000000000000000000000,D:\Data-Aji\KULIAH\Tugas-Akhir\AttentiveSkel3D-WeightTraining-PoC\Release_V2_AttentiveSkel3D\data\tensors\Deadlift_117.npy,D:\Data-Aji\KULIAH\Tugas-Akhir\AttentiveSkel3D-WeightTraining-PoC\Release_V2_AttentiveSkel3D\data\v2_labels\Deadlift_117_labels.npy
Deadlift_118,sekunder_sekunder_deadlift_kaggle83_rep83.mp4,Deadlift,Sekunder,64,24,40,62.5,Campuran (Sebagian Fase Gerakan Salah),Frame 1-6 (6 frame); Frame 11; Frame 24-43 (20 frame); Frame 47; Frame 49-56 (8 frame); Frame 61-64 (4 frame),"1, 2, 3, 4, 5, 6, 11, 24, 25, 26, 27, 28, 29, 30, 31, 32, 33, 34, 35, 36, 37, 38, 39, 40, 41, 42, 43, 47, 49, 50, 51, 52, 53, 54, 55, 56, 61, 62, 63, 64","7, 8, 9, 10, 12, 13, 14, 15, 16, 17, 18, 19, 20, 21, 22, 23, 44, 45, 46, 48, 57, 58, 59, 60",1111110000100000000000011111111111111111111000101111111100001111,D:\Data-Aji\KULIAH\Tugas-Akhir\AttentiveSkel3D-WeightTraining-PoC\Release_V2_AttentiveSkel3D\data\tensors\Deadlift_118.npy,D:\Data-Aji\KULIAH\Tugas-Akhir\AttentiveSkel3D-WeightTraining-PoC\Release_V2_AttentiveSkel3D\data\v2_labels\Deadlift_118_labels.npy
Deadlift_119,sekunder_sekunder_deadlift_kaggle84_rep84.mp4,Deadlift,Sekunder,64,53,11,17.19,Dominan Benar (Kesalahan Ringan/Fase Transisi),Frame 14-16 (3 frame); Frame 29-30 (2 frame); Frame 59-64 (6 frame),"14, 15, 16, 29, 30, 59, 60, 61, 62, 63, 64","1, 2, 3, 4, 5, 6, 7, 8, 9, 10, 11, 12, 13, 17, 18, 19, 20, 21, 22, 23, 24, 25, 26, 27, 28, 31, 32, 33, 34, 35, 36, 37, 38, 39, 40, 41, 42, 43, 44, 45, 46, 47, 48, 49, 50, 51, 52, 53, 54, 55, 56, 57, 58",0000000000000111000000000000110000000000000000000000000000111111,D:\Data-Aji\KULIAH\Tugas-Akhir\AttentiveSkel3D-WeightTraining-PoC\Release_V2_AttentiveSkel3D\data\tensors\Deadlift_119.npy,D:\Data-Aji\KULIAH\Tugas-Akhir\AttentiveSkel3D-WeightTraining-PoC\Release_V2_AttentiveSkel3D\data\v2_labels\Deadlift_119_labels.npy
Deadlift_120,sekunder_sekunder_deadlift_kaggle85_rep85.mp4,Deadlift,Sekunder,64,23,41,64.06,Dominan Salah (Gerakan Gagal / Half Rep),Frame 1-31 (31 frame); Frame 55-64 (10 frame),"1, 2, 3, 4, 5, 6, 7, 8, 9, 10, 11, 12, 13, 14, 15, 16, 17, 18, 19, 20, 21, 22, 23, 24, 25, 26, 27, 28, 29, 30, 31, 55, 56, 57, 58, 59, 60, 61, 62, 63, 64","32, 33, 34, 35, 36, 37, 38, 39, 40, 41, 42, 43, 44, 45, 46, 47, 48, 49, 50, 51, 52, 53, 54",1111111111111111111111111111111000000000000000000000001111111111,D:\Data-Aji\KULIAH\Tugas-Akhir\AttentiveSkel3D-WeightTraining-PoC\Release_V2_AttentiveSkel3D\data\tensors\Deadlift_120.npy,D:\Data-Aji\KULIAH\Tugas-Akhir\AttentiveSkel3D-WeightTraining-PoC\Release_V2_AttentiveSkel3D\data\v2_labels\Deadlift_120_labels.npy
Deadlift_121,sekunder_sekunder_deadlift_kaggle86_rep86.mp4,Deadlift,Sekunder,64,51,13,20.31,Dominan Benar (Kesalahan Ringan/Fase Transisi),Frame 36-48 (13 frame),"36, 37, 38, 39, 40, 41, 42, 43, 44, 45, 46, 47, 48","1, 2, 3, 4, 5, 6, 7, 8, 9, 10, 11, 12, 13, 14, 15, 16, 17, 18, 19, 20, 21, 22, 23, 24, 25, 26, 27, 28, 29, 30, 31, 32, 33, 34, 35, 49, 50, 51, 52, 53, 54, 55, 56, 57, 58, 59, 60, 61, 62, 63, 64",0000000000000000000000000000000000011111111111110000000000000000,D:\Data-Aji\KULIAH\Tugas-Akhir\AttentiveSkel3D-WeightTraining-PoC\Release_V2_AttentiveSkel3D\data\tensors\Deadlift_121.npy,D:\Data-Aji\KULIAH\Tugas-Akhir\AttentiveSkel3D-WeightTraining-PoC\Release_V2_AttentiveSkel3D\data\v2_labels\Deadlift_121_labels.npy
Deadlift_122,sekunder_sekunder_deadlift_kaggle87_rep87.mp4,Deadlift,Sekunder,64,61,3,4.69,Dominan Benar (Kesalahan Ringan/Fase Transisi),Frame 45-47 (3 frame),"45, 46, 47","1, 2, 3, 4, 5, 6, 7, 8, 9, 10, 11, 12, 13, 14, 15, 16, 17, 18, 19, 20, 21, 22, 23, 24, 25, 26, 27, 28, 29, 30, 31, 32, 33, 34, 35, 36, 37, 38, 39, 40, 41, 42, 43, 44, 48, 49, 50, 51, 52, 53, 54, 55, 56, 57, 58, 59, 60, 61, 62, 63, 64",0000000000000000000000000000000000000000000011100000000000000000,D:\Data-Aji\KULIAH\Tugas-Akhir\AttentiveSkel3D-WeightTraining-PoC\Release_V2_AttentiveSkel3D\data\tensors\Deadlift_122.npy,D:\Data-Aji\KULIAH\Tugas-Akhir\AttentiveSkel3D-WeightTraining-PoC\Release_V2_AttentiveSkel3D\data\v2_labels\Deadlift_122_labels.npy
Deadlift_123,sekunder_sekunder_deadlift_kaggle88_rep88.mp4,Deadlift,Sekunder,64,10,54,84.38,Dominan Salah (Gerakan Gagal / Half Rep),Frame 1-20 (20 frame); Frame 31-64 (34 frame),"1, 2, 3, 4, 5, 6, 7, 8, 9, 10, 11, 12, 13, 14, 15, 16, 17, 18, 19, 20, 31, 32, 33, 34, 35, 36, 37, 38, 39, 40, 41, 42, 43, 44, 45, 46, 47, 48, 49, 50, 51, 52, 53, 54, 55, 56, 57, 58, 59, 60, 61, 62, 63, 64","21, 22, 23, 24, 25, 26, 27, 28, 29, 30",1111111111111111111100000000001111111111111111111111111111111111,D:\Data-Aji\KULIAH\Tugas-Akhir\AttentiveSkel3D-WeightTraining-PoC\Release_V2_AttentiveSkel3D\data\tensors\Deadlift_123.npy,D:\Data-Aji\KULIAH\Tugas-Akhir\AttentiveSkel3D-WeightTraining-PoC\Release_V2_AttentiveSkel3D\data\v2_labels\Deadlift_123_labels.npy
Deadlift_124,sekunder_sekunder_deadlift_kaggle89_rep89.mp4,Deadlift,Sekunder,64,45,19,29.69,Campuran (Sebagian Fase Gerakan Salah),Frame 15-33 (19 frame),"15, 16, 17, 18, 19, 20, 21, 22, 23, 24, 25, 26, 27, 28, 29, 30, 31, 32, 33","1, 2, 3, 4, 5, 6, 7, 8, 9, 10, 11, 12, 13, 14, 34, 35, 36, 37, 38, 39, 40, 41, 42, 43, 44, 45, 46, 47, 48, 49, 50, 51, 52, 53, 54, 55, 56, 57, 58, 59, 60, 61, 62, 63, 64",0000000000000011111111111111111110000000000000000000000000000000,D:\Data-Aji\KULIAH\Tugas-Akhir\AttentiveSkel3D-WeightTraining-PoC\Release_V2_AttentiveSkel3D\data\tensors\Deadlift_124.npy,D:\Data-Aji\KULIAH\Tugas-Akhir\AttentiveSkel3D-WeightTraining-PoC\Release_V2_AttentiveSkel3D\data\v2_labels\Deadlift_124_labels.npy
Deadlift_125,sekunder_sekunder_deadlift_kaggle90_rep90.mp4,Deadlift,Sekunder,64,43,21,32.81,Campuran (Sebagian Fase Gerakan Salah),Frame 34-54 (21 frame),"34, 35, 36, 37, 38, 39, 40, 41, 42, 43, 44, 45, 46, 47, 48, 49, 50, 51, 52, 53, 54","1, 2, 3, 4, 5, 6, 7, 8, 9, 10, 11, 12, 13, 14, 15, 16, 17, 18, 19, 20, 21, 22, 23, 24, 25, 26, 27, 28, 29, 30, 31, 32, 33, 55, 56, 57, 58, 59, 60, 61, 62, 63, 64",0000000000000000000000000000000001111111111111111111110000000000,D:\Data-Aji\KULIAH\Tugas-Akhir\AttentiveSkel3D-WeightTraining-PoC\Release_V2_AttentiveSkel3D\data\tensors\Deadlift_125.npy,D:\Data-Aji\KULIAH\Tugas-Akhir\AttentiveSkel3D-WeightTraining-PoC\Release_V2_AttentiveSkel3D\data\v2_labels\Deadlift_125_labels.npy
Deadlift_126,sekunder_sekunder_deadlift_kaggle91_rep91.mp4,Deadlift,Sekunder,64,21,43,67.19,Dominan Salah (Gerakan Gagal / Half Rep),Frame 9-15 (7 frame); Frame 20-53 (34 frame); Frame 63-64 (2 frame),"9, 10, 11, 12, 13, 14, 15, 20, 21, 22, 23, 24, 25, 26, 27, 28, 29, 30, 31, 32, 33, 34, 35, 36, 37, 38, 39, 40, 41, 42, 43, 44, 45, 46, 47, 48, 49, 50, 51, 52, 53, 63, 64","1, 2, 3, 4, 5, 6, 7, 8, 16, 17, 18, 19, 54, 55, 56, 57, 58, 59, 60, 61, 62",0000000011111110000111111111111111111111111111111111100000000011,D:\Data-Aji\KULIAH\Tugas-Akhir\AttentiveSkel3D-WeightTraining-PoC\Release_V2_AttentiveSkel3D\data\tensors\Deadlift_126.npy,D:\Data-Aji\KULIAH\Tugas-Akhir\AttentiveSkel3D-WeightTraining-PoC\Release_V2_AttentiveSkel3D\data\v2_labels\Deadlift_126_labels.npy
Deadlift_127,sekunder_sekunder_deadlift_kaggle92_rep92.mp4,Deadlift,Sekunder,64,27,37,57.81,Campuran (Sebagian Fase Gerakan Salah),Frame 1-4 (4 frame); Frame 8-25 (18 frame); Frame 35-38 (4 frame); Frame 43-50 (8 frame); Frame 59-61 (3 frame),"1, 2, 3, 4, 8, 9, 10, 11, 12, 13, 14, 15, 16, 17, 18, 19, 20, 21, 22, 23, 24, 25, 35, 36, 37, 38, 43, 44, 45, 46, 47, 48, 49, 50, 59, 60, 61","5, 6, 7, 26, 27, 28, 29, 30, 31, 32, 33, 34, 39, 40, 41, 42, 51, 52, 53, 54, 55, 56, 57, 58, 62, 63, 64",1111000111111111111111111000000000111100001111111100000000111000,D:\Data-Aji\KULIAH\Tugas-Akhir\AttentiveSkel3D-WeightTraining-PoC\Release_V2_AttentiveSkel3D\data\tensors\Deadlift_127.npy,D:\Data-Aji\KULIAH\Tugas-Akhir\AttentiveSkel3D-WeightTraining-PoC\Release_V2_AttentiveSkel3D\data\v2_labels\Deadlift_127_labels.npy
Deadlift_128,sekunder_sekunder_deadlift_kaggle93_rep93.mp4,Deadlift,Sekunder,64,25,39,60.94,Campuran (Sebagian Fase Gerakan Salah),Frame 1; Frame 3-13 (11 frame); Frame 15-23 (9 frame); Frame 38-51 (14 frame); Frame 56-57 (2 frame); Frame 63-64 (2 frame),"1, 3, 4, 5, 6, 7, 8, 9, 10, 11, 12, 13, 15, 16, 17, 18, 19, 20, 21, 22, 23, 38, 39, 40, 41, 42, 43, 44, 45, 46, 47, 48, 49, 50, 51, 56, 57, 63, 64","2, 14, 24, 25, 26, 27, 28, 29, 30, 31, 32, 33, 34, 35, 36, 37, 52, 53, 54, 55, 58, 59, 60, 61, 62",1011111111111011111111100000000000000111111111111110000110000011,D:\Data-Aji\KULIAH\Tugas-Akhir\AttentiveSkel3D-WeightTraining-PoC\Release_V2_AttentiveSkel3D\data\tensors\Deadlift_128.npy,D:\Data-Aji\KULIAH\Tugas-Akhir\AttentiveSkel3D-WeightTraining-PoC\Release_V2_AttentiveSkel3D\data\v2_labels\Deadlift_128_labels.npy
Deadlift_129,sekunder_sekunder_deadlift_kaggle94_rep94.mp4,Deadlift,Sekunder,64,29,35,54.69,Campuran (Sebagian Fase Gerakan Salah),Frame 1-8 (8 frame); Frame 22-34 (13 frame); Frame 49-62 (14 frame),"1, 2, 3, 4, 5, 6, 7, 8, 22, 23, 24, 25, 26, 27, 28, 29, 30, 31, 32, 33, 34, 49, 50, 51, 52, 53, 54, 55, 56, 57, 58, 59, 60, 61, 62","9, 10, 11, 12, 13, 14, 15, 16, 17, 18, 19, 20, 21, 35, 36, 37, 38, 39, 40, 41, 42, 43, 44, 45, 46, 47, 48, 63, 64",1111111100000000000001111111111111000000000000001111111111111100,D:\Data-Aji\KULIAH\Tugas-Akhir\AttentiveSkel3D-WeightTraining-PoC\Release_V2_AttentiveSkel3D\data\tensors\Deadlift_129.npy,D:\Data-Aji\KULIAH\Tugas-Akhir\AttentiveSkel3D-WeightTraining-PoC\Release_V2_AttentiveSkel3D\data\v2_labels\Deadlift_129_labels.npy
Deadlift_130,sekunder_sekunder_deadlift_kaggle95_rep95.mp4,Deadlift,Sekunder,64,18,46,71.88,Dominan Salah (Gerakan Gagal / Half Rep),Frame 5-12 (8 frame); Frame 14-24 (11 frame); Frame 29-34 (6 frame); Frame 38-50 (13 frame); Frame 55-61 (7 frame); Frame 64,"5, 6, 7, 8, 9, 10, 11, 12, 14, 15, 16, 17, 18, 19, 20, 21, 22, 23, 24, 29, 30, 31, 32, 33, 34, 38, 39, 40, 41, 42, 43, 44, 45, 46, 47, 48, 49, 50, 55, 56, 57, 58, 59, 60, 61, 64","1, 2, 3, 4, 13, 25, 26, 27, 28, 35, 36, 37, 51, 52, 53, 54, 62, 63",0000111111110111111111110000111111000111111111111100001111111001,D:\Data-Aji\KULIAH\Tugas-Akhir\AttentiveSkel3D-WeightTraining-PoC\Release_V2_AttentiveSkel3D\data\tensors\Deadlift_130.npy,D:\Data-Aji\KULIAH\Tugas-Akhir\AttentiveSkel3D-WeightTraining-PoC\Release_V2_AttentiveSkel3D\data\v2_labels\Deadlift_130_labels.npy
Deadlift_131,sekunder_sekunder_deadlift_kaggle96_rep96.mp4,Deadlift,Sekunder,64,34,30,46.88,Campuran (Sebagian Fase Gerakan Salah),Frame 1-2 (2 frame); Frame 16-29 (14 frame); Frame 43-56 (14 frame),"1, 2, 16, 17, 18, 19, 20, 21, 22, 23, 24, 25, 26, 27, 28, 29, 43, 44, 45, 46, 47, 48, 49, 50, 51, 52, 53, 54, 55, 56","3, 4, 5, 6, 7, 8, 9, 10, 11, 12, 13, 14, 15, 30, 31, 32, 33, 34, 35, 36, 37, 38, 39, 40, 41, 42, 57, 58, 59, 60, 61, 62, 63, 64",1100000000000001111111111111100000000000001111111111111100000000,D:\Data-Aji\KULIAH\Tugas-Akhir\AttentiveSkel3D-WeightTraining-PoC\Release_V2_AttentiveSkel3D\data\tensors\Deadlift_131.npy,D:\Data-Aji\KULIAH\Tugas-Akhir\AttentiveSkel3D-WeightTraining-PoC\Release_V2_AttentiveSkel3D\data\v2_labels\Deadlift_131_labels.npy
Deadlift_132,sekunder_sekunder_deadlift_kaggle97_rep97.mp4,Deadlift,Sekunder,64,21,43,67.19,Dominan Salah (Gerakan Gagal / Half Rep),Frame 1-25 (25 frame); Frame 47-64 (18 frame),"1, 2, 3, 4, 5, 6, 7, 8, 9, 10, 11, 12, 13, 14, 15, 16, 17, 18, 19, 20, 21, 22, 23, 24, 25, 47, 48, 49, 50, 51, 52, 53, 54, 55, 56, 57, 58, 59, 60, 61, 62, 63, 64","26, 27, 28, 29, 30, 31, 32, 33, 34, 35, 36, 37, 38, 39, 40, 41, 42, 43, 44, 45, 46",1111111111111111111111111000000000000000000000111111111111111111,D:\Data-Aji\KULIAH\Tugas-Akhir\AttentiveSkel3D-WeightTraining-PoC\Release_V2_AttentiveSkel3D\data\tensors\Deadlift_132.npy,D:\Data-Aji\KULIAH\Tugas-Akhir\AttentiveSkel3D-WeightTraining-PoC\Release_V2_AttentiveSkel3D\data\v2_labels\Deadlift_132_labels.npy
Deadlift_133,sekunder_sekunder_deadlift_kaggle98_rep98.mp4,Deadlift,Sekunder,64,12,52,81.25,Dominan Salah (Gerakan Gagal / Half Rep),Frame 1-52 (52 frame),"1, 2, 3, 4, 5, 6, 7, 8, 9, 10, 11, 12, 13, 14, 15, 16, 17, 18, 19, 20, 21, 22, 23, 24, 25, 26, 27, 28, 29, 30, 31, 32, 33, 34, 35, 36, 37, 38, 39, 40, 41, 42, 43, 44, 45, 46, 47, 48, 49, 50, 51, 52","53, 54, 55, 56, 57, 58, 59, 60, 61, 62, 63, 64",1111111111111111111111111111111111111111111111111111000000000000,D:\Data-Aji\KULIAH\Tugas-Akhir\AttentiveSkel3D-WeightTraining-PoC\Release_V2_AttentiveSkel3D\data\tensors\Deadlift_133.npy,D:\Data-Aji\KULIAH\Tugas-Akhir\AttentiveSkel3D-WeightTraining-PoC\Release_V2_AttentiveSkel3D\data\v2_labels\Deadlift_133_labels.npy
Deadlift_134,sekunder_sekunder_deadlift_kaggle99_rep99.mp4,Deadlift,Sekunder,64,24,40,62.5,Campuran (Sebagian Fase Gerakan Salah),Frame 1-19 (19 frame); Frame 44-64 (21 frame),"1, 2, 3, 4, 5, 6, 7, 8, 9, 10, 11, 12, 13, 14, 15, 16, 17, 18, 19, 44, 45, 46, 47, 48, 49, 50, 51, 52, 53, 54, 55, 56, 57, 58, 59, 60, 61, 62, 63, 64","20, 21, 22, 23, 24, 25, 26, 27, 28, 29, 30, 31, 32, 33, 34, 35, 36, 37, 38, 39, 40, 41, 42, 43",1111111111111111111000000000000000000000000111111111111111111111,D:\Data-Aji\KULIAH\Tugas-Akhir\AttentiveSkel3D-WeightTraining-PoC\Release_V2_AttentiveSkel3D\data\tensors\Deadlift_134.npy,D:\Data-Aji\KULIAH\Tugas-Akhir\AttentiveSkel3D-WeightTraining-PoC\Release_V2_AttentiveSkel3D\data\v2_labels\Deadlift_134_labels.npy
Squat_001,primer_squat_frontal_subjek01_rep1.mp4,Squat,Primer,64,55,9,14.06,Dominan Benar (Kesalahan Ringan/Fase Transisi),Frame 1-5 (5 frame); Frame 50-53 (4 frame),"1, 2, 3, 4, 5, 50, 51, 52, 53","6, 7, 8, 9, 10, 11, 12, 13, 14, 15, 16, 17, 18, 19, 20, 21, 22, 23, 24, 25, 26, 27, 28, 29, 30, 31, 32, 33, 34, 35, 36, 37, 38, 39, 40, 41, 42, 43, 44, 45, 46, 47, 48, 49, 54, 55, 56, 57, 58, 59, 60, 61, 62, 63, 64",1111100000000000000000000000000000000000000000000111100000000000,D:\Data-Aji\KULIAH\Tugas-Akhir\AttentiveSkel3D-WeightTraining-PoC\Release_V2_AttentiveSkel3D\data\tensors\Squat_001.npy,D:\Data-Aji\KULIAH\Tugas-Akhir\AttentiveSkel3D-WeightTraining-PoC\Release_V2_AttentiveSkel3D\data\v2_labels\Squat_001_labels.npy
Squat_002,primer_squat_frontal_subjek01_rep10.mp4,Squat,Primer,64,31,33,51.56,Campuran (Sebagian Fase Gerakan Salah),Frame 1-29 (29 frame); Frame 61-64 (4 frame),"1, 2, 3, 4, 5, 6, 7, 8, 9, 10, 11, 12, 13, 14, 15, 16, 17, 18, 19, 20, 21, 22, 23, 24, 25, 26, 27, 28, 29, 61, 62, 63, 64","30, 31, 32, 33, 34, 35, 36, 37, 38, 39, 40, 41, 42, 43, 44, 45, 46, 47, 48, 49, 50, 51, 52, 53, 54, 55, 56, 57, 58, 59, 60",1111111111111111111111111111100000000000000000000000000000001111,D:\Data-Aji\KULIAH\Tugas-Akhir\AttentiveSkel3D-WeightTraining-PoC\Release_V2_AttentiveSkel3D\data\tensors\Squat_002.npy,D:\Data-Aji\KULIAH\Tugas-Akhir\AttentiveSkel3D-WeightTraining-PoC\Release_V2_AttentiveSkel3D\data\v2_labels\Squat_002_labels.npy
Squat_003,primer_squat_frontal_subjek01_rep11.mp4,Squat,Primer,64,32,32,50.0,Campuran (Sebagian Fase Gerakan Salah),Frame 1-28 (28 frame); Frame 61-64 (4 frame),"1, 2, 3, 4, 5, 6, 7, 8, 9, 10, 11, 12, 13, 14, 15, 16, 17, 18, 19, 20, 21, 22, 23, 24, 25, 26, 27, 28, 61, 62, 63, 64","29, 30, 31, 32, 33, 34, 35, 36, 37, 38, 39, 40, 41, 42, 43, 44, 45, 46, 47, 48, 49, 50, 51, 52, 53, 54, 55, 56, 57, 58, 59, 60",1111111111111111111111111111000000000000000000000000000000001111,D:\Data-Aji\KULIAH\Tugas-Akhir\AttentiveSkel3D-WeightTraining-PoC\Release_V2_AttentiveSkel3D\data\tensors\Squat_003.npy,D:\Data-Aji\KULIAH\Tugas-Akhir\AttentiveSkel3D-WeightTraining-PoC\Release_V2_AttentiveSkel3D\data\v2_labels\Squat_003_labels.npy
Squat_004,primer_squat_frontal_subjek01_rep12.mp4,Squat,Primer,64,37,27,42.19,Campuran (Sebagian Fase Gerakan Salah),Frame 1-24 (24 frame); Frame 62-64 (3 frame),"1, 2, 3, 4, 5, 6, 7, 8, 9, 10, 11, 12, 13, 14, 15, 16, 17, 18, 19, 20, 21, 22, 23, 24, 62, 63, 64","25, 26, 27, 28, 29, 30, 31, 32, 33, 34, 35, 36, 37, 38, 39, 40, 41, 42, 43, 44, 45, 46, 47, 48, 49, 50, 51, 52, 53, 54, 55, 56, 57, 58, 59, 60, 61",1111111111111111111111110000000000000000000000000000000000000111,D:\Data-Aji\KULIAH\Tugas-Akhir\AttentiveSkel3D-WeightTraining-PoC\Release_V2_AttentiveSkel3D\data\tensors\Squat_004.npy,D:\Data-Aji\KULIAH\Tugas-Akhir\AttentiveSkel3D-WeightTraining-PoC\Release_V2_AttentiveSkel3D\data\v2_labels\Squat_004_labels.npy
Squat_005,primer_squat_frontal_subjek01_rep13.mp4,Squat,Primer,64,32,32,50.0,Campuran (Sebagian Fase Gerakan Salah),Frame 1-7 (7 frame); Frame 12-31 (20 frame); Frame 59; Frame 61-64 (4 frame),"1, 2, 3, 4, 5, 6, 7, 12, 13, 14, 15, 16, 17, 18, 19, 20, 21, 22, 23, 24, 25, 26, 27, 28, 29, 30, 31, 59, 61, 62, 63, 64","8, 9, 10, 11, 32, 33, 34, 35, 36, 37, 38, 39, 40, 41, 42, 43, 44, 45, 46, 47, 48, 49, 50, 51, 52, 53, 54, 55, 56, 57, 58, 60",1111111000011111111111111111111000000000000000000000000000101111,D:\Data-Aji\KULIAH\Tugas-Akhir\AttentiveSkel3D-WeightTraining-PoC\Release_V2_AttentiveSkel3D\data\tensors\Squat_005.npy,D:\Data-Aji\KULIAH\Tugas-Akhir\AttentiveSkel3D-WeightTraining-PoC\Release_V2_AttentiveSkel3D\data\v2_labels\Squat_005_labels.npy
Squat_006,primer_squat_frontal_subjek01_rep14.mp4,Squat,Primer,64,36,28,43.75,Campuran (Sebagian Fase Gerakan Salah),Frame 1-8 (8 frame); Frame 10-16 (7 frame); Frame 18; Frame 50-53 (4 frame); Frame 57-64 (8 frame),"1, 2, 3, 4, 5, 6, 7, 8, 10, 11, 12, 13, 14, 15, 16, 18, 50, 51, 52, 53, 57, 58, 59, 60, 61, 62, 63, 64","9, 17, 19, 20, 21, 22, 23, 24, 25, 26, 27, 28, 29, 30, 31, 32, 33, 34, 35, 36, 37, 38, 39, 40, 41, 42, 43, 44, 45, 46, 47, 48, 49, 54, 55, 56",1111111101111111010000000000000000000000000000000111100011111111,D:\Data-Aji\KULIAH\Tugas-Akhir\AttentiveSkel3D-WeightTraining-PoC\Release_V2_AttentiveSkel3D\data\tensors\Squat_006.npy,D:\Data-Aji\KULIAH\Tugas-Akhir\AttentiveSkel3D-WeightTraining-PoC\Release_V2_AttentiveSkel3D\data\v2_labels\Squat_006_labels.npy
Squat_007,primer_squat_frontal_subjek01_rep15.mp4,Squat,Primer,64,41,23,35.94,Campuran (Sebagian Fase Gerakan Salah),Frame 1-16 (16 frame); Frame 24; Frame 56-59 (4 frame); Frame 63-64 (2 frame),"1, 2, 3, 4, 5, 6, 7, 8, 9, 10, 11, 12, 13, 14, 15, 16, 24, 56, 57, 58, 59, 63, 64","17, 18, 19, 20, 21, 22, 23, 25, 26, 27, 28, 29, 30, 31, 32, 33, 34, 35, 36, 37, 38, 39, 40, 41, 42, 43, 44, 45, 46, 47, 48, 49, 50, 51, 52, 53, 54, 55, 60, 61, 62",1111111111111111000000010000000000000000000000000000000111100011,D:\Data-Aji\KULIAH\Tugas-Akhir\AttentiveSkel3D-WeightTraining-PoC\Release_V2_AttentiveSkel3D\data\tensors\Squat_007.npy,D:\Data-Aji\KULIAH\Tugas-Akhir\AttentiveSkel3D-WeightTraining-PoC\Release_V2_AttentiveSkel3D\data\v2_labels\Squat_007_labels.npy
Squat_008,primer_squat_frontal_subjek01_rep16.mp4,Squat,Primer,64,30,34,53.12,Campuran (Sebagian Fase Gerakan Salah),Frame 1-20 (20 frame); Frame 50-55 (6 frame); Frame 57-64 (8 frame),"1, 2, 3, 4, 5, 6, 7, 8, 9, 10, 11, 12, 13, 14, 15, 16, 17, 18, 19, 20, 50, 51, 52, 53, 54, 55, 57, 58, 59, 60, 61, 62, 63, 64","21, 22, 23, 24, 25, 26, 27, 28, 29, 30, 31, 32, 33, 34, 35, 36, 37, 38, 39, 40, 41, 42, 43, 44, 45, 46, 47, 48, 49, 56",1111111111111111111100000000000000000000000000000111111011111111,D:\Data-Aji\KULIAH\Tugas-Akhir\AttentiveSkel3D-WeightTraining-PoC\Release_V2_AttentiveSkel3D\data\tensors\Squat_008.npy,D:\Data-Aji\KULIAH\Tugas-Akhir\AttentiveSkel3D-WeightTraining-PoC\Release_V2_AttentiveSkel3D\data\v2_labels\Squat_008_labels.npy
Squat_009,primer_squat_frontal_subjek01_rep17.mp4,Squat,Primer,64,40,24,37.5,Campuran (Sebagian Fase Gerakan Salah),Frame 1-13 (13 frame); Frame 52-56 (5 frame); Frame 59-64 (6 frame),"1, 2, 3, 4, 5, 6, 7, 8, 9, 10, 11, 12, 13, 52, 53, 54, 55, 56, 59, 60, 61, 62, 63, 64","14, 15, 16, 17, 18, 19, 20, 21, 22, 23, 24, 25, 26, 27, 28, 29, 30, 31, 32, 33, 34, 35, 36, 37, 38, 39, 40, 41, 42, 43, 44, 45, 46, 47, 48, 49, 50, 51, 57, 58",1111111111111000000000000000000000000000000000000001111100111111,D:\Data-Aji\KULIAH\Tugas-Akhir\AttentiveSkel3D-WeightTraining-PoC\Release_V2_AttentiveSkel3D\data\tensors\Squat_009.npy,D:\Data-Aji\KULIAH\Tugas-Akhir\AttentiveSkel3D-WeightTraining-PoC\Release_V2_AttentiveSkel3D\data\v2_labels\Squat_009_labels.npy
Squat_010,primer_squat_frontal_subjek01_rep18.mp4,Squat,Primer,64,31,33,51.56,Campuran (Sebagian Fase Gerakan Salah),Frame 1-23 (23 frame); Frame 52; Frame 55-56 (2 frame); Frame 58-64 (7 frame),"1, 2, 3, 4, 5, 6, 7, 8, 9, 10, 11, 12, 13, 14, 15, 16, 17, 18, 19, 20, 21, 22, 23, 52, 55, 56, 58, 59, 60, 61, 62, 63, 64","24, 25, 26, 27, 28, 29, 30, 31, 32, 33, 34, 35, 36, 37, 38, 39, 40, 41, 42, 43, 44, 45, 46, 47, 48, 49, 50, 51, 53, 54, 57",1111111111111111111111100000000000000000000000000001001101111111,D:\Data-Aji\KULIAH\Tugas-Akhir\AttentiveSkel3D-WeightTraining-PoC\Release_V2_AttentiveSkel3D\data\tensors\Squat_010.npy,D:\Data-Aji\KULIAH\Tugas-Akhir\AttentiveSkel3D-WeightTraining-PoC\Release_V2_AttentiveSkel3D\data\v2_labels\Squat_010_labels.npy
Squat_011,primer_squat_frontal_subjek01_rep19.mp4,Squat,Primer,64,38,26,40.62,Campuran (Sebagian Fase Gerakan Salah),Frame 1-17 (17 frame); Frame 55; Frame 57-64 (8 frame),"1, 2, 3, 4, 5, 6, 7, 8, 9, 10, 11, 12, 13, 14, 15, 16, 17, 55, 57, 58, 59, 60, 61, 62, 63, 64","18, 19, 20, 21, 22, 23, 24, 25, 26, 27, 28, 29, 30, 31, 32, 33, 34, 35, 36, 37, 38, 39, 40, 41, 42, 43, 44, 45, 46, 47, 48, 49, 50, 51, 52, 53, 54, 56",1111111111111111100000000000000000000000000000000000001011111111,D:\Data-Aji\KULIAH\Tugas-Akhir\AttentiveSkel3D-WeightTraining-PoC\Release_V2_AttentiveSkel3D\data\tensors\Squat_011.npy,D:\Data-Aji\KULIAH\Tugas-Akhir\AttentiveSkel3D-WeightTraining-PoC\Release_V2_AttentiveSkel3D\data\v2_labels\Squat_011_labels.npy
Squat_012,primer_squat_frontal_subjek01_rep2.mp4,Squat,Primer,64,56,8,12.5,Dominan Benar (Kesalahan Ringan/Fase Transisi),Frame 1-3 (3 frame); Frame 50-53 (4 frame); Frame 64,"1, 2, 3, 50, 51, 52, 53, 64","4, 5, 6, 7, 8, 9, 10, 11, 12, 13, 14, 15, 16, 17, 18, 19, 20, 21, 22, 23, 24, 25, 26, 27, 28, 29, 30, 31, 32, 33, 34, 35, 36, 37, 38, 39, 40, 41, 42, 43, 44, 45, 46, 47, 48, 49, 54, 55, 56, 57, 58, 59, 60, 61, 62, 63",1110000000000000000000000000000000000000000000000111100000000001,D:\Data-Aji\KULIAH\Tugas-Akhir\AttentiveSkel3D-WeightTraining-PoC\Release_V2_AttentiveSkel3D\data\tensors\Squat_012.npy,D:\Data-Aji\KULIAH\Tugas-Akhir\AttentiveSkel3D-WeightTraining-PoC\Release_V2_AttentiveSkel3D\data\v2_labels\Squat_012_labels.npy
Squat_013,primer_squat_frontal_subjek01_rep20.mp4,Squat,Primer,64,39,25,39.06,Campuran (Sebagian Fase Gerakan Salah),Frame 1-15 (15 frame); Frame 55-64 (10 frame),"1, 2, 3, 4, 5, 6, 7, 8, 9, 10, 11, 12, 13, 14, 15, 55, 56, 57, 58, 59, 60, 61, 62, 63, 64","16, 17, 18, 19, 20, 21, 22, 23, 24, 25, 26, 27, 28, 29, 30, 31, 32, 33, 34, 35, 36, 37, 38, 39, 40, 41, 42, 43, 44, 45, 46, 47, 48, 49, 50, 51, 52, 53, 54",1111111111111110000000000000000000000000000000000000001111111111,D:\Data-Aji\KULIAH\Tugas-Akhir\AttentiveSkel3D-WeightTraining-PoC\Release_V2_AttentiveSkel3D\data\tensors\Squat_013.npy,D:\Data-Aji\KULIAH\Tugas-Akhir\AttentiveSkel3D-WeightTraining-PoC\Release_V2_AttentiveSkel3D\data\v2_labels\Squat_013_labels.npy
Squat_014,primer_squat_frontal_subjek01_rep21.mp4,Squat,Primer,64,27,37,57.81,Campuran (Sebagian Fase Gerakan Salah),Frame 1-27 (27 frame); Frame 54-57 (4 frame); Frame 59-64 (6 frame),"1, 2, 3, 4, 5, 6, 7, 8, 9, 10, 11, 12, 13, 14, 15, 16, 17, 18, 19, 20, 21, 22, 23, 24, 25, 26, 27, 54, 55, 56, 57, 59, 60, 61, 62, 63, 64","28, 29, 30, 31, 32, 33, 34, 35, 36, 37, 38, 39, 40, 41, 42, 43, 44, 45, 46, 47, 48, 49, 50, 51, 52, 53, 58",1111111111111111111111111110000000000000000000000000011110111111,D:\Data-Aji\KULIAH\Tugas-Akhir\AttentiveSkel3D-WeightTraining-PoC\Release_V2_AttentiveSkel3D\data\tensors\Squat_014.npy,D:\Data-Aji\KULIAH\Tugas-Akhir\AttentiveSkel3D-WeightTraining-PoC\Release_V2_AttentiveSkel3D\data\v2_labels\Squat_014_labels.npy
Squat_015,primer_squat_frontal_subjek01_rep22.mp4,Squat,Primer,64,42,22,34.38,Campuran (Sebagian Fase Gerakan Salah),Frame 1-7 (7 frame); Frame 48-50 (3 frame); Frame 53-64 (12 frame),"1, 2, 3, 4, 5, 6, 7, 48, 49, 50, 53, 54, 55, 56, 57, 58, 59, 60, 61, 62, 63, 64","8, 9, 10, 11, 12, 13, 14, 15, 16, 17, 18, 19, 20, 21, 22, 23, 24, 25, 26, 27, 28, 29, 30, 31, 32, 33, 34, 35, 36, 37, 38, 39, 40, 41, 42, 43, 44, 45, 46, 47, 51, 52",1111111000000000000000000000000000000000000000011100111111111111,D:\Data-Aji\KULIAH\Tugas-Akhir\AttentiveSkel3D-WeightTraining-PoC\Release_V2_AttentiveSkel3D\data\tensors\Squat_015.npy,D:\Data-Aji\KULIAH\Tugas-Akhir\AttentiveSkel3D-WeightTraining-PoC\Release_V2_AttentiveSkel3D\data\v2_labels\Squat_015_labels.npy
Squat_016,primer_squat_frontal_subjek01_rep23.mp4,Squat,Primer,64,36,28,43.75,Campuran (Sebagian Fase Gerakan Salah),Frame 1-14 (14 frame); Frame 51-64 (14 frame),"1, 2, 3, 4, 5, 6, 7, 8, 9, 10, 11, 12, 13, 14, 51, 52, 53, 54, 55, 56, 57, 58, 59, 60, 61, 62, 63, 64","15, 16, 17, 18, 19, 20, 21, 22, 23, 24, 25, 26, 27, 28, 29, 30, 31, 32, 33, 34, 35, 36, 37, 38, 39, 40, 41, 42, 43, 44, 45, 46, 47, 48, 49, 50",1111111111111100000000000000000000000000000000000011111111111111,D:\Data-Aji\KULIAH\Tugas-Akhir\AttentiveSkel3D-WeightTraining-PoC\Release_V2_AttentiveSkel3D\data\tensors\Squat_016.npy,D:\Data-Aji\KULIAH\Tugas-Akhir\AttentiveSkel3D-WeightTraining-PoC\Release_V2_AttentiveSkel3D\data\v2_labels\Squat_016_labels.npy
Squat_017,primer_squat_frontal_subjek01_rep24.mp4,Squat,Primer,64,33,31,48.44,Campuran (Sebagian Fase Gerakan Salah),Frame 1-23 (23 frame); Frame 54-55 (2 frame); Frame 59-64 (6 frame),"1, 2, 3, 4, 5, 6, 7, 8, 9, 10, 11, 12, 13, 14, 15, 16, 17, 18, 19, 20, 21, 22, 23, 54, 55, 59, 60, 61, 62, 63, 64","24, 25, 26, 27, 28, 29, 30, 31, 32, 33, 34, 35, 36, 37, 38, 39, 40, 41, 42, 43, 44, 45, 46, 47, 48, 49, 50, 51, 52, 53, 56, 57, 58",1111111111111111111111100000000000000000000000000000011000111111,D:\Data-Aji\KULIAH\Tugas-Akhir\AttentiveSkel3D-WeightTraining-PoC\Release_V2_AttentiveSkel3D\data\tensors\Squat_017.npy,D:\Data-Aji\KULIAH\Tugas-Akhir\AttentiveSkel3D-WeightTraining-PoC\Release_V2_AttentiveSkel3D\data\v2_labels\Squat_017_labels.npy
Squat_018,primer_squat_frontal_subjek01_rep25.mp4,Squat,Primer,64,33,31,48.44,Campuran (Sebagian Fase Gerakan Salah),Frame 1-23 (23 frame); Frame 54-55 (2 frame); Frame 59-64 (6 frame),"1, 2, 3, 4, 5, 6, 7, 8, 9, 10, 11, 12, 13, 14, 15, 16, 17, 18, 19, 20, 21, 22, 23, 54, 55, 59, 60, 61, 62, 63, 64","24, 25, 26, 27, 28, 29, 30, 31, 32, 33, 34, 35, 36, 37, 38, 39, 40, 41, 42, 43, 44, 45, 46, 47, 48, 49, 50, 51, 52, 53, 56, 57, 58",1111111111111111111111100000000000000000000000000000011000111111,D:\Data-Aji\KULIAH\Tugas-Akhir\AttentiveSkel3D-WeightTraining-PoC\Release_V2_AttentiveSkel3D\data\tensors\Squat_018.npy,D:\Data-Aji\KULIAH\Tugas-Akhir\AttentiveSkel3D-WeightTraining-PoC\Release_V2_AttentiveSkel3D\data\v2_labels\Squat_018_labels.npy
Squat_019,primer_squat_frontal_subjek01_rep3.mp4,Squat,Primer,64,45,19,29.69,Campuran (Sebagian Fase Gerakan Salah),Frame 1-6 (6 frame); Frame 47-51 (5 frame); Frame 57-64 (8 frame),"1, 2, 3, 4, 5, 6, 47, 48, 49, 50, 51, 57, 58, 59, 60, 61, 62, 63, 64","7, 8, 9, 10, 11, 12, 13, 14, 15, 16, 17, 18, 19, 20, 21, 22, 23, 24, 25, 26, 27, 28, 29, 30, 31, 32, 33, 34, 35, 36, 37, 38, 39, 40, 41, 42, 43, 44, 45, 46, 52, 53, 54, 55, 56",1111110000000000000000000000000000000000000000111110000011111111,D:\Data-Aji\KULIAH\Tugas-Akhir\AttentiveSkel3D-WeightTraining-PoC\Release_V2_AttentiveSkel3D\data\tensors\Squat_019.npy,D:\Data-Aji\KULIAH\Tugas-Akhir\AttentiveSkel3D-WeightTraining-PoC\Release_V2_AttentiveSkel3D\data\v2_labels\Squat_019_labels.npy
Squat_020,primer_squat_frontal_subjek01_rep4.mp4,Squat,Primer,64,50,14,21.88,Dominan Benar (Kesalahan Ringan/Fase Transisi),Frame 1-7 (7 frame); Frame 52-57 (6 frame); Frame 64,"1, 2, 3, 4, 5, 6, 7, 52, 53, 54, 55, 56, 57, 64","8, 9, 10, 11, 12, 13, 14, 15, 16, 17, 18, 19, 20, 21, 22, 23, 24, 25, 26, 27, 28, 29, 30, 31, 32, 33, 34, 35, 36, 37, 38, 39, 40, 41, 42, 43, 44, 45, 46, 47, 48, 49, 50, 51, 58, 59, 60, 61, 62, 63",1111111000000000000000000000000000000000000000000001111110000001,D:\Data-Aji\KULIAH\Tugas-Akhir\AttentiveSkel3D-WeightTraining-PoC\Release_V2_AttentiveSkel3D\data\tensors\Squat_020.npy,D:\Data-Aji\KULIAH\Tugas-Akhir\AttentiveSkel3D-WeightTraining-PoC\Release_V2_AttentiveSkel3D\data\v2_labels\Squat_020_labels.npy
Squat_021,primer_squat_frontal_subjek01_rep5.mp4,Squat,Primer,64,41,23,35.94,Campuran (Sebagian Fase Gerakan Salah),Frame 1-13 (13 frame); Frame 50-53 (4 frame); Frame 59-64 (6 frame),"1, 2, 3, 4, 5, 6, 7, 8, 9, 10, 11, 12, 13, 50, 51, 52, 53, 59, 60, 61, 62, 63, 64","14, 15, 16, 17, 18, 19, 20, 21, 22, 23, 24, 25, 26, 27, 28, 29, 30, 31, 32, 33, 34, 35, 36, 37, 38, 39, 40, 41, 42, 43, 44, 45, 46, 47, 48, 49, 54, 55, 56, 57, 58",1111111111111000000000000000000000000000000000000111100000111111,D:\Data-Aji\KULIAH\Tugas-Akhir\AttentiveSkel3D-WeightTraining-PoC\Release_V2_AttentiveSkel3D\data\tensors\Squat_021.npy,D:\Data-Aji\KULIAH\Tugas-Akhir\AttentiveSkel3D-WeightTraining-PoC\Release_V2_AttentiveSkel3D\data\v2_labels\Squat_021_labels.npy
Squat_022,primer_squat_frontal_subjek01_rep6.mp4,Squat,Primer,64,47,17,26.56,Campuran (Sebagian Fase Gerakan Salah),Frame 1-8 (8 frame); Frame 52-55 (4 frame); Frame 60-64 (5 frame),"1, 2, 3, 4, 5, 6, 7, 8, 52, 53, 54, 55, 60, 61, 62, 63, 64","9, 10, 11, 12, 13, 14, 15, 16, 17, 18, 19, 20, 21, 22, 23, 24, 25, 26, 27, 28, 29, 30, 31, 32, 33, 34, 35, 36, 37, 38, 39, 40, 41, 42, 43, 44, 45, 46, 47, 48, 49, 50, 51, 56, 57, 58, 59",1111111100000000000000000000000000000000000000000001111000011111,D:\Data-Aji\KULIAH\Tugas-Akhir\AttentiveSkel3D-WeightTraining-PoC\Release_V2_AttentiveSkel3D\data\tensors\Squat_022.npy,D:\Data-Aji\KULIAH\Tugas-Akhir\AttentiveSkel3D-WeightTraining-PoC\Release_V2_AttentiveSkel3D\data\v2_labels\Squat_022_labels.npy
Squat_023,primer_squat_frontal_subjek01_rep7.mp4,Squat,Primer,64,34,30,46.88,Campuran (Sebagian Fase Gerakan Salah),Frame 1-19 (19 frame); Frame 54-64 (11 frame),"1, 2, 3, 4, 5, 6, 7, 8, 9, 10, 11, 12, 13, 14, 15, 16, 17, 18, 19, 54, 55, 56, 57, 58, 59, 60, 61, 62, 63, 64","20, 21, 22, 23, 24, 25, 26, 27, 28, 29, 30, 31, 32, 33, 34, 35, 36, 37, 38, 39, 40, 41, 42, 43, 44, 45, 46, 47, 48, 49, 50, 51, 52, 53",1111111111111111111000000000000000000000000000000000011111111111,D:\Data-Aji\KULIAH\Tugas-Akhir\AttentiveSkel3D-WeightTraining-PoC\Release_V2_AttentiveSkel3D\data\tensors\Squat_023.npy,D:\Data-Aji\KULIAH\Tugas-Akhir\AttentiveSkel3D-WeightTraining-PoC\Release_V2_AttentiveSkel3D\data\v2_labels\Squat_023_labels.npy
Squat_024,primer_squat_frontal_subjek01_rep8.mp4,Squat,Primer,64,40,24,37.5,Campuran (Sebagian Fase Gerakan Salah),Frame 1-14 (14 frame); Frame 51-55 (5 frame); Frame 60-64 (5 frame),"1, 2, 3, 4, 5, 6, 7, 8, 9, 10, 11, 12, 13, 14, 51, 52, 53, 54, 55, 60, 61, 62, 63, 64","15, 16, 17, 18, 19, 20, 21, 22, 23, 24, 25, 26, 27, 28, 29, 30, 31, 32, 33, 34, 35, 36, 37, 38, 39, 40, 41, 42, 43, 44, 45, 46, 47, 48, 49, 50, 56, 57, 58, 59",1111111111111100000000000000000000000000000000000011111000011111,D:\Data-Aji\KULIAH\Tugas-Akhir\AttentiveSkel3D-WeightTraining-PoC\Release_V2_AttentiveSkel3D\data\tensors\Squat_024.npy,D:\Data-Aji\KULIAH\Tugas-Akhir\AttentiveSkel3D-WeightTraining-PoC\Release_V2_AttentiveSkel3D\data\v2_labels\Squat_024_labels.npy
Squat_025,primer_squat_frontal_subjek01_rep9.mp4,Squat,Primer,64,30,34,53.12,Campuran (Sebagian Fase Gerakan Salah),Frame 1-31 (31 frame); Frame 57; Frame 63-64 (2 frame),"1, 2, 3, 4, 5, 6, 7, 8, 9, 10, 11, 12, 13, 14, 15, 16, 17, 18, 19, 20, 21, 22, 23, 24, 25, 26, 27, 28, 29, 30, 31, 57, 63, 64","32, 33, 34, 35, 36, 37, 38, 39, 40, 41, 42, 43, 44, 45, 46, 47, 48, 49, 50, 51, 52, 53, 54, 55, 56, 58, 59, 60, 61, 62",1111111111111111111111111111111000000000000000000000000010000011,D:\Data-Aji\KULIAH\Tugas-Akhir\AttentiveSkel3D-WeightTraining-PoC\Release_V2_AttentiveSkel3D\data\tensors\Squat_025.npy,D:\Data-Aji\KULIAH\Tugas-Akhir\AttentiveSkel3D-WeightTraining-PoC\Release_V2_AttentiveSkel3D\data\v2_labels\Squat_025_labels.npy
Squat_026,primer_squat_frontal_subjek03_rep1.mp4,Squat,Primer,64,52,12,18.75,Dominan Benar (Kesalahan Ringan/Fase Transisi),Frame 53-64 (12 frame),"53, 54, 55, 56, 57, 58, 59, 60, 61, 62, 63, 64","1, 2, 3, 4, 5, 6, 7, 8, 9, 10, 11, 12, 13, 14, 15, 16, 17, 18, 19, 20, 21, 22, 23, 24, 25, 26, 27, 28, 29, 30, 31, 32, 33, 34, 35, 36, 37, 38, 39, 40, 41, 42, 43, 44, 45, 46, 47, 48, 49, 50, 51, 52",0000000000000000000000000000000000000000000000000000111111111111,D:\Data-Aji\KULIAH\Tugas-Akhir\AttentiveSkel3D-WeightTraining-PoC\Release_V2_AttentiveSkel3D\data\tensors\Squat_026.npy,D:\Data-Aji\KULIAH\Tugas-Akhir\AttentiveSkel3D-WeightTraining-PoC\Release_V2_AttentiveSkel3D\data\v2_labels\Squat_026_labels.npy
Squat_027,primer_squat_frontal_subjek03_rep10.mp4,Squat,Primer,64,51,13,20.31,Dominan Benar (Kesalahan Ringan/Fase Transisi),Frame 50-56 (7 frame); Frame 59-64 (6 frame),"50, 51, 52, 53, 54, 55, 56, 59, 60, 61, 62, 63, 64","1, 2, 3, 4, 5, 6, 7, 8, 9, 10, 11, 12, 13, 14, 15, 16, 17, 18, 19, 20, 21, 22, 23, 24, 25, 26, 27, 28, 29, 30, 31, 32, 33, 34, 35, 36, 37, 38, 39, 40, 41, 42, 43, 44, 45, 46, 47, 48, 49, 57, 58",0000000000000000000000000000000000000000000000000111111100111111,D:\Data-Aji\KULIAH\Tugas-Akhir\AttentiveSkel3D-WeightTraining-PoC\Release_V2_AttentiveSkel3D\data\tensors\Squat_027.npy,D:\Data-Aji\KULIAH\Tugas-Akhir\AttentiveSkel3D-WeightTraining-PoC\Release_V2_AttentiveSkel3D\data\v2_labels\Squat_027_labels.npy
Squat_028,primer_squat_frontal_subjek03_rep11.mp4,Squat,Primer,64,54,10,15.62,Dominan Benar (Kesalahan Ringan/Fase Transisi),Frame 47-52 (6 frame); Frame 56-58 (3 frame); Frame 64,"47, 48, 49, 50, 51, 52, 56, 57, 58, 64","1, 2, 3, 4, 5, 6, 7, 8, 9, 10, 11, 12, 13, 14, 15, 16, 17, 18, 19, 20, 21, 22, 23, 24, 25, 26, 27, 28, 29, 30, 31, 32, 33, 34, 35, 36, 37, 38, 39, 40, 41, 42, 43, 44, 45, 46, 53, 54, 55, 59, 60, 61, 62, 63",0000000000000000000000000000000000000000000000111111000111000001,D:\Data-Aji\KULIAH\Tugas-Akhir\AttentiveSkel3D-WeightTraining-PoC\Release_V2_AttentiveSkel3D\data\tensors\Squat_028.npy,D:\Data-Aji\KULIAH\Tugas-Akhir\AttentiveSkel3D-WeightTraining-PoC\Release_V2_AttentiveSkel3D\data\v2_labels\Squat_028_labels.npy
Squat_029,primer_squat_frontal_subjek03_rep12.mp4,Squat,Primer,64,52,12,18.75,Dominan Benar (Kesalahan Ringan/Fase Transisi),Frame 49-53 (5 frame); Frame 58-64 (7 frame),"49, 50, 51, 52, 53, 58, 59, 60, 61, 62, 63, 64","1, 2, 3, 4, 5, 6, 7, 8, 9, 10, 11, 12, 13, 14, 15, 16, 17, 18, 19, 20, 21, 22, 23, 24, 25, 26, 27, 28, 29, 30, 31, 32, 33, 34, 35, 36, 37, 38, 39, 40, 41, 42, 43, 44, 45, 46, 47, 48, 54, 55, 56, 57",0000000000000000000000000000000000000000000000001111100001111111,D:\Data-Aji\KULIAH\Tugas-Akhir\AttentiveSkel3D-WeightTraining-PoC\Release_V2_AttentiveSkel3D\data\tensors\Squat_029.npy,D:\Data-Aji\KULIAH\Tugas-Akhir\AttentiveSkel3D-WeightTraining-PoC\Release_V2_AttentiveSkel3D\data\v2_labels\Squat_029_labels.npy
Squat_030,primer_squat_frontal_subjek03_rep13.mp4,Squat,Primer,64,55,9,14.06,Dominan Benar (Kesalahan Ringan/Fase Transisi),Frame 49-57 (9 frame),"49, 50, 51, 52, 53, 54, 55, 56, 57","1, 2, 3, 4, 5, 6, 7, 8, 9, 10, 11, 12, 13, 14, 15, 16, 17, 18, 19, 20, 21, 22, 23, 24, 25, 26, 27, 28, 29, 30, 31, 32, 33, 34, 35, 36, 37, 38, 39, 40, 41, 42, 43, 44, 45, 46, 47, 48, 58, 59, 60, 61, 62, 63, 64",0000000000000000000000000000000000000000000000001111111110000000,D:\Data-Aji\KULIAH\Tugas-Akhir\AttentiveSkel3D-WeightTraining-PoC\Release_V2_AttentiveSkel3D\data\tensors\Squat_030.npy,D:\Data-Aji\KULIAH\Tugas-Akhir\AttentiveSkel3D-WeightTraining-PoC\Release_V2_AttentiveSkel3D\data\v2_labels\Squat_030_labels.npy
Squat_031,primer_squat_frontal_subjek03_rep14.mp4,Squat,Primer,64,55,9,14.06,Dominan Benar (Kesalahan Ringan/Fase Transisi),Frame 1-2 (2 frame); Frame 5-6 (2 frame); Frame 54-56 (3 frame); Frame 63-64 (2 frame),"1, 2, 5, 6, 54, 55, 56, 63, 64","3, 4, 7, 8, 9, 10, 11, 12, 13, 14, 15, 16, 17, 18, 19, 20, 21, 22, 23, 24, 25, 26, 27, 28, 29, 30, 31, 32, 33, 34, 35, 36, 37, 38, 39, 40, 41, 42, 43, 44, 45, 46, 47, 48, 49, 50, 51, 52, 53, 57, 58, 59, 60, 61, 62",1100110000000000000000000000000000000000000000000000011100000011,D:\Data-Aji\KULIAH\Tugas-Akhir\AttentiveSkel3D-WeightTraining-PoC\Release_V2_AttentiveSkel3D\data\tensors\Squat_031.npy,D:\Data-Aji\KULIAH\Tugas-Akhir\AttentiveSkel3D-WeightTraining-PoC\Release_V2_AttentiveSkel3D\data\v2_labels\Squat_031_labels.npy
Squat_032,primer_squat_frontal_subjek03_rep15.mp4,Squat,Primer,64,56,8,12.5,Dominan Benar (Kesalahan Ringan/Fase Transisi),Frame 1-2 (2 frame); Frame 50-52 (3 frame); Frame 61; Frame 63-64 (2 frame),"1, 2, 50, 51, 52, 61, 63, 64","3, 4, 5, 6, 7, 8, 9, 10, 11, 12, 13, 14, 15, 16, 17, 18, 19, 20, 21, 22, 23, 24, 25, 26, 27, 28, 29, 30, 31, 32, 33, 34, 35, 36, 37, 38, 39, 40, 41, 42, 43, 44, 45, 46, 47, 48, 49, 53, 54, 55, 56, 57, 58, 59, 60, 62",1100000000000000000000000000000000000000000000000111000000001011,D:\Data-Aji\KULIAH\Tugas-Akhir\AttentiveSkel3D-WeightTraining-PoC\Release_V2_AttentiveSkel3D\data\tensors\Squat_032.npy,D:\Data-Aji\KULIAH\Tugas-Akhir\AttentiveSkel3D-WeightTraining-PoC\Release_V2_AttentiveSkel3D\data\v2_labels\Squat_032_labels.npy
Squat_033,primer_squat_frontal_subjek03_rep16.mp4,Squat,Primer,64,56,8,12.5,Dominan Benar (Kesalahan Ringan/Fase Transisi),Frame 51-55 (5 frame); Frame 60-61 (2 frame); Frame 64,"51, 52, 53, 54, 55, 60, 61, 64","1, 2, 3, 4, 5, 6, 7, 8, 9, 10, 11, 12, 13, 14, 15, 16, 17, 18, 19, 20, 21, 22, 23, 24, 25, 26, 27, 28, 29, 30, 31, 32, 33, 34, 35, 36, 37, 38, 39, 40, 41, 42, 43, 44, 45, 46, 47, 48, 49, 50, 56, 57, 58, 59, 62, 63",0000000000000000000000000000000000000000000000000011111000011001,D:\Data-Aji\KULIAH\Tugas-Akhir\AttentiveSkel3D-WeightTraining-PoC\Release_V2_AttentiveSkel3D\data\tensors\Squat_033.npy,D:\Data-Aji\KULIAH\Tugas-Akhir\AttentiveSkel3D-WeightTraining-PoC\Release_V2_AttentiveSkel3D\data\v2_labels\Squat_033_labels.npy
Squat_034,primer_squat_frontal_subjek03_rep17.mp4,Squat,Primer,64,48,16,25.0,Dominan Benar (Kesalahan Ringan/Fase Transisi),Frame 49-64 (16 frame),"49, 50, 51, 52, 53, 54, 55, 56, 57, 58, 59, 60, 61, 62, 63, 64","1, 2, 3, 4, 5, 6, 7, 8, 9, 10, 11, 12, 13, 14, 15, 16, 17, 18, 19, 20, 21, 22, 23, 24, 25, 26, 27, 28, 29, 30, 31, 32, 33, 34, 35, 36, 37, 38, 39, 40, 41, 42, 43, 44, 45, 46, 47, 48",0000000000000000000000000000000000000000000000001111111111111111,D:\Data-Aji\KULIAH\Tugas-Akhir\AttentiveSkel3D-WeightTraining-PoC\Release_V2_AttentiveSkel3D\data\tensors\Squat_034.npy,D:\Data-Aji\KULIAH\Tugas-Akhir\AttentiveSkel3D-WeightTraining-PoC\Release_V2_AttentiveSkel3D\data\v2_labels\Squat_034_labels.npy
Squat_035,primer_squat_frontal_subjek03_rep18.mp4,Squat,Primer,64,55,9,14.06,Dominan Benar (Kesalahan Ringan/Fase Transisi),Frame 53-58 (6 frame); Frame 62-64 (3 frame),"53, 54, 55, 56, 57, 58, 62, 63, 64","1, 2, 3, 4, 5, 6, 7, 8, 9, 10, 11, 12, 13, 14, 15, 16, 17, 18, 19, 20, 21, 22, 23, 24, 25, 26, 27, 28, 29, 30, 31, 32, 33, 34, 35, 36, 37, 38, 39, 40, 41, 42, 43, 44, 45, 46, 47, 48, 49, 50, 51, 52, 59, 60, 61",0000000000000000000000000000000000000000000000000000111111000111,D:\Data-Aji\KULIAH\Tugas-Akhir\AttentiveSkel3D-WeightTraining-PoC\Release_V2_AttentiveSkel3D\data\tensors\Squat_035.npy,D:\Data-Aji\KULIAH\Tugas-Akhir\AttentiveSkel3D-WeightTraining-PoC\Release_V2_AttentiveSkel3D\data\v2_labels\Squat_035_labels.npy
Squat_036,primer_squat_frontal_subjek03_rep19.mp4,Squat,Primer,64,51,13,20.31,Dominan Benar (Kesalahan Ringan/Fase Transisi),Frame 51-56 (6 frame); Frame 58-64 (7 frame),"51, 52, 53, 54, 55, 56, 58, 59, 60, 61, 62, 63, 64","1, 2, 3, 4, 5, 6, 7, 8, 9, 10, 11, 12, 13, 14, 15, 16, 17, 18, 19, 20, 21, 22, 23, 24, 25, 26, 27, 28, 29, 30, 31, 32, 33, 34, 35, 36, 37, 38, 39, 40, 41, 42, 43, 44, 45, 46, 47, 48, 49, 50, 57",0000000000000000000000000000000000000000000000000011111101111111,D:\Data-Aji\KULIAH\Tugas-Akhir\AttentiveSkel3D-WeightTraining-PoC\Release_V2_AttentiveSkel3D\data\tensors\Squat_036.npy,D:\Data-Aji\KULIAH\Tugas-Akhir\AttentiveSkel3D-WeightTraining-PoC\Release_V2_AttentiveSkel3D\data\v2_labels\Squat_036_labels.npy
Squat_037,primer_squat_frontal_subjek03_rep2.mp4,Squat,Primer,64,53,11,17.19,Dominan Benar (Kesalahan Ringan/Fase Transisi),Frame 3-7 (5 frame); Frame 59-64 (6 frame),"3, 4, 5, 6, 7, 59, 60, 61, 62, 63, 64","1, 2, 8, 9, 10, 11, 12, 13, 14, 15, 16, 17, 18, 19, 20, 21, 22, 23, 24, 25, 26, 27, 28, 29, 30, 31, 32, 33, 34, 35, 36, 37, 38, 39, 40, 41, 42, 43, 44, 45, 46, 47, 48, 49, 50, 51, 52, 53, 54, 55, 56, 57, 58",0011111000000000000000000000000000000000000000000000000000111111,D:\Data-Aji\KULIAH\Tugas-Akhir\AttentiveSkel3D-WeightTraining-PoC\Release_V2_AttentiveSkel3D\data\tensors\Squat_037.npy,D:\Data-Aji\KULIAH\Tugas-Akhir\AttentiveSkel3D-WeightTraining-PoC\Release_V2_AttentiveSkel3D\data\v2_labels\Squat_037_labels.npy
Squat_038,primer_squat_frontal_subjek03_rep20.mp4,Squat,Primer,64,49,15,23.44,Dominan Benar (Kesalahan Ringan/Fase Transisi),Frame 50-64 (15 frame),"50, 51, 52, 53, 54, 55, 56, 57, 58, 59, 60, 61, 62, 63, 64","1, 2, 3, 4, 5, 6, 7, 8, 9, 10, 11, 12, 13, 14, 15, 16, 17, 18, 19, 20, 21, 22, 23, 24, 25, 26, 27, 28, 29, 30, 31, 32, 33, 34, 35, 36, 37, 38, 39, 40, 41, 42, 43, 44, 45, 46, 47, 48, 49",0000000000000000000000000000000000000000000000000111111111111111,D:\Data-Aji\KULIAH\Tugas-Akhir\AttentiveSkel3D-WeightTraining-PoC\Release_V2_AttentiveSkel3D\data\tensors\Squat_038.npy,D:\Data-Aji\KULIAH\Tugas-Akhir\AttentiveSkel3D-WeightTraining-PoC\Release_V2_AttentiveSkel3D\data\v2_labels\Squat_038_labels.npy
Squat_039,primer_squat_frontal_subjek03_rep21.mp4,Squat,Primer,64,50,14,21.88,Dominan Benar (Kesalahan Ringan/Fase Transisi),Frame 1-2 (2 frame); Frame 4-5 (2 frame); Frame 54-57 (4 frame); Frame 59-64 (6 frame),"1, 2, 4, 5, 54, 55, 56, 57, 59, 60, 61, 62, 63, 64","3, 6, 7, 8, 9, 10, 11, 12, 13, 14, 15, 16, 17, 18, 19, 20, 21, 22, 23, 24, 25, 26, 27, 28, 29, 30, 31, 32, 33, 34, 35, 36, 37, 38, 39, 40, 41, 42, 43, 44, 45, 46, 47, 48, 49, 50, 51, 52, 53, 58",1101100000000000000000000000000000000000000000000000011110111111,D:\Data-Aji\KULIAH\Tugas-Akhir\AttentiveSkel3D-WeightTraining-PoC\Release_V2_AttentiveSkel3D\data\tensors\Squat_039.npy,D:\Data-Aji\KULIAH\Tugas-Akhir\AttentiveSkel3D-WeightTraining-PoC\Release_V2_AttentiveSkel3D\data\v2_labels\Squat_039_labels.npy
Squat_040,primer_squat_frontal_subjek03_rep22.mp4,Squat,Primer,64,38,26,40.62,Campuran (Sebagian Fase Gerakan Salah),Frame 1-17 (17 frame); Frame 56-64 (9 frame),"1, 2, 3, 4, 5, 6, 7, 8, 9, 10, 11, 12, 13, 14, 15, 16, 17, 56, 57, 58, 59, 60, 61, 62, 63, 64","18, 19, 20, 21, 22, 23, 24, 25, 26, 27, 28, 29, 30, 31, 32, 33, 34, 35, 36, 37, 38, 39, 40, 41, 42, 43, 44, 45, 46, 47, 48, 49, 50, 51, 52, 53, 54, 55",1111111111111111100000000000000000000000000000000000000111111111,D:\Data-Aji\KULIAH\Tugas-Akhir\AttentiveSkel3D-WeightTraining-PoC\Release_V2_AttentiveSkel3D\data\tensors\Squat_040.npy,D:\Data-Aji\KULIAH\Tugas-Akhir\AttentiveSkel3D-WeightTraining-PoC\Release_V2_AttentiveSkel3D\data\v2_labels\Squat_040_labels.npy
Squat_041,primer_squat_frontal_subjek03_rep23.mp4,Squat,Primer,64,31,33,51.56,Campuran (Sebagian Fase Gerakan Salah),Frame 1-22 (22 frame); Frame 54-64 (11 frame),"1, 2, 3, 4, 5, 6, 7, 8, 9, 10, 11, 12, 13, 14, 15, 16, 17, 18, 19, 20, 21, 22, 54, 55, 56, 57, 58, 59, 60, 61, 62, 63, 64","23, 24, 25, 26, 27, 28, 29, 30, 31, 32, 33, 34, 35, 36, 37, 38, 39, 40, 41, 42, 43, 44, 45, 46, 47, 48, 49, 50, 51, 52, 53",1111111111111111111111000000000000000000000000000000011111111111,D:\Data-Aji\KULIAH\Tugas-Akhir\AttentiveSkel3D-WeightTraining-PoC\Release_V2_AttentiveSkel3D\data\tensors\Squat_041.npy,D:\Data-Aji\KULIAH\Tugas-Akhir\AttentiveSkel3D-WeightTraining-PoC\Release_V2_AttentiveSkel3D\data\v2_labels\Squat_041_labels.npy
Squat_042,primer_squat_frontal_subjek03_rep24.mp4,Squat,Primer,64,44,20,31.25,Campuran (Sebagian Fase Gerakan Salah),Frame 1-13 (13 frame); Frame 58-64 (7 frame),"1, 2, 3, 4, 5, 6, 7, 8, 9, 10, 11, 12, 13, 58, 59, 60, 61, 62, 63, 64","14, 15, 16, 17, 18, 19, 20, 21, 22, 23, 24, 25, 26, 27, 28, 29, 30, 31, 32, 33, 34, 35, 36, 37, 38, 39, 40, 41, 42, 43, 44, 45, 46, 47, 48, 49, 50, 51, 52, 53, 54, 55, 56, 57",1111111111111000000000000000000000000000000000000000000001111111,D:\Data-Aji\KULIAH\Tugas-Akhir\AttentiveSkel3D-WeightTraining-PoC\Release_V2_AttentiveSkel3D\data\tensors\Squat_042.npy,D:\Data-Aji\KULIAH\Tugas-Akhir\AttentiveSkel3D-WeightTraining-PoC\Release_V2_AttentiveSkel3D\data\v2_labels\Squat_042_labels.npy
Squat_043,primer_squat_frontal_subjek03_rep3.mp4,Squat,Primer,64,58,6,9.38,Dominan Benar (Kesalahan Ringan/Fase Transisi),Frame 59-64 (6 frame),"59, 60, 61, 62, 63, 64","1, 2, 3, 4, 5, 6, 7, 8, 9, 10, 11, 12, 13, 14, 15, 16, 17, 18, 19, 20, 21, 22, 23, 24, 25, 26, 27, 28, 29, 30, 31, 32, 33, 34, 35, 36, 37, 38, 39, 40, 41, 42, 43, 44, 45, 46, 47, 48, 49, 50, 51, 52, 53, 54, 55, 56, 57, 58",0000000000000000000000000000000000000000000000000000000000111111,D:\Data-Aji\KULIAH\Tugas-Akhir\AttentiveSkel3D-WeightTraining-PoC\Release_V2_AttentiveSkel3D\data\tensors\Squat_043.npy,D:\Data-Aji\KULIAH\Tugas-Akhir\AttentiveSkel3D-WeightTraining-PoC\Release_V2_AttentiveSkel3D\data\v2_labels\Squat_043_labels.npy
Squat_044,primer_squat_frontal_subjek03_rep32.mp4,Squat,Primer,64,22,42,65.62,Dominan Salah (Gerakan Gagal / Half Rep),Frame 1-35 (35 frame); Frame 58-64 (7 frame),"1, 2, 3, 4, 5, 6, 7, 8, 9, 10, 11, 12, 13, 14, 15, 16, 17, 18, 19, 20, 21, 22, 23, 24, 25, 26, 27, 28, 29, 30, 31, 32, 33, 34, 35, 58, 59, 60, 61, 62, 63, 64","36, 37, 38, 39, 40, 41, 42, 43, 44, 45, 46, 47, 48, 49, 50, 51, 52, 53, 54, 55, 56, 57",1111111111111111111111111111111111100000000000000000000001111111,D:\Data-Aji\KULIAH\Tugas-Akhir\AttentiveSkel3D-WeightTraining-PoC\Release_V2_AttentiveSkel3D\data\tensors\Squat_044.npy,D:\Data-Aji\KULIAH\Tugas-Akhir\AttentiveSkel3D-WeightTraining-PoC\Release_V2_AttentiveSkel3D\data\v2_labels\Squat_044_labels.npy
Squat_045,primer_squat_frontal_subjek03_rep33.mp4,Squat,Primer,64,31,33,51.56,Campuran (Sebagian Fase Gerakan Salah),Frame 1-22 (22 frame); Frame 54-64 (11 frame),"1, 2, 3, 4, 5, 6, 7, 8, 9, 10, 11, 12, 13, 14, 15, 16, 17, 18, 19, 20, 21, 22, 54, 55, 56, 57, 58, 59, 60, 61, 62, 63, 64","23, 24, 25, 26, 27, 28, 29, 30, 31, 32, 33, 34, 35, 36, 37, 38, 39, 40, 41, 42, 43, 44, 45, 46, 47, 48, 49, 50, 51, 52, 53",1111111111111111111111000000000000000000000000000000011111111111,D:\Data-Aji\KULIAH\Tugas-Akhir\AttentiveSkel3D-WeightTraining-PoC\Release_V2_AttentiveSkel3D\data\tensors\Squat_045.npy,D:\Data-Aji\KULIAH\Tugas-Akhir\AttentiveSkel3D-WeightTraining-PoC\Release_V2_AttentiveSkel3D\data\v2_labels\Squat_045_labels.npy
Squat_046,primer_squat_frontal_subjek03_rep34.mp4,Squat,Primer,64,26,38,59.38,Campuran (Sebagian Fase Gerakan Salah),Frame 1-28 (28 frame); Frame 55-64 (10 frame),"1, 2, 3, 4, 5, 6, 7, 8, 9, 10, 11, 12, 13, 14, 15, 16, 17, 18, 19, 20, 21, 22, 23, 24, 25, 26, 27, 28, 55, 56, 57, 58, 59, 60, 61, 62, 63, 64","29, 30, 31, 32, 33, 34, 35, 36, 37, 38, 39, 40, 41, 42, 43, 44, 45, 46, 47, 48, 49, 50, 51, 52, 53, 54",1111111111111111111111111111000000000000000000000000001111111111,D:\Data-Aji\KULIAH\Tugas-Akhir\AttentiveSkel3D-WeightTraining-PoC\Release_V2_AttentiveSkel3D\data\tensors\Squat_046.npy,D:\Data-Aji\KULIAH\Tugas-Akhir\AttentiveSkel3D-WeightTraining-PoC\Release_V2_AttentiveSkel3D\data\v2_labels\Squat_046_labels.npy
Squat_047,primer_squat_frontal_subjek03_rep35.mp4,Squat,Primer,64,26,38,59.38,Campuran (Sebagian Fase Gerakan Salah),Frame 1-27 (27 frame); Frame 54-64 (11 frame),"1, 2, 3, 4, 5, 6, 7, 8, 9, 10, 11, 12, 13, 14, 15, 16, 17, 18, 19, 20, 21, 22, 23, 24, 25, 26, 27, 54, 55, 56, 57, 58, 59, 60, 61, 62, 63, 64","28, 29, 30, 31, 32, 33, 34, 35, 36, 37, 38, 39, 40, 41, 42, 43, 44, 45, 46, 47, 48, 49, 50, 51, 52, 53",1111111111111111111111111110000000000000000000000000011111111111,D:\Data-Aji\KULIAH\Tugas-Akhir\AttentiveSkel3D-WeightTraining-PoC\Release_V2_AttentiveSkel3D\data\tensors\Squat_047.npy,D:\Data-Aji\KULIAH\Tugas-Akhir\AttentiveSkel3D-WeightTraining-PoC\Release_V2_AttentiveSkel3D\data\v2_labels\Squat_047_labels.npy
Squat_048,primer_squat_frontal_subjek03_rep36.mp4,Squat,Primer,64,30,34,53.12,Campuran (Sebagian Fase Gerakan Salah),Frame 1-24 (24 frame); Frame 55-64 (10 frame),"1, 2, 3, 4, 5, 6, 7, 8, 9, 10, 11, 12, 13, 14, 15, 16, 17, 18, 19, 20, 21, 22, 23, 24, 55, 56, 57, 58, 59, 60, 61, 62, 63, 64","25, 26, 27, 28, 29, 30, 31, 32, 33, 34, 35, 36, 37, 38, 39, 40, 41, 42, 43, 44, 45, 46, 47, 48, 49, 50, 51, 52, 53, 54",1111111111111111111111110000000000000000000000000000001111111111,D:\Data-Aji\KULIAH\Tugas-Akhir\AttentiveSkel3D-WeightTraining-PoC\Release_V2_AttentiveSkel3D\data\tensors\Squat_048.npy,D:\Data-Aji\KULIAH\Tugas-Akhir\AttentiveSkel3D-WeightTraining-PoC\Release_V2_AttentiveSkel3D\data\v2_labels\Squat_048_labels.npy
Squat_049,primer_squat_frontal_subjek03_rep37.mp4,Squat,Primer,64,27,37,57.81,Campuran (Sebagian Fase Gerakan Salah),Frame 1-28 (28 frame); Frame 56-64 (9 frame),"1, 2, 3, 4, 5, 6, 7, 8, 9, 10, 11, 12, 13, 14, 15, 16, 17, 18, 19, 20, 21, 22, 23, 24, 25, 26, 27, 28, 56, 57, 58, 59, 60, 61, 62, 63, 64","29, 30, 31, 32, 33, 34, 35, 36, 37, 38, 39, 40, 41, 42, 43, 44, 45, 46, 47, 48, 49, 50, 51, 52, 53, 54, 55",1111111111111111111111111111000000000000000000000000000111111111,D:\Data-Aji\KULIAH\Tugas-Akhir\AttentiveSkel3D-WeightTraining-PoC\Release_V2_AttentiveSkel3D\data\tensors\Squat_049.npy,D:\Data-Aji\KULIAH\Tugas-Akhir\AttentiveSkel3D-WeightTraining-PoC\Release_V2_AttentiveSkel3D\data\v2_labels\Squat_049_labels.npy
Squat_050,primer_squat_frontal_subjek03_rep38.mp4,Squat,Primer,64,27,37,57.81,Campuran (Sebagian Fase Gerakan Salah),Frame 1-30 (30 frame); Frame 58-64 (7 frame),"1, 2, 3, 4, 5, 6, 7, 8, 9, 10, 11, 12, 13, 14, 15, 16, 17, 18, 19, 20, 21, 22, 23, 24, 25, 26, 27, 28, 29, 30, 58, 59, 60, 61, 62, 63, 64","31, 32, 33, 34, 35, 36, 37, 38, 39, 40, 41, 42, 43, 44, 45, 46, 47, 48, 49, 50, 51, 52, 53, 54, 55, 56, 57",1111111111111111111111111111110000000000000000000000000001111111,D:\Data-Aji\KULIAH\Tugas-Akhir\AttentiveSkel3D-WeightTraining-PoC\Release_V2_AttentiveSkel3D\data\tensors\Squat_050.npy,D:\Data-Aji\KULIAH\Tugas-Akhir\AttentiveSkel3D-WeightTraining-PoC\Release_V2_AttentiveSkel3D\data\v2_labels\Squat_050_labels.npy
Squat_051,primer_squat_frontal_subjek03_rep39.mp4,Squat,Primer,64,24,40,62.5,Campuran (Sebagian Fase Gerakan Salah),Frame 1-29 (29 frame); Frame 54-64 (11 frame),"1, 2, 3, 4, 5, 6, 7, 8, 9, 10, 11, 12, 13, 14, 15, 16, 17, 18, 19, 20, 21, 22, 23, 24, 25, 26, 27, 28, 29, 54, 55, 56, 57, 58, 59, 60, 61, 62, 63, 64","30, 31, 32, 33, 34, 35, 36, 37, 38, 39, 40, 41, 42, 43, 44, 45, 46, 47, 48, 49, 50, 51, 52, 53",1111111111111111111111111111100000000000000000000000011111111111,D:\Data-Aji\KULIAH\Tugas-Akhir\AttentiveSkel3D-WeightTraining-PoC\Release_V2_AttentiveSkel3D\data\tensors\Squat_051.npy,D:\Data-Aji\KULIAH\Tugas-Akhir\AttentiveSkel3D-WeightTraining-PoC\Release_V2_AttentiveSkel3D\data\v2_labels\Squat_051_labels.npy
Squat_052,primer_squat_frontal_subjek03_rep4.mp4,Squat,Primer,64,52,12,18.75,Dominan Benar (Kesalahan Ringan/Fase Transisi),Frame 53-64 (12 frame),"53, 54, 55, 56, 57, 58, 59, 60, 61, 62, 63, 64","1, 2, 3, 4, 5, 6, 7, 8, 9, 10, 11, 12, 13, 14, 15, 16, 17, 18, 19, 20, 21, 22, 23, 24, 25, 26, 27, 28, 29, 30, 31, 32, 33, 34, 35, 36, 37, 38, 39, 40, 41, 42, 43, 44, 45, 46, 47, 48, 49, 50, 51, 52",0000000000000000000000000000000000000000000000000000111111111111,D:\Data-Aji\KULIAH\Tugas-Akhir\AttentiveSkel3D-WeightTraining-PoC\Release_V2_AttentiveSkel3D\data\tensors\Squat_052.npy,D:\Data-Aji\KULIAH\Tugas-Akhir\AttentiveSkel3D-WeightTraining-PoC\Release_V2_AttentiveSkel3D\data\v2_labels\Squat_052_labels.npy
Squat_053,primer_squat_frontal_subjek03_rep40.mp4,Squat,Primer,64,21,43,67.19,Dominan Salah (Gerakan Gagal / Half Rep),Frame 1-33 (33 frame); Frame 55-64 (10 frame),"1, 2, 3, 4, 5, 6, 7, 8, 9, 10, 11, 12, 13, 14, 15, 16, 17, 18, 19, 20, 21, 22, 23, 24, 25, 26, 27, 28, 29, 30, 31, 32, 33, 55, 56, 57, 58, 59, 60, 61, 62, 63, 64","34, 35, 36, 37, 38, 39, 40, 41, 42, 43, 44, 45, 46, 47, 48, 49, 50, 51, 52, 53, 54",1111111111111111111111111111111110000000000000000000001111111111,D:\Data-Aji\KULIAH\Tugas-Akhir\AttentiveSkel3D-WeightTraining-PoC\Release_V2_AttentiveSkel3D\data\tensors\Squat_053.npy,D:\Data-Aji\KULIAH\Tugas-Akhir\AttentiveSkel3D-WeightTraining-PoC\Release_V2_AttentiveSkel3D\data\v2_labels\Squat_053_labels.npy
Squat_054,primer_squat_frontal_subjek03_rep41.mp4,Squat,Primer,64,26,38,59.38,Campuran (Sebagian Fase Gerakan Salah),Frame 1-28 (28 frame); Frame 55-64 (10 frame),"1, 2, 3, 4, 5, 6, 7, 8, 9, 10, 11, 12, 13, 14, 15, 16, 17, 18, 19, 20, 21, 22, 23, 24, 25, 26, 27, 28, 55, 56, 57, 58, 59, 60, 61, 62, 63, 64","29, 30, 31, 32, 33, 34, 35, 36, 37, 38, 39, 40, 41, 42, 43, 44, 45, 46, 47, 48, 49, 50, 51, 52, 53, 54",1111111111111111111111111111000000000000000000000000001111111111,D:\Data-Aji\KULIAH\Tugas-Akhir\AttentiveSkel3D-WeightTraining-PoC\Release_V2_AttentiveSkel3D\data\tensors\Squat_054.npy,D:\Data-Aji\KULIAH\Tugas-Akhir\AttentiveSkel3D-WeightTraining-PoC\Release_V2_AttentiveSkel3D\data\v2_labels\Squat_054_labels.npy
Squat_055,primer_squat_frontal_subjek03_rep5.mp4,Squat,Primer,64,58,6,9.38,Dominan Benar (Kesalahan Ringan/Fase Transisi),Frame 58; Frame 60-64 (5 frame),"58, 60, 61, 62, 63, 64","1, 2, 3, 4, 5, 6, 7, 8, 9, 10, 11, 12, 13, 14, 15, 16, 17, 18, 19, 20, 21, 22, 23, 24, 25, 26, 27, 28, 29, 30, 31, 32, 33, 34, 35, 36, 37, 38, 39, 40, 41, 42, 43, 44, 45, 46, 47, 48, 49, 50, 51, 52, 53, 54, 55, 56, 57, 59",0000000000000000000000000000000000000000000000000000000001011111,D:\Data-Aji\KULIAH\Tugas-Akhir\AttentiveSkel3D-WeightTraining-PoC\Release_V2_AttentiveSkel3D\data\tensors\Squat_055.npy,D:\Data-Aji\KULIAH\Tugas-Akhir\AttentiveSkel3D-WeightTraining-PoC\Release_V2_AttentiveSkel3D\data\v2_labels\Squat_055_labels.npy
Squat_056,primer_squat_frontal_subjek03_rep6.mp4,Squat,Primer,64,50,14,21.88,Dominan Benar (Kesalahan Ringan/Fase Transisi),Frame 51-64 (14 frame),"51, 52, 53, 54, 55, 56, 57, 58, 59, 60, 61, 62, 63, 64","1, 2, 3, 4, 5, 6, 7, 8, 9, 10, 11, 12, 13, 14, 15, 16, 17, 18, 19, 20, 21, 22, 23, 24, 25, 26, 27, 28, 29, 30, 31, 32, 33, 34, 35, 36, 37, 38, 39, 40, 41, 42, 43, 44, 45, 46, 47, 48, 49, 50",0000000000000000000000000000000000000000000000000011111111111111,D:\Data-Aji\KULIAH\Tugas-Akhir\AttentiveSkel3D-WeightTraining-PoC\Release_V2_AttentiveSkel3D\data\tensors\Squat_056.npy,D:\Data-Aji\KULIAH\Tugas-Akhir\AttentiveSkel3D-WeightTraining-PoC\Release_V2_AttentiveSkel3D\data\v2_labels\Squat_056_labels.npy
Squat_057,primer_squat_frontal_subjek03_rep7.mp4,Squat,Primer,64,51,13,20.31,Dominan Benar (Kesalahan Ringan/Fase Transisi),Frame 52-64 (13 frame),"52, 53, 54, 55, 56, 57, 58, 59, 60, 61, 62, 63, 64","1, 2, 3, 4, 5, 6, 7, 8, 9, 10, 11, 12, 13, 14, 15, 16, 17, 18, 19, 20, 21, 22, 23, 24, 25, 26, 27, 28, 29, 30, 31, 32, 33, 34, 35, 36, 37, 38, 39, 40, 41, 42, 43, 44, 45, 46, 47, 48, 49, 50, 51",0000000000000000000000000000000000000000000000000001111111111111,D:\Data-Aji\KULIAH\Tugas-Akhir\AttentiveSkel3D-WeightTraining-PoC\Release_V2_AttentiveSkel3D\data\tensors\Squat_057.npy,D:\Data-Aji\KULIAH\Tugas-Akhir\AttentiveSkel3D-WeightTraining-PoC\Release_V2_AttentiveSkel3D\data\v2_labels\Squat_057_labels.npy
Squat_058,primer_squat_frontal_subjek03_rep8.mp4,Squat,Primer,64,56,8,12.5,Dominan Benar (Kesalahan Ringan/Fase Transisi),Frame 56-57 (2 frame); Frame 59-64 (6 frame),"56, 57, 59, 60, 61, 62, 63, 64","1, 2, 3, 4, 5, 6, 7, 8, 9, 10, 11, 12, 13, 14, 15, 16, 17, 18, 19, 20, 21, 22, 23, 24, 25, 26, 27, 28, 29, 30, 31, 32, 33, 34, 35, 36, 37, 38, 39, 40, 41, 42, 43, 44, 45, 46, 47, 48, 49, 50, 51, 52, 53, 54, 55, 58",0000000000000000000000000000000000000000000000000000000110111111,D:\Data-Aji\KULIAH\Tugas-Akhir\AttentiveSkel3D-WeightTraining-PoC\Release_V2_AttentiveSkel3D\data\tensors\Squat_058.npy,D:\Data-Aji\KULIAH\Tugas-Akhir\AttentiveSkel3D-WeightTraining-PoC\Release_V2_AttentiveSkel3D\data\v2_labels\Squat_058_labels.npy
Squat_059,primer_squat_frontal_subjek03_rep9.mp4,Squat,Primer,64,54,10,15.62,Dominan Benar (Kesalahan Ringan/Fase Transisi),Frame 53-57 (5 frame); Frame 60-64 (5 frame),"53, 54, 55, 56, 57, 60, 61, 62, 63, 64","1, 2, 3, 4, 5, 6, 7, 8, 9, 10, 11, 12, 13, 14, 15, 16, 17, 18, 19, 20, 21, 22, 23, 24, 25, 26, 27, 28, 29, 30, 31, 32, 33, 34, 35, 36, 37, 38, 39, 40, 41, 42, 43, 44, 45, 46, 47, 48, 49, 50, 51, 52, 58, 59",0000000000000000000000000000000000000000000000000000111110011111,D:\Data-Aji\KULIAH\Tugas-Akhir\AttentiveSkel3D-WeightTraining-PoC\Release_V2_AttentiveSkel3D\data\tensors\Squat_059.npy,D:\Data-Aji\KULIAH\Tugas-Akhir\AttentiveSkel3D-WeightTraining-PoC\Release_V2_AttentiveSkel3D\data\v2_labels\Squat_059_labels.npy
Squat_060,primer_squat_frontal_subjek04_rep42.mp4,Squat,Primer,64,36,28,43.75,Campuran (Sebagian Fase Gerakan Salah),Frame 1-24 (24 frame); Frame 61-64 (4 frame),"1, 2, 3, 4, 5, 6, 7, 8, 9, 10, 11, 12, 13, 14, 15, 16, 17, 18, 19, 20, 21, 22, 23, 24, 61, 62, 63, 64","25, 26, 27, 28, 29, 30, 31, 32, 33, 34, 35, 36, 37, 38, 39, 40, 41, 42, 43, 44, 45, 46, 47, 48, 49, 50, 51, 52, 53, 54, 55, 56, 57, 58, 59, 60",1111111111111111111111110000000000000000000000000000000000001111,D:\Data-Aji\KULIAH\Tugas-Akhir\AttentiveSkel3D-WeightTraining-PoC\Release_V2_AttentiveSkel3D\data\tensors\Squat_060.npy,D:\Data-Aji\KULIAH\Tugas-Akhir\AttentiveSkel3D-WeightTraining-PoC\Release_V2_AttentiveSkel3D\data\v2_labels\Squat_060_labels.npy
Squat_061,primer_squat_frontal_subjek04_rep43.mp4,Squat,Primer,64,45,19,29.69,Campuran (Sebagian Fase Gerakan Salah),Frame 1-14 (14 frame); Frame 60-64 (5 frame),"1, 2, 3, 4, 5, 6, 7, 8, 9, 10, 11, 12, 13, 14, 60, 61, 62, 63, 64","15, 16, 17, 18, 19, 20, 21, 22, 23, 24, 25, 26, 27, 28, 29, 30, 31, 32, 33, 34, 35, 36, 37, 38, 39, 40, 41, 42, 43, 44, 45, 46, 47, 48, 49, 50, 51, 52, 53, 54, 55, 56, 57, 58, 59",1111111111111100000000000000000000000000000000000000000000011111,D:\Data-Aji\KULIAH\Tugas-Akhir\AttentiveSkel3D-WeightTraining-PoC\Release_V2_AttentiveSkel3D\data\tensors\Squat_061.npy,D:\Data-Aji\KULIAH\Tugas-Akhir\AttentiveSkel3D-WeightTraining-PoC\Release_V2_AttentiveSkel3D\data\v2_labels\Squat_061_labels.npy
Squat_062,primer_squat_frontal_subjek04_rep44.mp4,Squat,Primer,64,43,21,32.81,Campuran (Sebagian Fase Gerakan Salah),Frame 1-16 (16 frame); Frame 60-64 (5 frame),"1, 2, 3, 4, 5, 6, 7, 8, 9, 10, 11, 12, 13, 14, 15, 16, 60, 61, 62, 63, 64","17, 18, 19, 20, 21, 22, 23, 24, 25, 26, 27, 28, 29, 30, 31, 32, 33, 34, 35, 36, 37, 38, 39, 40, 41, 42, 43, 44, 45, 46, 47, 48, 49, 50, 51, 52, 53, 54, 55, 56, 57, 58, 59",1111111111111111000000000000000000000000000000000000000000011111,D:\Data-Aji\KULIAH\Tugas-Akhir\AttentiveSkel3D-WeightTraining-PoC\Release_V2_AttentiveSkel3D\data\tensors\Squat_062.npy,D:\Data-Aji\KULIAH\Tugas-Akhir\AttentiveSkel3D-WeightTraining-PoC\Release_V2_AttentiveSkel3D\data\v2_labels\Squat_062_labels.npy
Squat_063,primer_squat_frontal_subjek04_rep45.mp4,Squat,Primer,64,46,18,28.12,Campuran (Sebagian Fase Gerakan Salah),Frame 1-12 (12 frame); Frame 59-64 (6 frame),"1, 2, 3, 4, 5, 6, 7, 8, 9, 10, 11, 12, 59, 60, 61, 62, 63, 64","13, 14, 15, 16, 17, 18, 19, 20, 21, 22, 23, 24, 25, 26, 27, 28, 29, 30, 31, 32, 33, 34, 35, 36, 37, 38, 39, 40, 41, 42, 43, 44, 45, 46, 47, 48, 49, 50, 51, 52, 53, 54, 55, 56, 57, 58",1111111111110000000000000000000000000000000000000000000000111111,D:\Data-Aji\KULIAH\Tugas-Akhir\AttentiveSkel3D-WeightTraining-PoC\Release_V2_AttentiveSkel3D\data\tensors\Squat_063.npy,D:\Data-Aji\KULIAH\Tugas-Akhir\AttentiveSkel3D-WeightTraining-PoC\Release_V2_AttentiveSkel3D\data\v2_labels\Squat_063_labels.npy
Squat_064,primer_squat_frontal_subjek04_rep46.mp4,Squat,Primer,64,43,21,32.81,Campuran (Sebagian Fase Gerakan Salah),Frame 1-15 (15 frame); Frame 59-64 (6 frame),"1, 2, 3, 4, 5, 6, 7, 8, 9, 10, 11, 12, 13, 14, 15, 59, 60, 61, 62, 63, 64","16, 17, 18, 19, 20, 21, 22, 23, 24, 25, 26, 27, 28, 29, 30, 31, 32, 33, 34, 35, 36, 37, 38, 39, 40, 41, 42, 43, 44, 45, 46, 47, 48, 49, 50, 51, 52, 53, 54, 55, 56, 57, 58",1111111111111110000000000000000000000000000000000000000000111111,D:\Data-Aji\KULIAH\Tugas-Akhir\AttentiveSkel3D-WeightTraining-PoC\Release_V2_AttentiveSkel3D\data\tensors\Squat_064.npy,D:\Data-Aji\KULIAH\Tugas-Akhir\AttentiveSkel3D-WeightTraining-PoC\Release_V2_AttentiveSkel3D\data\v2_labels\Squat_064_labels.npy
Squat_065,primer_squat_frontal_subjek04_rep47.mp4,Squat,Primer,64,29,35,54.69,Campuran (Sebagian Fase Gerakan Salah),Frame 1-31 (31 frame); Frame 61-64 (4 frame),"1, 2, 3, 4, 5, 6, 7, 8, 9, 10, 11, 12, 13, 14, 15, 16, 17, 18, 19, 20, 21, 22, 23, 24, 25, 26, 27, 28, 29, 30, 31, 61, 62, 63, 64","32, 33, 34, 35, 36, 37, 38, 39, 40, 41, 42, 43, 44, 45, 46, 47, 48, 49, 50, 51, 52, 53, 54, 55, 56, 57, 58, 59, 60",1111111111111111111111111111111000000000000000000000000000001111,D:\Data-Aji\KULIAH\Tugas-Akhir\AttentiveSkel3D-WeightTraining-PoC\Release_V2_AttentiveSkel3D\data\tensors\Squat_065.npy,D:\Data-Aji\KULIAH\Tugas-Akhir\AttentiveSkel3D-WeightTraining-PoC\Release_V2_AttentiveSkel3D\data\v2_labels\Squat_065_labels.npy
Squat_066,primer_squat_frontal_subjek04_rep48.mp4,Squat,Primer,64,37,27,42.19,Campuran (Sebagian Fase Gerakan Salah),Frame 1-23 (23 frame); Frame 61-64 (4 frame),"1, 2, 3, 4, 5, 6, 7, 8, 9, 10, 11, 12, 13, 14, 15, 16, 17, 18, 19, 20, 21, 22, 23, 61, 62, 63, 64","24, 25, 26, 27, 28, 29, 30, 31, 32, 33, 34, 35, 36, 37, 38, 39, 40, 41, 42, 43, 44, 45, 46, 47, 48, 49, 50, 51, 52, 53, 54, 55, 56, 57, 58, 59, 60",1111111111111111111111100000000000000000000000000000000000001111,D:\Data-Aji\KULIAH\Tugas-Akhir\AttentiveSkel3D-WeightTraining-PoC\Release_V2_AttentiveSkel3D\data\tensors\Squat_066.npy,D:\Data-Aji\KULIAH\Tugas-Akhir\AttentiveSkel3D-WeightTraining-PoC\Release_V2_AttentiveSkel3D\data\v2_labels\Squat_066_labels.npy
Squat_068,primer_squat_lateral_subjek03_rep26.mp4,Squat,Primer,64,64,0,0.0,100% Sempurna (Tidak Ada Kesalahan),Tidak Ada Frame Salah (100% Sempurna),-,"1, 2, 3, 4, 5, 6, 7, 8, 9, 10, 11, 12, 13, 14, 15, 16, 17, 18, 19, 20, 21, 22, 23, 24, 25, 26, 27, 28, 29, 30, 31, 32, 33, 34, 35, 36, 37, 38, 39, 40, 41, 42, 43, 44, 45, 46, 47, 48, 49, 50, 51, 52, 53, 54, 55, 56, 57, 58, 59, 60, 61, 62, 63, 64",0000000000000000000000000000000000000000000000000000000000000000,D:\Data-Aji\KULIAH\Tugas-Akhir\AttentiveSkel3D-WeightTraining-PoC\Release_V2_AttentiveSkel3D\data\tensors\Squat_068.npy,D:\Data-Aji\KULIAH\Tugas-Akhir\AttentiveSkel3D-WeightTraining-PoC\Release_V2_AttentiveSkel3D\data\v2_labels\Squat_068_labels.npy
Squat_069,primer_squat_lateral_subjek03_rep27.mp4,Squat,Primer,64,64,0,0.0,100% Sempurna (Tidak Ada Kesalahan),Tidak Ada Frame Salah (100% Sempurna),-,"1, 2, 3, 4, 5, 6, 7, 8, 9, 10, 11, 12, 13, 14, 15, 16, 17, 18, 19, 20, 21, 22, 23, 24, 25, 26, 27, 28, 29, 30, 31, 32, 33, 34, 35, 36, 37, 38, 39, 40, 41, 42, 43, 44, 45, 46, 47, 48, 49, 50, 51, 52, 53, 54, 55, 56, 57, 58, 59, 60, 61, 62, 63, 64",0000000000000000000000000000000000000000000000000000000000000000,D:\Data-Aji\KULIAH\Tugas-Akhir\AttentiveSkel3D-WeightTraining-PoC\Release_V2_AttentiveSkel3D\data\tensors\Squat_069.npy,D:\Data-Aji\KULIAH\Tugas-Akhir\AttentiveSkel3D-WeightTraining-PoC\Release_V2_AttentiveSkel3D\data\v2_labels\Squat_069_labels.npy
Squat_070,primer_squat_lateral_subjek03_rep28.mp4,Squat,Primer,64,33,31,48.44,Campuran (Sebagian Fase Gerakan Salah),Frame 13-29 (17 frame); Frame 51-64 (14 frame),"13, 14, 15, 16, 17, 18, 19, 20, 21, 22, 23, 24, 25, 26, 27, 28, 29, 51, 52, 53, 54, 55, 56, 57, 58, 59, 60, 61, 62, 63, 64","1, 2, 3, 4, 5, 6, 7, 8, 9, 10, 11, 12, 30, 31, 32, 33, 34, 35, 36, 37, 38, 39, 40, 41, 42, 43, 44, 45, 46, 47, 48, 49, 50",0000000000001111111111111111100000000000000000000011111111111111,D:\Data-Aji\KULIAH\Tugas-Akhir\AttentiveSkel3D-WeightTraining-PoC\Release_V2_AttentiveSkel3D\data\tensors\Squat_070.npy,D:\Data-Aji\KULIAH\Tugas-Akhir\AttentiveSkel3D-WeightTraining-PoC\Release_V2_AttentiveSkel3D\data\v2_labels\Squat_070_labels.npy
Squat_071,primer_squat_lateral_subjek03_rep29.mp4,Squat,Primer,64,64,0,0.0,100% Sempurna (Tidak Ada Kesalahan),Tidak Ada Frame Salah (100% Sempurna),-,"1, 2, 3, 4, 5, 6, 7, 8, 9, 10, 11, 12, 13, 14, 15, 16, 17, 18, 19, 20, 21, 22, 23, 24, 25, 26, 27, 28, 29, 30, 31, 32, 33, 34, 35, 36, 37, 38, 39, 40, 41, 42, 43, 44, 45, 46, 47, 48, 49, 50, 51, 52, 53, 54, 55, 56, 57, 58, 59, 60, 61, 62, 63, 64",0000000000000000000000000000000000000000000000000000000000000000,D:\Data-Aji\KULIAH\Tugas-Akhir\AttentiveSkel3D-WeightTraining-PoC\Release_V2_AttentiveSkel3D\data\tensors\Squat_071.npy,D:\Data-Aji\KULIAH\Tugas-Akhir\AttentiveSkel3D-WeightTraining-PoC\Release_V2_AttentiveSkel3D\data\v2_labels\Squat_071_labels.npy
Squat_072,primer_squat_lateral_subjek03_rep30.mp4,Squat,Primer,64,64,0,0.0,100% Sempurna (Tidak Ada Kesalahan),Tidak Ada Frame Salah (100% Sempurna),-,"1, 2, 3, 4, 5, 6, 7, 8, 9, 10, 11, 12, 13, 14, 15, 16, 17, 18, 19, 20, 21, 22, 23, 24, 25, 26, 27, 28, 29, 30, 31, 32, 33, 34, 35, 36, 37, 38, 39, 40, 41, 42, 43, 44, 45, 46, 47, 48, 49, 50, 51, 52, 53, 54, 55, 56, 57, 58, 59, 60, 61, 62, 63, 64",0000000000000000000000000000000000000000000000000000000000000000,D:\Data-Aji\KULIAH\Tugas-Akhir\AttentiveSkel3D-WeightTraining-PoC\Release_V2_AttentiveSkel3D\data\tensors\Squat_072.npy,D:\Data-Aji\KULIAH\Tugas-Akhir\AttentiveSkel3D-WeightTraining-PoC\Release_V2_AttentiveSkel3D\data\v2_labels\Squat_072_labels.npy
Squat_073,primer_squat_lateral_subjek03_rep31.mp4,Squat,Primer,64,64,0,0.0,100% Sempurna (Tidak Ada Kesalahan),Tidak Ada Frame Salah (100% Sempurna),-,"1, 2, 3, 4, 5, 6, 7, 8, 9, 10, 11, 12, 13, 14, 15, 16, 17, 18, 19, 20, 21, 22, 23, 24, 25, 26, 27, 28, 29, 30, 31, 32, 33, 34, 35, 36, 37, 38, 39, 40, 41, 42, 43, 44, 45, 46, 47, 48, 49, 50, 51, 52, 53, 54, 55, 56, 57, 58, 59, 60, 61, 62, 63, 64",0000000000000000000000000000000000000000000000000000000000000000,D:\Data-Aji\KULIAH\Tugas-Akhir\AttentiveSkel3D-WeightTraining-PoC\Release_V2_AttentiveSkel3D\data\tensors\Squat_073.npy,D:\Data-Aji\KULIAH\Tugas-Akhir\AttentiveSkel3D-WeightTraining-PoC\Release_V2_AttentiveSkel3D\data\v2_labels\Squat_073_labels.npy
Squat_074,sekunder_sekunder_squat_kaggle01_rep01.mp4,Squat,Sekunder,64,24,40,62.5,Campuran (Sebagian Fase Gerakan Salah),Frame 4-14 (11 frame); Frame 36-64 (29 frame),"4, 5, 6, 7, 8, 9, 10, 11, 12, 13, 14, 36, 37, 38, 39, 40, 41, 42, 43, 44, 45, 46, 47, 48, 49, 50, 51, 52, 53, 54, 55, 56, 57, 58, 59, 60, 61, 62, 63, 64","1, 2, 3, 15, 16, 17, 18, 19, 20, 21, 22, 23, 24, 25, 26, 27, 28, 29, 30, 31, 32, 33, 34, 35",0001111111111100000000000000000000011111111111111111111111111111,D:\Data-Aji\KULIAH\Tugas-Akhir\AttentiveSkel3D-WeightTraining-PoC\Release_V2_AttentiveSkel3D\data\tensors\Squat_074.npy,D:\Data-Aji\KULIAH\Tugas-Akhir\AttentiveSkel3D-WeightTraining-PoC\Release_V2_AttentiveSkel3D\data\v2_labels\Squat_074_labels.npy
Squat_075,sekunder_sekunder_squat_kaggle02_rep02.mp4,Squat,Sekunder,64,37,27,42.19,Campuran (Sebagian Fase Gerakan Salah),Frame 1-3 (3 frame); Frame 31-54 (24 frame),"1, 2, 3, 31, 32, 33, 34, 35, 36, 37, 38, 39, 40, 41, 42, 43, 44, 45, 46, 47, 48, 49, 50, 51, 52, 53, 54","4, 5, 6, 7, 8, 9, 10, 11, 12, 13, 14, 15, 16, 17, 18, 19, 20, 21, 22, 23, 24, 25, 26, 27, 28, 29, 30, 55, 56, 57, 58, 59, 60, 61, 62, 63, 64",1110000000000000000000000000001111111111111111111111110000000000,D:\Data-Aji\KULIAH\Tugas-Akhir\AttentiveSkel3D-WeightTraining-PoC\Release_V2_AttentiveSkel3D\data\tensors\Squat_075.npy,D:\Data-Aji\KULIAH\Tugas-Akhir\AttentiveSkel3D-WeightTraining-PoC\Release_V2_AttentiveSkel3D\data\v2_labels\Squat_075_labels.npy
Squat_076,sekunder_sekunder_squat_kaggle03_rep03.mp4,Squat,Sekunder,64,45,19,29.69,Campuran (Sebagian Fase Gerakan Salah),Frame 1-9 (9 frame); Frame 39-48 (10 frame),"1, 2, 3, 4, 5, 6, 7, 8, 9, 39, 40, 41, 42, 43, 44, 45, 46, 47, 48","10, 11, 12, 13, 14, 15, 16, 17, 18, 19, 20, 21, 22, 23, 24, 25, 26, 27, 28, 29, 30, 31, 32, 33, 34, 35, 36, 37, 38, 49, 50, 51, 52, 53, 54, 55, 56, 57, 58, 59, 60, 61, 62, 63, 64",1111111110000000000000000000000000000011111111110000000000000000,D:\Data-Aji\KULIAH\Tugas-Akhir\AttentiveSkel3D-WeightTraining-PoC\Release_V2_AttentiveSkel3D\data\tensors\Squat_076.npy,D:\Data-Aji\KULIAH\Tugas-Akhir\AttentiveSkel3D-WeightTraining-PoC\Release_V2_AttentiveSkel3D\data\v2_labels\Squat_076_labels.npy
Squat_077,sekunder_sekunder_squat_kaggle04_rep04.mp4,Squat,Sekunder,64,62,2,3.12,Dominan Benar (Kesalahan Ringan/Fase Transisi),Frame 34; Frame 42,"34, 42","1, 2, 3, 4, 5, 6, 7, 8, 9, 10, 11, 12, 13, 14, 15, 16, 17, 18, 19, 20, 21, 22, 23, 24, 25, 26, 27, 28, 29, 30, 31, 32, 33, 35, 36, 37, 38, 39, 40, 41, 43, 44, 45, 46, 47, 48, 49, 50, 51, 52, 53, 54, 55, 56, 57, 58, 59, 60, 61, 62, 63, 64",0000000000000000000000000000000001000000010000000000000000000000,D:\Data-Aji\KULIAH\Tugas-Akhir\AttentiveSkel3D-WeightTraining-PoC\Release_V2_AttentiveSkel3D\data\tensors\Squat_077.npy,D:\Data-Aji\KULIAH\Tugas-Akhir\AttentiveSkel3D-WeightTraining-PoC\Release_V2_AttentiveSkel3D\data\v2_labels\Squat_077_labels.npy
Squat_078,sekunder_sekunder_squat_kaggle05_rep05.mp4,Squat,Sekunder,64,59,5,7.81,Dominan Benar (Kesalahan Ringan/Fase Transisi),Frame 60-64 (5 frame),"60, 61, 62, 63, 64","1, 2, 3, 4, 5, 6, 7, 8, 9, 10, 11, 12, 13, 14, 15, 16, 17, 18, 19, 20, 21, 22, 23, 24, 25, 26, 27, 28, 29, 30, 31, 32, 33, 34, 35, 36, 37, 38, 39, 40, 41, 42, 43, 44, 45, 46, 47, 48, 49, 50, 51, 52, 53, 54, 55, 56, 57, 58, 59",0000000000000000000000000000000000000000000000000000000000011111,D:\Data-Aji\KULIAH\Tugas-Akhir\AttentiveSkel3D-WeightTraining-PoC\Release_V2_AttentiveSkel3D\data\tensors\Squat_078.npy,D:\Data-Aji\KULIAH\Tugas-Akhir\AttentiveSkel3D-WeightTraining-PoC\Release_V2_AttentiveSkel3D\data\v2_labels\Squat_078_labels.npy
Squat_079,sekunder_sekunder_squat_kaggle06_rep06.mp4,Squat,Sekunder,64,0,64,100.0,Dominan Salah (Gerakan Gagal / Half Rep),Frame 1-64 (64 frame),"1, 2, 3, 4, 5, 6, 7, 8, 9, 10, 11, 12, 13, 14, 15, 16, 17, 18, 19, 20, 21, 22, 23, 24, 25, 26, 27, 28, 29, 30, 31, 32, 33, 34, 35, 36, 37, 38, 39, 40, 41, 42, 43, 44, 45, 46, 47, 48, 49, 50, 51, 52, 53, 54, 55, 56, 57, 58, 59, 60, 61, 62, 63, 64",-,1111111111111111111111111111111111111111111111111111111111111111,D:\Data-Aji\KULIAH\Tugas-Akhir\AttentiveSkel3D-WeightTraining-PoC\Release_V2_AttentiveSkel3D\data\tensors\Squat_079.npy,D:\Data-Aji\KULIAH\Tugas-Akhir\AttentiveSkel3D-WeightTraining-PoC\Release_V2_AttentiveSkel3D\data\v2_labels\Squat_079_labels.npy
Squat_080,sekunder_sekunder_squat_kaggle07_rep07.mp4,Squat,Sekunder,64,0,64,100.0,Dominan Salah (Gerakan Gagal / Half Rep),Frame 1-64 (64 frame),"1, 2, 3, 4, 5, 6, 7, 8, 9, 10, 11, 12, 13, 14, 15, 16, 17, 18, 19, 20, 21, 22, 23, 24, 25, 26, 27, 28, 29, 30, 31, 32, 33, 34, 35, 36, 37, 38, 39, 40, 41, 42, 43, 44, 45, 46, 47, 48, 49, 50, 51, 52, 53, 54, 55, 56, 57, 58, 59, 60, 61, 62, 63, 64",-,1111111111111111111111111111111111111111111111111111111111111111,D:\Data-Aji\KULIAH\Tugas-Akhir\AttentiveSkel3D-WeightTraining-PoC\Release_V2_AttentiveSkel3D\data\tensors\Squat_080.npy,D:\Data-Aji\KULIAH\Tugas-Akhir\AttentiveSkel3D-WeightTraining-PoC\Release_V2_AttentiveSkel3D\data\v2_labels\Squat_080_labels.npy
Squat_081,sekunder_sekunder_squat_kaggle08_rep08.mp4,Squat,Sekunder,64,0,64,100.0,Dominan Salah (Gerakan Gagal / Half Rep),Frame 1-64 (64 frame),"1, 2, 3, 4, 5, 6, 7, 8, 9, 10, 11, 12, 13, 14, 15, 16, 17, 18, 19, 20, 21, 22, 23, 24, 25, 26, 27, 28, 29, 30, 31, 32, 33, 34, 35, 36, 37, 38, 39, 40, 41, 42, 43, 44, 45, 46, 47, 48, 49, 50, 51, 52, 53, 54, 55, 56, 57, 58, 59, 60, 61, 62, 63, 64",-,1111111111111111111111111111111111111111111111111111111111111111,D:\Data-Aji\KULIAH\Tugas-Akhir\AttentiveSkel3D-WeightTraining-PoC\Release_V2_AttentiveSkel3D\data\tensors\Squat_081.npy,D:\Data-Aji\KULIAH\Tugas-Akhir\AttentiveSkel3D-WeightTraining-PoC\Release_V2_AttentiveSkel3D\data\v2_labels\Squat_081_labels.npy
Squat_082,sekunder_sekunder_squat_kaggle09_rep09.mp4,Squat,Sekunder,64,0,64,100.0,Dominan Salah (Gerakan Gagal / Half Rep),Frame 1-64 (64 frame),"1, 2, 3, 4, 5, 6, 7, 8, 9, 10, 11, 12, 13, 14, 15, 16, 17, 18, 19, 20, 21, 22, 23, 24, 25, 26, 27, 28, 29, 30, 31, 32, 33, 34, 35, 36, 37, 38, 39, 40, 41, 42, 43, 44, 45, 46, 47, 48, 49, 50, 51, 52, 53, 54, 55, 56, 57, 58, 59, 60, 61, 62, 63, 64",-,1111111111111111111111111111111111111111111111111111111111111111,D:\Data-Aji\KULIAH\Tugas-Akhir\AttentiveSkel3D-WeightTraining-PoC\Release_V2_AttentiveSkel3D\data\tensors\Squat_082.npy,D:\Data-Aji\KULIAH\Tugas-Akhir\AttentiveSkel3D-WeightTraining-PoC\Release_V2_AttentiveSkel3D\data\v2_labels\Squat_082_labels.npy
Squat_083,sekunder_sekunder_squat_kaggle100_rep100.mp4,Squat,Sekunder,64,64,0,0.0,100% Sempurna (Tidak Ada Kesalahan),Tidak Ada Frame Salah (100% Sempurna),-,"1, 2, 3, 4, 5, 6, 7, 8, 9, 10, 11, 12, 13, 14, 15, 16, 17, 18, 19, 20, 21, 22, 23, 24, 25, 26, 27, 28, 29, 30, 31, 32, 33, 34, 35, 36, 37, 38, 39, 40, 41, 42, 43, 44, 45, 46, 47, 48, 49, 50, 51, 52, 53, 54, 55, 56, 57, 58, 59, 60, 61, 62, 63, 64",0000000000000000000000000000000000000000000000000000000000000000,D:\Data-Aji\KULIAH\Tugas-Akhir\AttentiveSkel3D-WeightTraining-PoC\Release_V2_AttentiveSkel3D\data\tensors\Squat_083.npy,D:\Data-Aji\KULIAH\Tugas-Akhir\AttentiveSkel3D-WeightTraining-PoC\Release_V2_AttentiveSkel3D\data\v2_labels\Squat_083_labels.npy
Squat_084,sekunder_sekunder_squat_kaggle10_rep10.mp4,Squat,Sekunder,64,0,64,100.0,Dominan Salah (Gerakan Gagal / Half Rep),Frame 1-64 (64 frame),"1, 2, 3, 4, 5, 6, 7, 8, 9, 10, 11, 12, 13, 14, 15, 16, 17, 18, 19, 20, 21, 22, 23, 24, 25, 26, 27, 28, 29, 30, 31, 32, 33, 34, 35, 36, 37, 38, 39, 40, 41, 42, 43, 44, 45, 46, 47, 48, 49, 50, 51, 52, 53, 54, 55, 56, 57, 58, 59, 60, 61, 62, 63, 64",-,1111111111111111111111111111111111111111111111111111111111111111,D:\Data-Aji\KULIAH\Tugas-Akhir\AttentiveSkel3D-WeightTraining-PoC\Release_V2_AttentiveSkel3D\data\tensors\Squat_084.npy,D:\Data-Aji\KULIAH\Tugas-Akhir\AttentiveSkel3D-WeightTraining-PoC\Release_V2_AttentiveSkel3D\data\v2_labels\Squat_084_labels.npy
Squat_085,sekunder_sekunder_squat_kaggle11_rep11.mp4,Squat,Sekunder,64,0,64,100.0,Dominan Salah (Gerakan Gagal / Half Rep),Frame 1-64 (64 frame),"1, 2, 3, 4, 5, 6, 7, 8, 9, 10, 11, 12, 13, 14, 15, 16, 17, 18, 19, 20, 21, 22, 23, 24, 25, 26, 27, 28, 29, 30, 31, 32, 33, 34, 35, 36, 37, 38, 39, 40, 41, 42, 43, 44, 45, 46, 47, 48, 49, 50, 51, 52, 53, 54, 55, 56, 57, 58, 59, 60, 61, 62, 63, 64",-,1111111111111111111111111111111111111111111111111111111111111111,D:\Data-Aji\KULIAH\Tugas-Akhir\AttentiveSkel3D-WeightTraining-PoC\Release_V2_AttentiveSkel3D\data\tensors\Squat_085.npy,D:\Data-Aji\KULIAH\Tugas-Akhir\AttentiveSkel3D-WeightTraining-PoC\Release_V2_AttentiveSkel3D\data\v2_labels\Squat_085_labels.npy
Squat_086,sekunder_sekunder_squat_kaggle12_rep12.mp4,Squat,Sekunder,64,0,64,100.0,Dominan Salah (Gerakan Gagal / Half Rep),Frame 1-64 (64 frame),"1, 2, 3, 4, 5, 6, 7, 8, 9, 10, 11, 12, 13, 14, 15, 16, 17, 18, 19, 20, 21, 22, 23, 24, 25, 26, 27, 28, 29, 30, 31, 32, 33, 34, 35, 36, 37, 38, 39, 40, 41, 42, 43, 44, 45, 46, 47, 48, 49, 50, 51, 52, 53, 54, 55, 56, 57, 58, 59, 60, 61, 62, 63, 64",-,1111111111111111111111111111111111111111111111111111111111111111,D:\Data-Aji\KULIAH\Tugas-Akhir\AttentiveSkel3D-WeightTraining-PoC\Release_V2_AttentiveSkel3D\data\tensors\Squat_086.npy,D:\Data-Aji\KULIAH\Tugas-Akhir\AttentiveSkel3D-WeightTraining-PoC\Release_V2_AttentiveSkel3D\data\v2_labels\Squat_086_labels.npy
Squat_087,sekunder_sekunder_squat_kaggle13_rep13.mp4,Squat,Sekunder,64,38,26,40.62,Campuran (Sebagian Fase Gerakan Salah),Frame 1-20 (20 frame); Frame 59-64 (6 frame),"1, 2, 3, 4, 5, 6, 7, 8, 9, 10, 11, 12, 13, 14, 15, 16, 17, 18, 19, 20, 59, 60, 61, 62, 63, 64","21, 22, 23, 24, 25, 26, 27, 28, 29, 30, 31, 32, 33, 34, 35, 36, 37, 38, 39, 40, 41, 42, 43, 44, 45, 46, 47, 48, 49, 50, 51, 52, 53, 54, 55, 56, 57, 58",1111111111111111111100000000000000000000000000000000000000111111,D:\Data-Aji\KULIAH\Tugas-Akhir\AttentiveSkel3D-WeightTraining-PoC\Release_V2_AttentiveSkel3D\data\tensors\Squat_087.npy,D:\Data-Aji\KULIAH\Tugas-Akhir\AttentiveSkel3D-WeightTraining-PoC\Release_V2_AttentiveSkel3D\data\v2_labels\Squat_087_labels.npy
Squat_088,sekunder_sekunder_squat_kaggle14_rep14.mp4,Squat,Sekunder,64,53,11,17.19,Dominan Benar (Kesalahan Ringan/Fase Transisi),Frame 1-6 (6 frame); Frame 60-64 (5 frame),"1, 2, 3, 4, 5, 6, 60, 61, 62, 63, 64","7, 8, 9, 10, 11, 12, 13, 14, 15, 16, 17, 18, 19, 20, 21, 22, 23, 24, 25, 26, 27, 28, 29, 30, 31, 32, 33, 34, 35, 36, 37, 38, 39, 40, 41, 42, 43, 44, 45, 46, 47, 48, 49, 50, 51, 52, 53, 54, 55, 56, 57, 58, 59",1111110000000000000000000000000000000000000000000000000000011111,D:\Data-Aji\KULIAH\Tugas-Akhir\AttentiveSkel3D-WeightTraining-PoC\Release_V2_AttentiveSkel3D\data\tensors\Squat_088.npy,D:\Data-Aji\KULIAH\Tugas-Akhir\AttentiveSkel3D-WeightTraining-PoC\Release_V2_AttentiveSkel3D\data\v2_labels\Squat_088_labels.npy
Squat_089,sekunder_sekunder_squat_kaggle15_rep15.mp4,Squat,Sekunder,64,48,16,25.0,Dominan Benar (Kesalahan Ringan/Fase Transisi),Frame 1-7 (7 frame); Frame 56-64 (9 frame),"1, 2, 3, 4, 5, 6, 7, 56, 57, 58, 59, 60, 61, 62, 63, 64","8, 9, 10, 11, 12, 13, 14, 15, 16, 17, 18, 19, 20, 21, 22, 23, 24, 25, 26, 27, 28, 29, 30, 31, 32, 33, 34, 35, 36, 37, 38, 39, 40, 41, 42, 43, 44, 45, 46, 47, 48, 49, 50, 51, 52, 53, 54, 55",1111111000000000000000000000000000000000000000000000000111111111,D:\Data-Aji\KULIAH\Tugas-Akhir\AttentiveSkel3D-WeightTraining-PoC\Release_V2_AttentiveSkel3D\data\tensors\Squat_089.npy,D:\Data-Aji\KULIAH\Tugas-Akhir\AttentiveSkel3D-WeightTraining-PoC\Release_V2_AttentiveSkel3D\data\v2_labels\Squat_089_labels.npy
Squat_090,sekunder_sekunder_squat_kaggle16_rep16.mp4,Squat,Sekunder,64,39,25,39.06,Campuran (Sebagian Fase Gerakan Salah),Frame 1; Frame 11-13 (3 frame); Frame 23-35 (13 frame); Frame 47-52 (6 frame); Frame 63-64 (2 frame),"1, 11, 12, 13, 23, 24, 25, 26, 27, 28, 29, 30, 31, 32, 33, 34, 35, 47, 48, 49, 50, 51, 52, 63, 64","2, 3, 4, 5, 6, 7, 8, 9, 10, 14, 15, 16, 17, 18, 19, 20, 21, 22, 36, 37, 38, 39, 40, 41, 42, 43, 44, 45, 46, 53, 54, 55, 56, 57, 58, 59, 60, 61, 62",1000000000111000000000111111111111100000000000111111000000000011,D:\Data-Aji\KULIAH\Tugas-Akhir\AttentiveSkel3D-WeightTraining-PoC\Release_V2_AttentiveSkel3D\data\tensors\Squat_090.npy,D:\Data-Aji\KULIAH\Tugas-Akhir\AttentiveSkel3D-WeightTraining-PoC\Release_V2_AttentiveSkel3D\data\v2_labels\Squat_090_labels.npy
Squat_091,sekunder_sekunder_squat_kaggle17_rep17.mp4,Squat,Sekunder,64,33,31,48.44,Campuran (Sebagian Fase Gerakan Salah),Frame 1-22 (22 frame); Frame 56-64 (9 frame),"1, 2, 3, 4, 5, 6, 7, 8, 9, 10, 11, 12, 13, 14, 15, 16, 17, 18, 19, 20, 21, 22, 56, 57, 58, 59, 60, 61, 62, 63, 64","23, 24, 25, 26, 27, 28, 29, 30, 31, 32, 33, 34, 35, 36, 37, 38, 39, 40, 41, 42, 43, 44, 45, 46, 47, 48, 49, 50, 51, 52, 53, 54, 55",1111111111111111111111000000000000000000000000000000000111111111,D:\Data-Aji\KULIAH\Tugas-Akhir\AttentiveSkel3D-WeightTraining-PoC\Release_V2_AttentiveSkel3D\data\tensors\Squat_091.npy,D:\Data-Aji\KULIAH\Tugas-Akhir\AttentiveSkel3D-WeightTraining-PoC\Release_V2_AttentiveSkel3D\data\v2_labels\Squat_091_labels.npy
Squat_092,sekunder_sekunder_squat_kaggle18_rep18.mp4,Squat,Sekunder,64,50,14,21.88,Dominan Benar (Kesalahan Ringan/Fase Transisi),Frame 1-7 (7 frame); Frame 58-64 (7 frame),"1, 2, 3, 4, 5, 6, 7, 58, 59, 60, 61, 62, 63, 64","8, 9, 10, 11, 12, 13, 14, 15, 16, 17, 18, 19, 20, 21, 22, 23, 24, 25, 26, 27, 28, 29, 30, 31, 32, 33, 34, 35, 36, 37, 38, 39, 40, 41, 42, 43, 44, 45, 46, 47, 48, 49, 50, 51, 52, 53, 54, 55, 56, 57",1111111000000000000000000000000000000000000000000000000001111111,D:\Data-Aji\KULIAH\Tugas-Akhir\AttentiveSkel3D-WeightTraining-PoC\Release_V2_AttentiveSkel3D\data\tensors\Squat_092.npy,D:\Data-Aji\KULIAH\Tugas-Akhir\AttentiveSkel3D-WeightTraining-PoC\Release_V2_AttentiveSkel3D\data\v2_labels\Squat_092_labels.npy
Squat_093,sekunder_sekunder_squat_kaggle19_rep19.mp4,Squat,Sekunder,64,49,15,23.44,Dominan Benar (Kesalahan Ringan/Fase Transisi),Frame 1-6 (6 frame); Frame 56-64 (9 frame),"1, 2, 3, 4, 5, 6, 56, 57, 58, 59, 60, 61, 62, 63, 64","7, 8, 9, 10, 11, 12, 13, 14, 15, 16, 17, 18, 19, 20, 21, 22, 23, 24, 25, 26, 27, 28, 29, 30, 31, 32, 33, 34, 35, 36, 37, 38, 39, 40, 41, 42, 43, 44, 45, 46, 47, 48, 49, 50, 51, 52, 53, 54, 55",1111110000000000000000000000000000000000000000000000000111111111,D:\Data-Aji\KULIAH\Tugas-Akhir\AttentiveSkel3D-WeightTraining-PoC\Release_V2_AttentiveSkel3D\data\tensors\Squat_093.npy,D:\Data-Aji\KULIAH\Tugas-Akhir\AttentiveSkel3D-WeightTraining-PoC\Release_V2_AttentiveSkel3D\data\v2_labels\Squat_093_labels.npy
Squat_094,sekunder_sekunder_squat_kaggle20_rep20.mp4,Squat,Sekunder,64,49,15,23.44,Dominan Benar (Kesalahan Ringan/Fase Transisi),Frame 1-15 (15 frame),"1, 2, 3, 4, 5, 6, 7, 8, 9, 10, 11, 12, 13, 14, 15","16, 17, 18, 19, 20, 21, 22, 23, 24, 25, 26, 27, 28, 29, 30, 31, 32, 33, 34, 35, 36, 37, 38, 39, 40, 41, 42, 43, 44, 45, 46, 47, 48, 49, 50, 51, 52, 53, 54, 55, 56, 57, 58, 59, 60, 61, 62, 63, 64",1111111111111110000000000000000000000000000000000000000000000000,D:\Data-Aji\KULIAH\Tugas-Akhir\AttentiveSkel3D-WeightTraining-PoC\Release_V2_AttentiveSkel3D\data\tensors\Squat_094.npy,D:\Data-Aji\KULIAH\Tugas-Akhir\AttentiveSkel3D-WeightTraining-PoC\Release_V2_AttentiveSkel3D\data\v2_labels\Squat_094_labels.npy
Squat_095,sekunder_sekunder_squat_kaggle21_rep21.mp4,Squat,Sekunder,64,23,41,64.06,Dominan Salah (Gerakan Gagal / Half Rep),Frame 1-28 (28 frame); Frame 30-39 (10 frame); Frame 62-64 (3 frame),"1, 2, 3, 4, 5, 6, 7, 8, 9, 10, 11, 12, 13, 14, 15, 16, 17, 18, 19, 20, 21, 22, 23, 24, 25, 26, 27, 28, 30, 31, 32, 33, 34, 35, 36, 37, 38, 39, 62, 63, 64","29, 40, 41, 42, 43, 44, 45, 46, 47, 48, 49, 50, 51, 52, 53, 54, 55, 56, 57, 58, 59, 60, 61",1111111111111111111111111111011111111110000000000000000000000111,D:\Data-Aji\KULIAH\Tugas-Akhir\AttentiveSkel3D-WeightTraining-PoC\Release_V2_AttentiveSkel3D\data\tensors\Squat_095.npy,D:\Data-Aji\KULIAH\Tugas-Akhir\AttentiveSkel3D-WeightTraining-PoC\Release_V2_AttentiveSkel3D\data\v2_labels\Squat_095_labels.npy
Squat_096,sekunder_sekunder_squat_kaggle22_rep22.mp4,Squat,Sekunder,64,64,0,0.0,100% Sempurna (Tidak Ada Kesalahan),Tidak Ada Frame Salah (100% Sempurna),-,"1, 2, 3, 4, 5, 6, 7, 8, 9, 10, 11, 12, 13, 14, 15, 16, 17, 18, 19, 20, 21, 22, 23, 24, 25, 26, 27, 28, 29, 30, 31, 32, 33, 34, 35, 36, 37, 38, 39, 40, 41, 42, 43, 44, 45, 46, 47, 48, 49, 50, 51, 52, 53, 54, 55, 56, 57, 58, 59, 60, 61, 62, 63, 64",0000000000000000000000000000000000000000000000000000000000000000,D:\Data-Aji\KULIAH\Tugas-Akhir\AttentiveSkel3D-WeightTraining-PoC\Release_V2_AttentiveSkel3D\data\tensors\Squat_096.npy,D:\Data-Aji\KULIAH\Tugas-Akhir\AttentiveSkel3D-WeightTraining-PoC\Release_V2_AttentiveSkel3D\data\v2_labels\Squat_096_labels.npy
Squat_097,sekunder_sekunder_squat_kaggle23_rep23.mp4,Squat,Sekunder,64,48,16,25.0,Dominan Benar (Kesalahan Ringan/Fase Transisi),Frame 1-11 (11 frame); Frame 60-64 (5 frame),"1, 2, 3, 4, 5, 6, 7, 8, 9, 10, 11, 60, 61, 62, 63, 64","12, 13, 14, 15, 16, 17, 18, 19, 20, 21, 22, 23, 24, 25, 26, 27, 28, 29, 30, 31, 32, 33, 34, 35, 36, 37, 38, 39, 40, 41, 42, 43, 44, 45, 46, 47, 48, 49, 50, 51, 52, 53, 54, 55, 56, 57, 58, 59",1111111111100000000000000000000000000000000000000000000000011111,D:\Data-Aji\KULIAH\Tugas-Akhir\AttentiveSkel3D-WeightTraining-PoC\Release_V2_AttentiveSkel3D\data\tensors\Squat_097.npy,D:\Data-Aji\KULIAH\Tugas-Akhir\AttentiveSkel3D-WeightTraining-PoC\Release_V2_AttentiveSkel3D\data\v2_labels\Squat_097_labels.npy
Squat_098,sekunder_sekunder_squat_kaggle24_rep24.mp4,Squat,Sekunder,64,51,13,20.31,Dominan Benar (Kesalahan Ringan/Fase Transisi),Frame 2-6 (5 frame); Frame 57-64 (8 frame),"2, 3, 4, 5, 6, 57, 58, 59, 60, 61, 62, 63, 64","1, 7, 8, 9, 10, 11, 12, 13, 14, 15, 16, 17, 18, 19, 20, 21, 22, 23, 24, 25, 26, 27, 28, 29, 30, 31, 32, 33, 34, 35, 36, 37, 38, 39, 40, 41, 42, 43, 44, 45, 46, 47, 48, 49, 50, 51, 52, 53, 54, 55, 56",0111110000000000000000000000000000000000000000000000000011111111,D:\Data-Aji\KULIAH\Tugas-Akhir\AttentiveSkel3D-WeightTraining-PoC\Release_V2_AttentiveSkel3D\data\tensors\Squat_098.npy,D:\Data-Aji\KULIAH\Tugas-Akhir\AttentiveSkel3D-WeightTraining-PoC\Release_V2_AttentiveSkel3D\data\v2_labels\Squat_098_labels.npy
Squat_099,sekunder_sekunder_squat_kaggle25_rep25.mp4,Squat,Sekunder,64,27,37,57.81,Campuran (Sebagian Fase Gerakan Salah),Frame 1-28 (28 frame); Frame 30-35 (6 frame); Frame 62-64 (3 frame),"1, 2, 3, 4, 5, 6, 7, 8, 9, 10, 11, 12, 13, 14, 15, 16, 17, 18, 19, 20, 21, 22, 23, 24, 25, 26, 27, 28, 30, 31, 32, 33, 34, 35, 62, 63, 64","29, 36, 37, 38, 39, 40, 41, 42, 43, 44, 45, 46, 47, 48, 49, 50, 51, 52, 53, 54, 55, 56, 57, 58, 59, 60, 61",1111111111111111111111111111011111100000000000000000000000000111,D:\Data-Aji\KULIAH\Tugas-Akhir\AttentiveSkel3D-WeightTraining-PoC\Release_V2_AttentiveSkel3D\data\tensors\Squat_099.npy,D:\Data-Aji\KULIAH\Tugas-Akhir\AttentiveSkel3D-WeightTraining-PoC\Release_V2_AttentiveSkel3D\data\v2_labels\Squat_099_labels.npy
Squat_100,sekunder_sekunder_squat_kaggle26_rep26.mp4,Squat,Sekunder,64,52,12,18.75,Dominan Benar (Kesalahan Ringan/Fase Transisi),Frame 1-8 (8 frame); Frame 61-64 (4 frame),"1, 2, 3, 4, 5, 6, 7, 8, 61, 62, 63, 64","9, 10, 11, 12, 13, 14, 15, 16, 17, 18, 19, 20, 21, 22, 23, 24, 25, 26, 27, 28, 29, 30, 31, 32, 33, 34, 35, 36, 37, 38, 39, 40, 41, 42, 43, 44, 45, 46, 47, 48, 49, 50, 51, 52, 53, 54, 55, 56, 57, 58, 59, 60",1111111100000000000000000000000000000000000000000000000000001111,D:\Data-Aji\KULIAH\Tugas-Akhir\AttentiveSkel3D-WeightTraining-PoC\Release_V2_AttentiveSkel3D\data\tensors\Squat_100.npy,D:\Data-Aji\KULIAH\Tugas-Akhir\AttentiveSkel3D-WeightTraining-PoC\Release_V2_AttentiveSkel3D\data\v2_labels\Squat_100_labels.npy
Squat_101,sekunder_sekunder_squat_kaggle27_rep27.mp4,Squat,Sekunder,64,55,9,14.06,Dominan Benar (Kesalahan Ringan/Fase Transisi),Frame 1-8 (8 frame); Frame 64,"1, 2, 3, 4, 5, 6, 7, 8, 64","9, 10, 11, 12, 13, 14, 15, 16, 17, 18, 19, 20, 21, 22, 23, 24, 25, 26, 27, 28, 29, 30, 31, 32, 33, 34, 35, 36, 37, 38, 39, 40, 41, 42, 43, 44, 45, 46, 47, 48, 49, 50, 51, 52, 53, 54, 55, 56, 57, 58, 59, 60, 61, 62, 63",1111111100000000000000000000000000000000000000000000000000000001,D:\Data-Aji\KULIAH\Tugas-Akhir\AttentiveSkel3D-WeightTraining-PoC\Release_V2_AttentiveSkel3D\data\tensors\Squat_101.npy,D:\Data-Aji\KULIAH\Tugas-Akhir\AttentiveSkel3D-WeightTraining-PoC\Release_V2_AttentiveSkel3D\data\v2_labels\Squat_101_labels.npy
Squat_102,sekunder_sekunder_squat_kaggle28_rep28.mp4,Squat,Sekunder,64,50,14,21.88,Dominan Benar (Kesalahan Ringan/Fase Transisi),Frame 51-64 (14 frame),"51, 52, 53, 54, 55, 56, 57, 58, 59, 60, 61, 62, 63, 64","1, 2, 3, 4, 5, 6, 7, 8, 9, 10, 11, 12, 13, 14, 15, 16, 17, 18, 19, 20, 21, 22, 23, 24, 25, 26, 27, 28, 29, 30, 31, 32, 33, 34, 35, 36, 37, 38, 39, 40, 41, 42, 43, 44, 45, 46, 47, 48, 49, 50",0000000000000000000000000000000000000000000000000011111111111111,D:\Data-Aji\KULIAH\Tugas-Akhir\AttentiveSkel3D-WeightTraining-PoC\Release_V2_AttentiveSkel3D\data\tensors\Squat_102.npy,D:\Data-Aji\KULIAH\Tugas-Akhir\AttentiveSkel3D-WeightTraining-PoC\Release_V2_AttentiveSkel3D\data\v2_labels\Squat_102_labels.npy
Squat_103,sekunder_sekunder_squat_kaggle29_rep29.mp4,Squat,Sekunder,64,47,17,26.56,Campuran (Sebagian Fase Gerakan Salah),Frame 8; Frame 14; Frame 18-20 (3 frame); Frame 53-64 (12 frame),"8, 14, 18, 19, 20, 53, 54, 55, 56, 57, 58, 59, 60, 61, 62, 63, 64","1, 2, 3, 4, 5, 6, 7, 9, 10, 11, 12, 13, 15, 16, 17, 21, 22, 23, 24, 25, 26, 27, 28, 29, 30, 31, 32, 33, 34, 35, 36, 37, 38, 39, 40, 41, 42, 43, 44, 45, 46, 47, 48, 49, 50, 51, 52",0000000100000100011100000000000000000000000000000000111111111111,D:\Data-Aji\KULIAH\Tugas-Akhir\AttentiveSkel3D-WeightTraining-PoC\Release_V2_AttentiveSkel3D\data\tensors\Squat_103.npy,D:\Data-Aji\KULIAH\Tugas-Akhir\AttentiveSkel3D-WeightTraining-PoC\Release_V2_AttentiveSkel3D\data\v2_labels\Squat_103_labels.npy
Squat_104,sekunder_sekunder_squat_kaggle30_rep30.mp4,Squat,Sekunder,64,46,18,28.12,Campuran (Sebagian Fase Gerakan Salah),Frame 1-5 (5 frame); Frame 21-27 (7 frame); Frame 43-48 (6 frame),"1, 2, 3, 4, 5, 21, 22, 23, 24, 25, 26, 27, 43, 44, 45, 46, 47, 48","6, 7, 8, 9, 10, 11, 12, 13, 14, 15, 16, 17, 18, 19, 20, 28, 29, 30, 31, 32, 33, 34, 35, 36, 37, 38, 39, 40, 41, 42, 49, 50, 51, 52, 53, 54, 55, 56, 57, 58, 59, 60, 61, 62, 63, 64",1111100000000000000011111110000000000000001111110000000000000000,D:\Data-Aji\KULIAH\Tugas-Akhir\AttentiveSkel3D-WeightTraining-PoC\Release_V2_AttentiveSkel3D\data\tensors\Squat_104.npy,D:\Data-Aji\KULIAH\Tugas-Akhir\AttentiveSkel3D-WeightTraining-PoC\Release_V2_AttentiveSkel3D\data\v2_labels\Squat_104_labels.npy
Squat_105,sekunder_sekunder_squat_kaggle31_rep31.mp4,Squat,Sekunder,64,41,23,35.94,Campuran (Sebagian Fase Gerakan Salah),Frame 1-8 (8 frame); Frame 20-27 (8 frame); Frame 43-49 (7 frame),"1, 2, 3, 4, 5, 6, 7, 8, 20, 21, 22, 23, 24, 25, 26, 27, 43, 44, 45, 46, 47, 48, 49","9, 10, 11, 12, 13, 14, 15, 16, 17, 18, 19, 28, 29, 30, 31, 32, 33, 34, 35, 36, 37, 38, 39, 40, 41, 42, 50, 51, 52, 53, 54, 55, 56, 57, 58, 59, 60, 61, 62, 63, 64",1111111100000000000111111110000000000000001111111000000000000000,D:\Data-Aji\KULIAH\Tugas-Akhir\AttentiveSkel3D-WeightTraining-PoC\Release_V2_AttentiveSkel3D\data\tensors\Squat_105.npy,D:\Data-Aji\KULIAH\Tugas-Akhir\AttentiveSkel3D-WeightTraining-PoC\Release_V2_AttentiveSkel3D\data\v2_labels\Squat_105_labels.npy
Squat_106,sekunder_sekunder_squat_kaggle32_rep32.mp4,Squat,Sekunder,64,22,42,65.62,Dominan Salah (Gerakan Gagal / Half Rep),Frame 1-9 (9 frame); Frame 32-64 (33 frame),"1, 2, 3, 4, 5, 6, 7, 8, 9, 32, 33, 34, 35, 36, 37, 38, 39, 40, 41, 42, 43, 44, 45, 46, 47, 48, 49, 50, 51, 52, 53, 54, 55, 56, 57, 58, 59, 60, 61, 62, 63, 64","10, 11, 12, 13, 14, 15, 16, 17, 18, 19, 20, 21, 22, 23, 24, 25, 26, 27, 28, 29, 30, 31",1111111110000000000000000000000111111111111111111111111111111111,D:\Data-Aji\KULIAH\Tugas-Akhir\AttentiveSkel3D-WeightTraining-PoC\Release_V2_AttentiveSkel3D\data\tensors\Squat_106.npy,D:\Data-Aji\KULIAH\Tugas-Akhir\AttentiveSkel3D-WeightTraining-PoC\Release_V2_AttentiveSkel3D\data\v2_labels\Squat_106_labels.npy
Squat_107,sekunder_sekunder_squat_kaggle33_rep33.mp4,Squat,Sekunder,64,35,29,45.31,Campuran (Sebagian Fase Gerakan Salah),Frame 1-18 (18 frame); Frame 27; Frame 55-64 (10 frame),"1, 2, 3, 4, 5, 6, 7, 8, 9, 10, 11, 12, 13, 14, 15, 16, 17, 18, 27, 55, 56, 57, 58, 59, 60, 61, 62, 63, 64","19, 20, 21, 22, 23, 24, 25, 26, 28, 29, 30, 31, 32, 33, 34, 35, 36, 37, 38, 39, 40, 41, 42, 43, 44, 45, 46, 47, 48, 49, 50, 51, 52, 53, 54",1111111111111111110000000010000000000000000000000000001111111111,D:\Data-Aji\KULIAH\Tugas-Akhir\AttentiveSkel3D-WeightTraining-PoC\Release_V2_AttentiveSkel3D\data\tensors\Squat_107.npy,D:\Data-Aji\KULIAH\Tugas-Akhir\AttentiveSkel3D-WeightTraining-PoC\Release_V2_AttentiveSkel3D\data\v2_labels\Squat_107_labels.npy
Squat_108,sekunder_sekunder_squat_kaggle34_rep34.mp4,Squat,Sekunder,64,35,29,45.31,Campuran (Sebagian Fase Gerakan Salah),Frame 1-19 (19 frame); Frame 55-64 (10 frame),"1, 2, 3, 4, 5, 6, 7, 8, 9, 10, 11, 12, 13, 14, 15, 16, 17, 18, 19, 55, 56, 57, 58, 59, 60, 61, 62, 63, 64","20, 21, 22, 23, 24, 25, 26, 27, 28, 29, 30, 31, 32, 33, 34, 35, 36, 37, 38, 39, 40, 41, 42, 43, 44, 45, 46, 47, 48, 49, 50, 51, 52, 53, 54",1111111111111111111000000000000000000000000000000000001111111111,D:\Data-Aji\KULIAH\Tugas-Akhir\AttentiveSkel3D-WeightTraining-PoC\Release_V2_AttentiveSkel3D\data\tensors\Squat_108.npy,D:\Data-Aji\KULIAH\Tugas-Akhir\AttentiveSkel3D-WeightTraining-PoC\Release_V2_AttentiveSkel3D\data\v2_labels\Squat_108_labels.npy
Squat_109,sekunder_sekunder_squat_kaggle35_rep35.mp4,Squat,Sekunder,64,32,32,50.0,Campuran (Sebagian Fase Gerakan Salah),Frame 1-20 (20 frame); Frame 22; Frame 54-64 (11 frame),"1, 2, 3, 4, 5, 6, 7, 8, 9, 10, 11, 12, 13, 14, 15, 16, 17, 18, 19, 20, 22, 54, 55, 56, 57, 58, 59, 60, 61, 62, 63, 64","21, 23, 24, 25, 26, 27, 28, 29, 30, 31, 32, 33, 34, 35, 36, 37, 38, 39, 40, 41, 42, 43, 44, 45, 46, 47, 48, 49, 50, 51, 52, 53",1111111111111111111101000000000000000000000000000000011111111111,D:\Data-Aji\KULIAH\Tugas-Akhir\AttentiveSkel3D-WeightTraining-PoC\Release_V2_AttentiveSkel3D\data\tensors\Squat_109.npy,D:\Data-Aji\KULIAH\Tugas-Akhir\AttentiveSkel3D-WeightTraining-PoC\Release_V2_AttentiveSkel3D\data\v2_labels\Squat_109_labels.npy
Squat_110,sekunder_sekunder_squat_kaggle36_rep36.mp4,Squat,Sekunder,64,39,25,39.06,Campuran (Sebagian Fase Gerakan Salah),Frame 1-25 (25 frame),"1, 2, 3, 4, 5, 6, 7, 8, 9, 10, 11, 12, 13, 14, 15, 16, 17, 18, 19, 20, 21, 22, 23, 24, 25","26, 27, 28, 29, 30, 31, 32, 33, 34, 35, 36, 37, 38, 39, 40, 41, 42, 43, 44, 45, 46, 47, 48, 49, 50, 51, 52, 53, 54, 55, 56, 57, 58, 59, 60, 61, 62, 63, 64",1111111111111111111111111000000000000000000000000000000000000000,D:\Data-Aji\KULIAH\Tugas-Akhir\AttentiveSkel3D-WeightTraining-PoC\Release_V2_AttentiveSkel3D\data\tensors\Squat_110.npy,D:\Data-Aji\KULIAH\Tugas-Akhir\AttentiveSkel3D-WeightTraining-PoC\Release_V2_AttentiveSkel3D\data\v2_labels\Squat_110_labels.npy
Squat_111,sekunder_sekunder_squat_kaggle37_rep37.mp4,Squat,Sekunder,64,34,30,46.88,Campuran (Sebagian Fase Gerakan Salah),Frame 20-31 (12 frame); Frame 47-64 (18 frame),"20, 21, 22, 23, 24, 25, 26, 27, 28, 29, 30, 31, 47, 48, 49, 50, 51, 52, 53, 54, 55, 56, 57, 58, 59, 60, 61, 62, 63, 64","1, 2, 3, 4, 5, 6, 7, 8, 9, 10, 11, 12, 13, 14, 15, 16, 17, 18, 19, 32, 33, 34, 35, 36, 37, 38, 39, 40, 41, 42, 43, 44, 45, 46",0000000000000000000111111111111000000000000000111111111111111111,D:\Data-Aji\KULIAH\Tugas-Akhir\AttentiveSkel3D-WeightTraining-PoC\Release_V2_AttentiveSkel3D\data\tensors\Squat_111.npy,D:\Data-Aji\KULIAH\Tugas-Akhir\AttentiveSkel3D-WeightTraining-PoC\Release_V2_AttentiveSkel3D\data\v2_labels\Squat_111_labels.npy
Squat_112,sekunder_sekunder_squat_kaggle38_rep38.mp4,Squat,Sekunder,64,22,42,65.62,Dominan Salah (Gerakan Gagal / Half Rep),Frame 6-27 (22 frame); Frame 40-59 (20 frame),"6, 7, 8, 9, 10, 11, 12, 13, 14, 15, 16, 17, 18, 19, 20, 21, 22, 23, 24, 25, 26, 27, 40, 41, 42, 43, 44, 45, 46, 47, 48, 49, 50, 51, 52, 53, 54, 55, 56, 57, 58, 59","1, 2, 3, 4, 5, 28, 29, 30, 31, 32, 33, 34, 35, 36, 37, 38, 39, 60, 61, 62, 63, 64",0000011111111111111111111110000000000001111111111111111111100000,D:\Data-Aji\KULIAH\Tugas-Akhir\AttentiveSkel3D-WeightTraining-PoC\Release_V2_AttentiveSkel3D\data\tensors\Squat_112.npy,D:\Data-Aji\KULIAH\Tugas-Akhir\AttentiveSkel3D-WeightTraining-PoC\Release_V2_AttentiveSkel3D\data\v2_labels\Squat_112_labels.npy
Squat_113,sekunder_sekunder_squat_kaggle39_rep39.mp4,Squat,Sekunder,64,18,46,71.88,Dominan Salah (Gerakan Gagal / Half Rep),Frame 1-20 (20 frame); Frame 39-64 (26 frame),"1, 2, 3, 4, 5, 6, 7, 8, 9, 10, 11, 12, 13, 14, 15, 16, 17, 18, 19, 20, 39, 40, 41, 42, 43, 44, 45, 46, 47, 48, 49, 50, 51, 52, 53, 54, 55, 56, 57, 58, 59, 60, 61, 62, 63, 64","21, 22, 23, 24, 25, 26, 27, 28, 29, 30, 31, 32, 33, 34, 35, 36, 37, 38",1111111111111111111100000000000000000011111111111111111111111111,D:\Data-Aji\KULIAH\Tugas-Akhir\AttentiveSkel3D-WeightTraining-PoC\Release_V2_AttentiveSkel3D\data\tensors\Squat_113.npy,D:\Data-Aji\KULIAH\Tugas-Akhir\AttentiveSkel3D-WeightTraining-PoC\Release_V2_AttentiveSkel3D\data\v2_labels\Squat_113_labels.npy
Squat_114,sekunder_sekunder_squat_kaggle40_rep40.mp4,Squat,Sekunder,64,17,47,73.44,Dominan Salah (Gerakan Gagal / Half Rep),Frame 1-21 (21 frame); Frame 36-51 (16 frame); Frame 55-64 (10 frame),"1, 2, 3, 4, 5, 6, 7, 8, 9, 10, 11, 12, 13, 14, 15, 16, 17, 18, 19, 20, 21, 36, 37, 38, 39, 40, 41, 42, 43, 44, 45, 46, 47, 48, 49, 50, 51, 55, 56, 57, 58, 59, 60, 61, 62, 63, 64","22, 23, 24, 25, 26, 27, 28, 29, 30, 31, 32, 33, 34, 35, 52, 53, 54",1111111111111111111110000000000000011111111111111110001111111111,D:\Data-Aji\KULIAH\Tugas-Akhir\AttentiveSkel3D-WeightTraining-PoC\Release_V2_AttentiveSkel3D\data\tensors\Squat_114.npy,D:\Data-Aji\KULIAH\Tugas-Akhir\AttentiveSkel3D-WeightTraining-PoC\Release_V2_AttentiveSkel3D\data\v2_labels\Squat_114_labels.npy
Squat_115,sekunder_sekunder_squat_kaggle41_rep41.mp4,Squat,Sekunder,64,23,41,64.06,Dominan Salah (Gerakan Gagal / Half Rep),Frame 1-19 (19 frame); Frame 25-36 (12 frame); Frame 39-48 (10 frame),"1, 2, 3, 4, 5, 6, 7, 8, 9, 10, 11, 12, 13, 14, 15, 16, 17, 18, 19, 25, 26, 27, 28, 29, 30, 31, 32, 33, 34, 35, 36, 39, 40, 41, 42, 43, 44, 45, 46, 47, 48","20, 21, 22, 23, 24, 37, 38, 49, 50, 51, 52, 53, 54, 55, 56, 57, 58, 59, 60, 61, 62, 63, 64",1111111111111111111000001111111111110011111111110000000000000000,D:\Data-Aji\KULIAH\Tugas-Akhir\AttentiveSkel3D-WeightTraining-PoC\Release_V2_AttentiveSkel3D\data\tensors\Squat_115.npy,D:\Data-Aji\KULIAH\Tugas-Akhir\AttentiveSkel3D-WeightTraining-PoC\Release_V2_AttentiveSkel3D\data\v2_labels\Squat_115_labels.npy
Squat_116,sekunder_sekunder_squat_kaggle42_rep42.mp4,Squat,Sekunder,64,59,5,7.81,Dominan Benar (Kesalahan Ringan/Fase Transisi),Frame 37-41 (5 frame),"37, 38, 39, 40, 41","1, 2, 3, 4, 5, 6, 7, 8, 9, 10, 11, 12, 13, 14, 15, 16, 17, 18, 19, 20, 21, 22, 23, 24, 25, 26, 27, 28, 29, 30, 31, 32, 33, 34, 35, 36, 42, 43, 44, 45, 46, 47, 48, 49, 50, 51, 52, 53, 54, 55, 56, 57, 58, 59, 60, 61, 62, 63, 64",0000000000000000000000000000000000001111100000000000000000000000,D:\Data-Aji\KULIAH\Tugas-Akhir\AttentiveSkel3D-WeightTraining-PoC\Release_V2_AttentiveSkel3D\data\tensors\Squat_116.npy,D:\Data-Aji\KULIAH\Tugas-Akhir\AttentiveSkel3D-WeightTraining-PoC\Release_V2_AttentiveSkel3D\data\v2_labels\Squat_116_labels.npy
Squat_117,sekunder_sekunder_squat_kaggle43_rep43.mp4,Squat,Sekunder,64,48,16,25.0,Dominan Benar (Kesalahan Ringan/Fase Transisi),Frame 17-25 (9 frame); Frame 45-51 (7 frame),"17, 18, 19, 20, 21, 22, 23, 24, 25, 45, 46, 47, 48, 49, 50, 51","1, 2, 3, 4, 5, 6, 7, 8, 9, 10, 11, 12, 13, 14, 15, 16, 26, 27, 28, 29, 30, 31, 32, 33, 34, 35, 36, 37, 38, 39, 40, 41, 42, 43, 44, 52, 53, 54, 55, 56, 57, 58, 59, 60, 61, 62, 63, 64",0000000000000000111111111000000000000000000011111110000000000000,D:\Data-Aji\KULIAH\Tugas-Akhir\AttentiveSkel3D-WeightTraining-PoC\Release_V2_AttentiveSkel3D\data\tensors\Squat_117.npy,D:\Data-Aji\KULIAH\Tugas-Akhir\AttentiveSkel3D-WeightTraining-PoC\Release_V2_AttentiveSkel3D\data\v2_labels\Squat_117_labels.npy
Squat_118,sekunder_sekunder_squat_kaggle44_rep44.mp4,Squat,Sekunder,64,20,44,68.75,Dominan Salah (Gerakan Gagal / Half Rep),Frame 1-5 (5 frame); Frame 8-20 (13 frame); Frame 25-33 (9 frame); Frame 36-38 (3 frame); Frame 46-49 (4 frame); Frame 52-56 (5 frame); Frame 59-62 (4 frame); Frame 64,"1, 2, 3, 4, 5, 8, 9, 10, 11, 12, 13, 14, 15, 16, 17, 18, 19, 20, 25, 26, 27, 28, 29, 30, 31, 32, 33, 36, 37, 38, 46, 47, 48, 49, 52, 53, 54, 55, 56, 59, 60, 61, 62, 64","6, 7, 21, 22, 23, 24, 34, 35, 39, 40, 41, 42, 43, 44, 45, 50, 51, 57, 58, 63",1111100111111111111100001111111110011100000001111001111100111101,D:\Data-Aji\KULIAH\Tugas-Akhir\AttentiveSkel3D-WeightTraining-PoC\Release_V2_AttentiveSkel3D\data\tensors\Squat_118.npy,D:\Data-Aji\KULIAH\Tugas-Akhir\AttentiveSkel3D-WeightTraining-PoC\Release_V2_AttentiveSkel3D\data\v2_labels\Squat_118_labels.npy
Squat_119,sekunder_sekunder_squat_kaggle45_rep45.mp4,Squat,Sekunder,64,26,38,59.38,Campuran (Sebagian Fase Gerakan Salah),Frame 1-15 (15 frame); Frame 35-49 (15 frame); Frame 57-64 (8 frame),"1, 2, 3, 4, 5, 6, 7, 8, 9, 10, 11, 12, 13, 14, 15, 35, 36, 37, 38, 39, 40, 41, 42, 43, 44, 45, 46, 47, 48, 49, 57, 58, 59, 60, 61, 62, 63, 64","16, 17, 18, 19, 20, 21, 22, 23, 24, 25, 26, 27, 28, 29, 30, 31, 32, 33, 34, 50, 51, 52, 53, 54, 55, 56",1111111111111110000000000000000000111111111111111000000011111111,D:\Data-Aji\KULIAH\Tugas-Akhir\AttentiveSkel3D-WeightTraining-PoC\Release_V2_AttentiveSkel3D\data\tensors\Squat_119.npy,D:\Data-Aji\KULIAH\Tugas-Akhir\AttentiveSkel3D-WeightTraining-PoC\Release_V2_AttentiveSkel3D\data\v2_labels\Squat_119_labels.npy
Squat_120,sekunder_sekunder_squat_kaggle46_rep46.mp4,Squat,Sekunder,64,39,25,39.06,Campuran (Sebagian Fase Gerakan Salah),Frame 1; Frame 18-21 (4 frame); Frame 27-34 (8 frame); Frame 41; Frame 46-47 (2 frame); Frame 52-60 (9 frame),"1, 18, 19, 20, 21, 27, 28, 29, 30, 31, 32, 33, 34, 41, 46, 47, 52, 53, 54, 55, 56, 57, 58, 59, 60","2, 3, 4, 5, 6, 7, 8, 9, 10, 11, 12, 13, 14, 15, 16, 17, 22, 23, 24, 25, 26, 35, 36, 37, 38, 39, 40, 42, 43, 44, 45, 48, 49, 50, 51, 61, 62, 63, 64",1000000000000000011110000011111111000000100001100001111111110000,D:\Data-Aji\KULIAH\Tugas-Akhir\AttentiveSkel3D-WeightTraining-PoC\Release_V2_AttentiveSkel3D\data\tensors\Squat_120.npy,D:\Data-Aji\KULIAH\Tugas-Akhir\AttentiveSkel3D-WeightTraining-PoC\Release_V2_AttentiveSkel3D\data\v2_labels\Squat_120_labels.npy
Squat_121,sekunder_sekunder_squat_kaggle47_rep47.mp4,Squat,Sekunder,64,34,30,46.88,Campuran (Sebagian Fase Gerakan Salah),Frame 1-6 (6 frame); Frame 16-29 (14 frame); Frame 32-33 (2 frame); Frame 43-50 (8 frame),"1, 2, 3, 4, 5, 6, 16, 17, 18, 19, 20, 21, 22, 23, 24, 25, 26, 27, 28, 29, 32, 33, 43, 44, 45, 46, 47, 48, 49, 50","7, 8, 9, 10, 11, 12, 13, 14, 15, 30, 31, 34, 35, 36, 37, 38, 39, 40, 41, 42, 51, 52, 53, 54, 55, 56, 57, 58, 59, 60, 61, 62, 63, 64",1111110000000001111111111111100110000000001111111100000000000000,D:\Data-Aji\KULIAH\Tugas-Akhir\AttentiveSkel3D-WeightTraining-PoC\Release_V2_AttentiveSkel3D\data\tensors\Squat_121.npy,D:\Data-Aji\KULIAH\Tugas-Akhir\AttentiveSkel3D-WeightTraining-PoC\Release_V2_AttentiveSkel3D\data\v2_labels\Squat_121_labels.npy
Squat_122,sekunder_sekunder_squat_kaggle48_rep48.mp4,Squat,Sekunder,64,31,33,51.56,Campuran (Sebagian Fase Gerakan Salah),Frame 7-14 (8 frame); Frame 19-26 (8 frame); Frame 33-38 (6 frame); Frame 45-50 (6 frame); Frame 58-62 (5 frame),"7, 8, 9, 10, 11, 12, 13, 14, 19, 20, 21, 22, 23, 24, 25, 26, 33, 34, 35, 36, 37, 38, 45, 46, 47, 48, 49, 50, 58, 59, 60, 61, 62","1, 2, 3, 4, 5, 6, 15, 16, 17, 18, 27, 28, 29, 30, 31, 32, 39, 40, 41, 42, 43, 44, 51, 52, 53, 54, 55, 56, 57, 63, 64",0000001111111100001111111100000011111100000011111100000001111100,D:\Data-Aji\KULIAH\Tugas-Akhir\AttentiveSkel3D-WeightTraining-PoC\Release_V2_AttentiveSkel3D\data\tensors\Squat_122.npy,D:\Data-Aji\KULIAH\Tugas-Akhir\AttentiveSkel3D-WeightTraining-PoC\Release_V2_AttentiveSkel3D\data\v2_labels\Squat_122_labels.npy
Squat_123,sekunder_sekunder_squat_kaggle49_rep49.mp4,Squat,Sekunder,64,42,22,34.38,Campuran (Sebagian Fase Gerakan Salah),Frame 13-20 (8 frame); Frame 36-44 (9 frame); Frame 60-64 (5 frame),"13, 14, 15, 16, 17, 18, 19, 20, 36, 37, 38, 39, 40, 41, 42, 43, 44, 60, 61, 62, 63, 64","1, 2, 3, 4, 5, 6, 7, 8, 9, 10, 11, 12, 21, 22, 23, 24, 25, 26, 27, 28, 29, 30, 31, 32, 33, 34, 35, 45, 46, 47, 48, 49, 50, 51, 52, 53, 54, 55, 56, 57, 58, 59",0000000000001111111100000000000000011111111100000000000000011111,D:\Data-Aji\KULIAH\Tugas-Akhir\AttentiveSkel3D-WeightTraining-PoC\Release_V2_AttentiveSkel3D\data\tensors\Squat_123.npy,D:\Data-Aji\KULIAH\Tugas-Akhir\AttentiveSkel3D-WeightTraining-PoC\Release_V2_AttentiveSkel3D\data\v2_labels\Squat_123_labels.npy
Squat_124,sekunder_sekunder_squat_kaggle50_rep50.mp4,Squat,Sekunder,64,22,42,65.62,Dominan Salah (Gerakan Gagal / Half Rep),Frame 2-14 (13 frame); Frame 18-37 (20 frame); Frame 52-60 (9 frame),"2, 3, 4, 5, 6, 7, 8, 9, 10, 11, 12, 13, 14, 18, 19, 20, 21, 22, 23, 24, 25, 26, 27, 28, 29, 30, 31, 32, 33, 34, 35, 36, 37, 52, 53, 54, 55, 56, 57, 58, 59, 60","1, 15, 16, 17, 38, 39, 40, 41, 42, 43, 44, 45, 46, 47, 48, 49, 50, 51, 61, 62, 63, 64",0111111111111100011111111111111111111000000000000001111111110000,D:\Data-Aji\KULIAH\Tugas-Akhir\AttentiveSkel3D-WeightTraining-PoC\Release_V2_AttentiveSkel3D\data\tensors\Squat_124.npy,D:\Data-Aji\KULIAH\Tugas-Akhir\AttentiveSkel3D-WeightTraining-PoC\Release_V2_AttentiveSkel3D\data\v2_labels\Squat_124_labels.npy
Squat_125,sekunder_sekunder_squat_kaggle51_rep51.mp4,Squat,Sekunder,64,35,29,45.31,Campuran (Sebagian Fase Gerakan Salah),Frame 5-28 (24 frame); Frame 60-64 (5 frame),"5, 6, 7, 8, 9, 10, 11, 12, 13, 14, 15, 16, 17, 18, 19, 20, 21, 22, 23, 24, 25, 26, 27, 28, 60, 61, 62, 63, 64","1, 2, 3, 4, 29, 30, 31, 32, 33, 34, 35, 36, 37, 38, 39, 40, 41, 42, 43, 44, 45, 46, 47, 48, 49, 50, 51, 52, 53, 54, 55, 56, 57, 58, 59",0000111111111111111111111111000000000000000000000000000000011111,D:\Data-Aji\KULIAH\Tugas-Akhir\AttentiveSkel3D-WeightTraining-PoC\Release_V2_AttentiveSkel3D\data\tensors\Squat_125.npy,D:\Data-Aji\KULIAH\Tugas-Akhir\AttentiveSkel3D-WeightTraining-PoC\Release_V2_AttentiveSkel3D\data\v2_labels\Squat_125_labels.npy
Squat_126,sekunder_sekunder_squat_kaggle52_rep52.mp4,Squat,Sekunder,64,31,33,51.56,Campuran (Sebagian Fase Gerakan Salah),Frame 8-16 (9 frame); Frame 22-30 (9 frame); Frame 44-52 (9 frame); Frame 59-64 (6 frame),"8, 9, 10, 11, 12, 13, 14, 15, 16, 22, 23, 24, 25, 26, 27, 28, 29, 30, 44, 45, 46, 47, 48, 49, 50, 51, 52, 59, 60, 61, 62, 63, 64","1, 2, 3, 4, 5, 6, 7, 17, 18, 19, 20, 21, 31, 32, 33, 34, 35, 36, 37, 38, 39, 40, 41, 42, 43, 53, 54, 55, 56, 57, 58",0000000111111111000001111111110000000000000111111111000000111111,D:\Data-Aji\KULIAH\Tugas-Akhir\AttentiveSkel3D-WeightTraining-PoC\Release_V2_AttentiveSkel3D\data\tensors\Squat_126.npy,D:\Data-Aji\KULIAH\Tugas-Akhir\AttentiveSkel3D-WeightTraining-PoC\Release_V2_AttentiveSkel3D\data\v2_labels\Squat_126_labels.npy
Squat_127,sekunder_sekunder_squat_kaggle53_rep53.mp4,Squat,Sekunder,64,43,21,32.81,Campuran (Sebagian Fase Gerakan Salah),Frame 4-15 (12 frame); Frame 56-64 (9 frame),"4, 5, 6, 7, 8, 9, 10, 11, 12, 13, 14, 15, 56, 57, 58, 59, 60, 61, 62, 63, 64","1, 2, 3, 16, 17, 18, 19, 20, 21, 22, 23, 24, 25, 26, 27, 28, 29, 30, 31, 32, 33, 34, 35, 36, 37, 38, 39, 40, 41, 42, 43, 44, 45, 46, 47, 48, 49, 50, 51, 52, 53, 54, 55",0001111111111110000000000000000000000000000000000000000111111111,D:\Data-Aji\KULIAH\Tugas-Akhir\AttentiveSkel3D-WeightTraining-PoC\Release_V2_AttentiveSkel3D\data\tensors\Squat_127.npy,D:\Data-Aji\KULIAH\Tugas-Akhir\AttentiveSkel3D-WeightTraining-PoC\Release_V2_AttentiveSkel3D\data\v2_labels\Squat_127_labels.npy
Squat_128,sekunder_sekunder_squat_kaggle54_rep54.mp4,Squat,Sekunder,64,37,27,42.19,Campuran (Sebagian Fase Gerakan Salah),Frame 17-24 (8 frame); Frame 45-63 (19 frame),"17, 18, 19, 20, 21, 22, 23, 24, 45, 46, 47, 48, 49, 50, 51, 52, 53, 54, 55, 56, 57, 58, 59, 60, 61, 62, 63","1, 2, 3, 4, 5, 6, 7, 8, 9, 10, 11, 12, 13, 14, 15, 16, 25, 26, 27, 28, 29, 30, 31, 32, 33, 34, 35, 36, 37, 38, 39, 40, 41, 42, 43, 44, 64",0000000000000000111111110000000000000000000011111111111111111110,D:\Data-Aji\KULIAH\Tugas-Akhir\AttentiveSkel3D-WeightTraining-PoC\Release_V2_AttentiveSkel3D\data\tensors\Squat_128.npy,D:\Data-Aji\KULIAH\Tugas-Akhir\AttentiveSkel3D-WeightTraining-PoC\Release_V2_AttentiveSkel3D\data\v2_labels\Squat_128_labels.npy
Squat_129,sekunder_sekunder_squat_kaggle55_rep55.mp4,Squat,Sekunder,64,31,33,51.56,Campuran (Sebagian Fase Gerakan Salah),Frame 11-25 (15 frame); Frame 37-50 (14 frame); Frame 61-64 (4 frame),"11, 12, 13, 14, 15, 16, 17, 18, 19, 20, 21, 22, 23, 24, 25, 37, 38, 39, 40, 41, 42, 43, 44, 45, 46, 47, 48, 49, 50, 61, 62, 63, 64","1, 2, 3, 4, 5, 6, 7, 8, 9, 10, 26, 27, 28, 29, 30, 31, 32, 33, 34, 35, 36, 51, 52, 53, 54, 55, 56, 57, 58, 59, 60",0000000000111111111111111000000000001111111111111100000000001111,D:\Data-Aji\KULIAH\Tugas-Akhir\AttentiveSkel3D-WeightTraining-PoC\Release_V2_AttentiveSkel3D\data\tensors\Squat_129.npy,D:\Data-Aji\KULIAH\Tugas-Akhir\AttentiveSkel3D-WeightTraining-PoC\Release_V2_AttentiveSkel3D\data\v2_labels\Squat_129_labels.npy
Squat_130,sekunder_sekunder_squat_kaggle56_rep56.mp4,Squat,Sekunder,64,45,19,29.69,Campuran (Sebagian Fase Gerakan Salah),Frame 1-13 (13 frame); Frame 59-64 (6 frame),"1, 2, 3, 4, 5, 6, 7, 8, 9, 10, 11, 12, 13, 59, 60, 61, 62, 63, 64","14, 15, 16, 17, 18, 19, 20, 21, 22, 23, 24, 25, 26, 27, 28, 29, 30, 31, 32, 33, 34, 35, 36, 37, 38, 39, 40, 41, 42, 43, 44, 45, 46, 47, 48, 49, 50, 51, 52, 53, 54, 55, 56, 57, 58",1111111111111000000000000000000000000000000000000000000000111111,D:\Data-Aji\KULIAH\Tugas-Akhir\AttentiveSkel3D-WeightTraining-PoC\Release_V2_AttentiveSkel3D\data\tensors\Squat_130.npy,D:\Data-Aji\KULIAH\Tugas-Akhir\AttentiveSkel3D-WeightTraining-PoC\Release_V2_AttentiveSkel3D\data\v2_labels\Squat_130_labels.npy
Squat_131,sekunder_sekunder_squat_kaggle57_rep57.mp4,Squat,Sekunder,64,30,34,53.12,Campuran (Sebagian Fase Gerakan Salah),Frame 9-14 (6 frame); Frame 23-30 (8 frame); Frame 37-44 (8 frame); Frame 52-63 (12 frame),"9, 10, 11, 12, 13, 14, 23, 24, 25, 26, 27, 28, 29, 30, 37, 38, 39, 40, 41, 42, 43, 44, 52, 53, 54, 55, 56, 57, 58, 59, 60, 61, 62, 63","1, 2, 3, 4, 5, 6, 7, 8, 15, 16, 17, 18, 19, 20, 21, 22, 31, 32, 33, 34, 35, 36, 45, 46, 47, 48, 49, 50, 51, 64",0000000011111100000000111111110000001111111100000001111111111110,D:\Data-Aji\KULIAH\Tugas-Akhir\AttentiveSkel3D-WeightTraining-PoC\Release_V2_AttentiveSkel3D\data\tensors\Squat_131.npy,D:\Data-Aji\KULIAH\Tugas-Akhir\AttentiveSkel3D-WeightTraining-PoC\Release_V2_AttentiveSkel3D\data\v2_labels\Squat_131_labels.npy
Squat_132,sekunder_sekunder_squat_kaggle58_rep58.mp4,Squat,Sekunder,64,64,0,0.0,100% Sempurna (Tidak Ada Kesalahan),Tidak Ada Frame Salah (100% Sempurna),-,"1, 2, 3, 4, 5, 6, 7, 8, 9, 10, 11, 12, 13, 14, 15, 16, 17, 18, 19, 20, 21, 22, 23, 24, 25, 26, 27, 28, 29, 30, 31, 32, 33, 34, 35, 36, 37, 38, 39, 40, 41, 42, 43, 44, 45, 46, 47, 48, 49, 50, 51, 52, 53, 54, 55, 56, 57, 58, 59, 60, 61, 62, 63, 64",0000000000000000000000000000000000000000000000000000000000000000,D:\Data-Aji\KULIAH\Tugas-Akhir\AttentiveSkel3D-WeightTraining-PoC\Release_V2_AttentiveSkel3D\data\tensors\Squat_132.npy,D:\Data-Aji\KULIAH\Tugas-Akhir\AttentiveSkel3D-WeightTraining-PoC\Release_V2_AttentiveSkel3D\data\v2_labels\Squat_132_labels.npy
Squat_133,sekunder_sekunder_squat_kaggle59_rep59.mp4,Squat,Sekunder,64,36,28,43.75,Campuran (Sebagian Fase Gerakan Salah),Frame 6-15 (10 frame); Frame 31-40 (10 frame); Frame 56-63 (8 frame),"6, 7, 8, 9, 10, 11, 12, 13, 14, 15, 31, 32, 33, 34, 35, 36, 37, 38, 39, 40, 56, 57, 58, 59, 60, 61, 62, 63","1, 2, 3, 4, 5, 16, 17, 18, 19, 20, 21, 22, 23, 24, 25, 26, 27, 28, 29, 30, 41, 42, 43, 44, 45, 46, 47, 48, 49, 50, 51, 52, 53, 54, 55, 64",0000011111111110000000000000001111111111000000000000000111111110,D:\Data-Aji\KULIAH\Tugas-Akhir\AttentiveSkel3D-WeightTraining-PoC\Release_V2_AttentiveSkel3D\data\tensors\Squat_133.npy,D:\Data-Aji\KULIAH\Tugas-Akhir\AttentiveSkel3D-WeightTraining-PoC\Release_V2_AttentiveSkel3D\data\v2_labels\Squat_133_labels.npy
Squat_134,sekunder_sekunder_squat_kaggle60_rep60.mp4,Squat,Sekunder,64,22,42,65.62,Dominan Salah (Gerakan Gagal / Half Rep),Frame 1-15 (15 frame); Frame 27-44 (18 frame); Frame 56-64 (9 frame),"1, 2, 3, 4, 5, 6, 7, 8, 9, 10, 11, 12, 13, 14, 15, 27, 28, 29, 30, 31, 32, 33, 34, 35, 36, 37, 38, 39, 40, 41, 42, 43, 44, 56, 57, 58, 59, 60, 61, 62, 63, 64","16, 17, 18, 19, 20, 21, 22, 23, 24, 25, 26, 45, 46, 47, 48, 49, 50, 51, 52, 53, 54, 55",1111111111111110000000000011111111111111111100000000000111111111,D:\Data-Aji\KULIAH\Tugas-Akhir\AttentiveSkel3D-WeightTraining-PoC\Release_V2_AttentiveSkel3D\data\tensors\Squat_134.npy,D:\Data-Aji\KULIAH\Tugas-Akhir\AttentiveSkel3D-WeightTraining-PoC\Release_V2_AttentiveSkel3D\data\v2_labels\Squat_134_labels.npy
Squat_135,sekunder_sekunder_squat_kaggle61_rep61.mp4,Squat,Sekunder,64,38,26,40.62,Campuran (Sebagian Fase Gerakan Salah),Frame 1-13 (13 frame); Frame 50-51 (2 frame); Frame 54-64 (11 frame),"1, 2, 3, 4, 5, 6, 7, 8, 9, 10, 11, 12, 13, 50, 51, 54, 55, 56, 57, 58, 59, 60, 61, 62, 63, 64","14, 15, 16, 17, 18, 19, 20, 21, 22, 23, 24, 25, 26, 27, 28, 29, 30, 31, 32, 33, 34, 35, 36, 37, 38, 39, 40, 41, 42, 43, 44, 45, 46, 47, 48, 49, 52, 53",1111111111111000000000000000000000000000000000000110011111111111,D:\Data-Aji\KULIAH\Tugas-Akhir\AttentiveSkel3D-WeightTraining-PoC\Release_V2_AttentiveSkel3D\data\tensors\Squat_135.npy,D:\Data-Aji\KULIAH\Tugas-Akhir\AttentiveSkel3D-WeightTraining-PoC\Release_V2_AttentiveSkel3D\data\v2_labels\Squat_135_labels.npy
Squat_136,sekunder_sekunder_squat_kaggle62_rep62.mp4,Squat,Sekunder,64,26,38,59.38,Campuran (Sebagian Fase Gerakan Salah),Frame 4-14 (11 frame); Frame 26-36 (11 frame); Frame 39-41 (3 frame); Frame 43-54 (12 frame); Frame 64,"4, 5, 6, 7, 8, 9, 10, 11, 12, 13, 14, 26, 27, 28, 29, 30, 31, 32, 33, 34, 35, 36, 39, 40, 41, 43, 44, 45, 46, 47, 48, 49, 50, 51, 52, 53, 54, 64","1, 2, 3, 15, 16, 17, 18, 19, 20, 21, 22, 23, 24, 25, 37, 38, 42, 55, 56, 57, 58, 59, 60, 61, 62, 63",0001111111111100000000000111111111110011101111111111110000000001,D:\Data-Aji\KULIAH\Tugas-Akhir\AttentiveSkel3D-WeightTraining-PoC\Release_V2_AttentiveSkel3D\data\tensors\Squat_136.npy,D:\Data-Aji\KULIAH\Tugas-Akhir\AttentiveSkel3D-WeightTraining-PoC\Release_V2_AttentiveSkel3D\data\v2_labels\Squat_136_labels.npy
Squat_137,sekunder_sekunder_squat_kaggle63_rep63.mp4,Squat,Sekunder,64,62,2,3.12,Dominan Benar (Kesalahan Ringan/Fase Transisi),Frame 44-45 (2 frame),"44, 45","1, 2, 3, 4, 5, 6, 7, 8, 9, 10, 11, 12, 13, 14, 15, 16, 17, 18, 19, 20, 21, 22, 23, 24, 25, 26, 27, 28, 29, 30, 31, 32, 33, 34, 35, 36, 37, 38, 39, 40, 41, 42, 43, 46, 47, 48, 49, 50, 51, 52, 53, 54, 55, 56, 57, 58, 59, 60, 61, 62, 63, 64",0000000000000000000000000000000000000000000110000000000000000000,D:\Data-Aji\KULIAH\Tugas-Akhir\AttentiveSkel3D-WeightTraining-PoC\Release_V2_AttentiveSkel3D\data\tensors\Squat_137.npy,D:\Data-Aji\KULIAH\Tugas-Akhir\AttentiveSkel3D-WeightTraining-PoC\Release_V2_AttentiveSkel3D\data\v2_labels\Squat_137_labels.npy
Squat_138,sekunder_sekunder_squat_kaggle64_rep64.mp4,Squat,Sekunder,64,38,26,40.62,Campuran (Sebagian Fase Gerakan Salah),Frame 5-16 (12 frame); Frame 32-45 (14 frame),"5, 6, 7, 8, 9, 10, 11, 12, 13, 14, 15, 16, 32, 33, 34, 35, 36, 37, 38, 39, 40, 41, 42, 43, 44, 45","1, 2, 3, 4, 17, 18, 19, 20, 21, 22, 23, 24, 25, 26, 27, 28, 29, 30, 31, 46, 47, 48, 49, 50, 51, 52, 53, 54, 55, 56, 57, 58, 59, 60, 61, 62, 63, 64",0000111111111111000000000000000111111111111110000000000000000000,D:\Data-Aji\KULIAH\Tugas-Akhir\AttentiveSkel3D-WeightTraining-PoC\Release_V2_AttentiveSkel3D\data\tensors\Squat_138.npy,D:\Data-Aji\KULIAH\Tugas-Akhir\AttentiveSkel3D-WeightTraining-PoC\Release_V2_AttentiveSkel3D\data\v2_labels\Squat_138_labels.npy
Squat_139,sekunder_sekunder_squat_kaggle65_rep65.mp4,Squat,Sekunder,64,25,39,60.94,Campuran (Sebagian Fase Gerakan Salah),Frame 7-9 (3 frame); Frame 16-43 (28 frame); Frame 50-53 (4 frame); Frame 59-62 (4 frame),"7, 8, 9, 16, 17, 18, 19, 20, 21, 22, 23, 24, 25, 26, 27, 28, 29, 30, 31, 32, 33, 34, 35, 36, 37, 38, 39, 40, 41, 42, 43, 50, 51, 52, 53, 59, 60, 61, 62","1, 2, 3, 4, 5, 6, 10, 11, 12, 13, 14, 15, 44, 45, 46, 47, 48, 49, 54, 55, 56, 57, 58, 63, 64",0000001110000001111111111111111111111111111000000111100000111100,D:\Data-Aji\KULIAH\Tugas-Akhir\AttentiveSkel3D-WeightTraining-PoC\Release_V2_AttentiveSkel3D\data\tensors\Squat_139.npy,D:\Data-Aji\KULIAH\Tugas-Akhir\AttentiveSkel3D-WeightTraining-PoC\Release_V2_AttentiveSkel3D\data\v2_labels\Squat_139_labels.npy
Squat_140,sekunder_sekunder_squat_kaggle66_rep66.mp4,Squat,Sekunder,64,37,27,42.19,Campuran (Sebagian Fase Gerakan Salah),Frame 1-6 (6 frame); Frame 21-28 (8 frame); Frame 30; Frame 43-53 (11 frame); Frame 64,"1, 2, 3, 4, 5, 6, 21, 22, 23, 24, 25, 26, 27, 28, 30, 43, 44, 45, 46, 47, 48, 49, 50, 51, 52, 53, 64","7, 8, 9, 10, 11, 12, 13, 14, 15, 16, 17, 18, 19, 20, 29, 31, 32, 33, 34, 35, 36, 37, 38, 39, 40, 41, 42, 54, 55, 56, 57, 58, 59, 60, 61, 62, 63",1111110000000000000011111111010000000000001111111111100000000001,D:\Data-Aji\KULIAH\Tugas-Akhir\AttentiveSkel3D-WeightTraining-PoC\Release_V2_AttentiveSkel3D\data\tensors\Squat_140.npy,D:\Data-Aji\KULIAH\Tugas-Akhir\AttentiveSkel3D-WeightTraining-PoC\Release_V2_AttentiveSkel3D\data\v2_labels\Squat_140_labels.npy
Squat_141,sekunder_sekunder_squat_kaggle67_rep67.mp4,Squat,Sekunder,64,22,42,65.62,Dominan Salah (Gerakan Gagal / Half Rep),Frame 1-8 (8 frame); Frame 20-38 (19 frame); Frame 50-64 (15 frame),"1, 2, 3, 4, 5, 6, 7, 8, 20, 21, 22, 23, 24, 25, 26, 27, 28, 29, 30, 31, 32, 33, 34, 35, 36, 37, 38, 50, 51, 52, 53, 54, 55, 56, 57, 58, 59, 60, 61, 62, 63, 64","9, 10, 11, 12, 13, 14, 15, 16, 17, 18, 19, 39, 40, 41, 42, 43, 44, 45, 46, 47, 48, 49",1111111100000000000111111111111111111100000000000111111111111111,D:\Data-Aji\KULIAH\Tugas-Akhir\AttentiveSkel3D-WeightTraining-PoC\Release_V2_AttentiveSkel3D\data\tensors\Squat_141.npy,D:\Data-Aji\KULIAH\Tugas-Akhir\AttentiveSkel3D-WeightTraining-PoC\Release_V2_AttentiveSkel3D\data\v2_labels\Squat_141_labels.npy
Squat_142,sekunder_sekunder_squat_kaggle68_rep68.mp4,Squat,Sekunder,64,35,29,45.31,Campuran (Sebagian Fase Gerakan Salah),Frame 7-16 (10 frame); Frame 28-37 (10 frame); Frame 49-57 (9 frame),"7, 8, 9, 10, 11, 12, 13, 14, 15, 16, 28, 29, 30, 31, 32, 33, 34, 35, 36, 37, 49, 50, 51, 52, 53, 54, 55, 56, 57","1, 2, 3, 4, 5, 6, 17, 18, 19, 20, 21, 22, 23, 24, 25, 26, 27, 38, 39, 40, 41, 42, 43, 44, 45, 46, 47, 48, 58, 59, 60, 61, 62, 63, 64",0000001111111111000000000001111111111000000000001111111110000000,D:\Data-Aji\KULIAH\Tugas-Akhir\AttentiveSkel3D-WeightTraining-PoC\Release_V2_AttentiveSkel3D\data\tensors\Squat_142.npy,D:\Data-Aji\KULIAH\Tugas-Akhir\AttentiveSkel3D-WeightTraining-PoC\Release_V2_AttentiveSkel3D\data\v2_labels\Squat_142_labels.npy
Squat_143,sekunder_sekunder_squat_kaggle69_rep69.mp4,Squat,Sekunder,64,45,19,29.69,Campuran (Sebagian Fase Gerakan Salah),Frame 1-9 (9 frame); Frame 11-12 (2 frame); Frame 17; Frame 30-34 (5 frame); Frame 50; Frame 64,"1, 2, 3, 4, 5, 6, 7, 8, 9, 11, 12, 17, 30, 31, 32, 33, 34, 50, 64","10, 13, 14, 15, 16, 18, 19, 20, 21, 22, 23, 24, 25, 26, 27, 28, 29, 35, 36, 37, 38, 39, 40, 41, 42, 43, 44, 45, 46, 47, 48, 49, 51, 52, 53, 54, 55, 56, 57, 58, 59, 60, 61, 62, 63",1111111110110000100000000000011111000000000000000100000000000001,D:\Data-Aji\KULIAH\Tugas-Akhir\AttentiveSkel3D-WeightTraining-PoC\Release_V2_AttentiveSkel3D\data\tensors\Squat_143.npy,D:\Data-Aji\KULIAH\Tugas-Akhir\AttentiveSkel3D-WeightTraining-PoC\Release_V2_AttentiveSkel3D\data\v2_labels\Squat_143_labels.npy
Squat_144,sekunder_sekunder_squat_kaggle70_rep70.mp4,Squat,Sekunder,64,38,26,40.62,Campuran (Sebagian Fase Gerakan Salah),Frame 1-19 (19 frame); Frame 58-64 (7 frame),"1, 2, 3, 4, 5, 6, 7, 8, 9, 10, 11, 12, 13, 14, 15, 16, 17, 18, 19, 58, 59, 60, 61, 62, 63, 64","20, 21, 22, 23, 24, 25, 26, 27, 28, 29, 30, 31, 32, 33, 34, 35, 36, 37, 38, 39, 40, 41, 42, 43, 44, 45, 46, 47, 48, 49, 50, 51, 52, 53, 54, 55, 56, 57",1111111111111111111000000000000000000000000000000000000001111111,D:\Data-Aji\KULIAH\Tugas-Akhir\AttentiveSkel3D-WeightTraining-PoC\Release_V2_AttentiveSkel3D\data\tensors\Squat_144.npy,D:\Data-Aji\KULIAH\Tugas-Akhir\AttentiveSkel3D-WeightTraining-PoC\Release_V2_AttentiveSkel3D\data\v2_labels\Squat_144_labels.npy
Squat_145,sekunder_sekunder_squat_kaggle71_rep71.mp4,Squat,Sekunder,64,31,33,51.56,Campuran (Sebagian Fase Gerakan Salah),Frame 11-30 (20 frame); Frame 44-56 (13 frame),"11, 12, 13, 14, 15, 16, 17, 18, 19, 20, 21, 22, 23, 24, 25, 26, 27, 28, 29, 30, 44, 45, 46, 47, 48, 49, 50, 51, 52, 53, 54, 55, 56","1, 2, 3, 4, 5, 6, 7, 8, 9, 10, 31, 32, 33, 34, 35, 36, 37, 38, 39, 40, 41, 42, 43, 57, 58, 59, 60, 61, 62, 63, 64",0000000000111111111111111111110000000000000111111111111100000000,D:\Data-Aji\KULIAH\Tugas-Akhir\AttentiveSkel3D-WeightTraining-PoC\Release_V2_AttentiveSkel3D\data\tensors\Squat_145.npy,D:\Data-Aji\KULIAH\Tugas-Akhir\AttentiveSkel3D-WeightTraining-PoC\Release_V2_AttentiveSkel3D\data\v2_labels\Squat_145_labels.npy
Squat_146,sekunder_sekunder_squat_kaggle72_rep72.mp4,Squat,Sekunder,64,37,27,42.19,Campuran (Sebagian Fase Gerakan Salah),Frame 18-20 (3 frame); Frame 28-43 (16 frame); Frame 51-53 (3 frame); Frame 60-64 (5 frame),"18, 19, 20, 28, 29, 30, 31, 32, 33, 34, 35, 36, 37, 38, 39, 40, 41, 42, 43, 51, 52, 53, 60, 61, 62, 63, 64","1, 2, 3, 4, 5, 6, 7, 8, 9, 10, 11, 12, 13, 14, 15, 16, 17, 21, 22, 23, 24, 25, 26, 27, 44, 45, 46, 47, 48, 49, 50, 54, 55, 56, 57, 58, 59",0000000000000000011100000001111111111111111000000011100000011111,D:\Data-Aji\KULIAH\Tugas-Akhir\AttentiveSkel3D-WeightTraining-PoC\Release_V2_AttentiveSkel3D\data\tensors\Squat_146.npy,D:\Data-Aji\KULIAH\Tugas-Akhir\AttentiveSkel3D-WeightTraining-PoC\Release_V2_AttentiveSkel3D\data\v2_labels\Squat_146_labels.npy
Squat_147,sekunder_sekunder_squat_kaggle73_rep73.mp4,Squat,Sekunder,64,26,38,59.38,Campuran (Sebagian Fase Gerakan Salah),Frame 1-13 (13 frame); Frame 27-48 (22 frame); Frame 62-64 (3 frame),"1, 2, 3, 4, 5, 6, 7, 8, 9, 10, 11, 12, 13, 27, 28, 29, 30, 31, 32, 33, 34, 35, 36, 37, 38, 39, 40, 41, 42, 43, 44, 45, 46, 47, 48, 62, 63, 64","14, 15, 16, 17, 18, 19, 20, 21, 22, 23, 24, 25, 26, 49, 50, 51, 52, 53, 54, 55, 56, 57, 58, 59, 60, 61",1111111111111000000000000011111111111111111111110000000000000111,D:\Data-Aji\KULIAH\Tugas-Akhir\AttentiveSkel3D-WeightTraining-PoC\Release_V2_AttentiveSkel3D\data\tensors\Squat_147.npy,D:\Data-Aji\KULIAH\Tugas-Akhir\AttentiveSkel3D-WeightTraining-PoC\Release_V2_AttentiveSkel3D\data\v2_labels\Squat_147_labels.npy
Squat_148,sekunder_sekunder_squat_kaggle74_rep74.mp4,Squat,Sekunder,64,33,31,48.44,Campuran (Sebagian Fase Gerakan Salah),Frame 1-19 (19 frame); Frame 37-44 (8 frame); Frame 61-64 (4 frame),"1, 2, 3, 4, 5, 6, 7, 8, 9, 10, 11, 12, 13, 14, 15, 16, 17, 18, 19, 37, 38, 39, 40, 41, 42, 43, 44, 61, 62, 63, 64","20, 21, 22, 23, 24, 25, 26, 27, 28, 29, 30, 31, 32, 33, 34, 35, 36, 45, 46, 47, 48, 49, 50, 51, 52, 53, 54, 55, 56, 57, 58, 59, 60",1111111111111111111000000000000000001111111100000000000000001111,D:\Data-Aji\KULIAH\Tugas-Akhir\AttentiveSkel3D-WeightTraining-PoC\Release_V2_AttentiveSkel3D\data\tensors\Squat_148.npy,D:\Data-Aji\KULIAH\Tugas-Akhir\AttentiveSkel3D-WeightTraining-PoC\Release_V2_AttentiveSkel3D\data\v2_labels\Squat_148_labels.npy
Squat_149,sekunder_sekunder_squat_kaggle75_rep75.mp4,Squat,Sekunder,64,26,38,59.38,Campuran (Sebagian Fase Gerakan Salah),Frame 5-7 (3 frame); Frame 9; Frame 12; Frame 14-18 (5 frame); Frame 23-30 (8 frame); Frame 34-35 (2 frame); Frame 37-41 (5 frame); Frame 44-49 (6 frame); Frame 54-60 (7 frame),"5, 6, 7, 9, 12, 14, 15, 16, 17, 18, 23, 24, 25, 26, 27, 28, 29, 30, 34, 35, 37, 38, 39, 40, 41, 44, 45, 46, 47, 48, 49, 54, 55, 56, 57, 58, 59, 60","1, 2, 3, 4, 8, 10, 11, 13, 19, 20, 21, 22, 31, 32, 33, 36, 42, 43, 50, 51, 52, 53, 61, 62, 63, 64",0000111010010111110000111111110001101111100111111000011111110000,D:\Data-Aji\KULIAH\Tugas-Akhir\AttentiveSkel3D-WeightTraining-PoC\Release_V2_AttentiveSkel3D\data\tensors\Squat_149.npy,D:\Data-Aji\KULIAH\Tugas-Akhir\AttentiveSkel3D-WeightTraining-PoC\Release_V2_AttentiveSkel3D\data\v2_labels\Squat_149_labels.npy
Squat_151,sekunder_sekunder_squat_kaggle77_rep77.mp4,Squat,Sekunder,64,61,3,4.69,Dominan Benar (Kesalahan Ringan/Fase Transisi),Frame 1-3 (3 frame),"1, 2, 3","4, 5, 6, 7, 8, 9, 10, 11, 12, 13, 14, 15, 16, 17, 18, 19, 20, 21, 22, 23, 24, 25, 26, 27, 28, 29, 30, 31, 32, 33, 34, 35, 36, 37, 38, 39, 40, 41, 42, 43, 44, 45, 46, 47, 48, 49, 50, 51, 52, 53, 54, 55, 56, 57, 58, 59, 60, 61, 62, 63, 64",1110000000000000000000000000000000000000000000000000000000000000,D:\Data-Aji\KULIAH\Tugas-Akhir\AttentiveSkel3D-WeightTraining-PoC\Release_V2_AttentiveSkel3D\data\tensors\Squat_151.npy,D:\Data-Aji\KULIAH\Tugas-Akhir\AttentiveSkel3D-WeightTraining-PoC\Release_V2_AttentiveSkel3D\data\v2_labels\Squat_151_labels.npy
Squat_152,sekunder_sekunder_squat_kaggle78_rep78.mp4,Squat,Sekunder,64,40,24,37.5,Campuran (Sebagian Fase Gerakan Salah),Frame 1-4 (4 frame); Frame 20-27 (8 frame); Frame 34-42 (9 frame); Frame 62-64 (3 frame),"1, 2, 3, 4, 20, 21, 22, 23, 24, 25, 26, 27, 34, 35, 36, 37, 38, 39, 40, 41, 42, 62, 63, 64","5, 6, 7, 8, 9, 10, 11, 12, 13, 14, 15, 16, 17, 18, 19, 28, 29, 30, 31, 32, 33, 43, 44, 45, 46, 47, 48, 49, 50, 51, 52, 53, 54, 55, 56, 57, 58, 59, 60, 61",1111000000000000000111111110000001111111110000000000000000000111,D:\Data-Aji\KULIAH\Tugas-Akhir\AttentiveSkel3D-WeightTraining-PoC\Release_V2_AttentiveSkel3D\data\tensors\Squat_152.npy,D:\Data-Aji\KULIAH\Tugas-Akhir\AttentiveSkel3D-WeightTraining-PoC\Release_V2_AttentiveSkel3D\data\v2_labels\Squat_152_labels.npy
Squat_153,sekunder_sekunder_squat_kaggle79_rep79.mp4,Squat,Sekunder,64,28,36,56.25,Campuran (Sebagian Fase Gerakan Salah),Frame 6-19 (14 frame); Frame 22-24 (3 frame); Frame 32-40 (9 frame); Frame 55-64 (10 frame),"6, 7, 8, 9, 10, 11, 12, 13, 14, 15, 16, 17, 18, 19, 22, 23, 24, 32, 33, 34, 35, 36, 37, 38, 39, 40, 55, 56, 57, 58, 59, 60, 61, 62, 63, 64","1, 2, 3, 4, 5, 20, 21, 25, 26, 27, 28, 29, 30, 31, 41, 42, 43, 44, 45, 46, 47, 48, 49, 50, 51, 52, 53, 54",0000011111111111111001110000000111111111000000000000001111111111,D:\Data-Aji\KULIAH\Tugas-Akhir\AttentiveSkel3D-WeightTraining-PoC\Release_V2_AttentiveSkel3D\data\tensors\Squat_153.npy,D:\Data-Aji\KULIAH\Tugas-Akhir\AttentiveSkel3D-WeightTraining-PoC\Release_V2_AttentiveSkel3D\data\v2_labels\Squat_153_labels.npy
Squat_154,sekunder_sekunder_squat_kaggle80_rep80.mp4,Squat,Sekunder,64,64,0,0.0,100% Sempurna (Tidak Ada Kesalahan),Tidak Ada Frame Salah (100% Sempurna),-,"1, 2, 3, 4, 5, 6, 7, 8, 9, 10, 11, 12, 13, 14, 15, 16, 17, 18, 19, 20, 21, 22, 23, 24, 25, 26, 27, 28, 29, 30, 31, 32, 33, 34, 35, 36, 37, 38, 39, 40, 41, 42, 43, 44, 45, 46, 47, 48, 49, 50, 51, 52, 53, 54, 55, 56, 57, 58, 59, 60, 61, 62, 63, 64",0000000000000000000000000000000000000000000000000000000000000000,D:\Data-Aji\KULIAH\Tugas-Akhir\AttentiveSkel3D-WeightTraining-PoC\Release_V2_AttentiveSkel3D\data\tensors\Squat_154.npy,D:\Data-Aji\KULIAH\Tugas-Akhir\AttentiveSkel3D-WeightTraining-PoC\Release_V2_AttentiveSkel3D\data\v2_labels\Squat_154_labels.npy
Squat_155,sekunder_sekunder_squat_kaggle81_rep81.mp4,Squat,Sekunder,64,50,14,21.88,Dominan Benar (Kesalahan Ringan/Fase Transisi),Frame 51-64 (14 frame),"51, 52, 53, 54, 55, 56, 57, 58, 59, 60, 61, 62, 63, 64","1, 2, 3, 4, 5, 6, 7, 8, 9, 10, 11, 12, 13, 14, 15, 16, 17, 18, 19, 20, 21, 22, 23, 24, 25, 26, 27, 28, 29, 30, 31, 32, 33, 34, 35, 36, 37, 38, 39, 40, 41, 42, 43, 44, 45, 46, 47, 48, 49, 50",0000000000000000000000000000000000000000000000000011111111111111,D:\Data-Aji\KULIAH\Tugas-Akhir\AttentiveSkel3D-WeightTraining-PoC\Release_V2_AttentiveSkel3D\data\tensors\Squat_155.npy,D:\Data-Aji\KULIAH\Tugas-Akhir\AttentiveSkel3D-WeightTraining-PoC\Release_V2_AttentiveSkel3D\data\v2_labels\Squat_155_labels.npy
Squat_156,sekunder_sekunder_squat_kaggle82_rep82.mp4,Squat,Sekunder,64,36,28,43.75,Campuran (Sebagian Fase Gerakan Salah),Frame 4-12 (9 frame); Frame 46-64 (19 frame),"4, 5, 6, 7, 8, 9, 10, 11, 12, 46, 47, 48, 49, 50, 51, 52, 53, 54, 55, 56, 57, 58, 59, 60, 61, 62, 63, 64","1, 2, 3, 13, 14, 15, 16, 17, 18, 19, 20, 21, 22, 23, 24, 25, 26, 27, 28, 29, 30, 31, 32, 33, 34, 35, 36, 37, 38, 39, 40, 41, 42, 43, 44, 45",0001111111110000000000000000000000000000000001111111111111111111,D:\Data-Aji\KULIAH\Tugas-Akhir\AttentiveSkel3D-WeightTraining-PoC\Release_V2_AttentiveSkel3D\data\tensors\Squat_156.npy,D:\Data-Aji\KULIAH\Tugas-Akhir\AttentiveSkel3D-WeightTraining-PoC\Release_V2_AttentiveSkel3D\data\v2_labels\Squat_156_labels.npy
Squat_157,sekunder_sekunder_squat_kaggle83_rep83.mp4,Squat,Sekunder,64,38,26,40.62,Campuran (Sebagian Fase Gerakan Salah),Frame 1-19 (19 frame); Frame 58-64 (7 frame),"1, 2, 3, 4, 5, 6, 7, 8, 9, 10, 11, 12, 13, 14, 15, 16, 17, 18, 19, 58, 59, 60, 61, 62, 63, 64","20, 21, 22, 23, 24, 25, 26, 27, 28, 29, 30, 31, 32, 33, 34, 35, 36, 37, 38, 39, 40, 41, 42, 43, 44, 45, 46, 47, 48, 49, 50, 51, 52, 53, 54, 55, 56, 57",1111111111111111111000000000000000000000000000000000000001111111,D:\Data-Aji\KULIAH\Tugas-Akhir\AttentiveSkel3D-WeightTraining-PoC\Release_V2_AttentiveSkel3D\data\tensors\Squat_157.npy,D:\Data-Aji\KULIAH\Tugas-Akhir\AttentiveSkel3D-WeightTraining-PoC\Release_V2_AttentiveSkel3D\data\v2_labels\Squat_157_labels.npy
Squat_158,sekunder_sekunder_squat_kaggle84_rep84.mp4,Squat,Sekunder,64,39,25,39.06,Campuran (Sebagian Fase Gerakan Salah),Frame 1-8 (8 frame); Frame 21-28 (8 frame); Frame 39-47 (9 frame),"1, 2, 3, 4, 5, 6, 7, 8, 21, 22, 23, 24, 25, 26, 27, 28, 39, 40, 41, 42, 43, 44, 45, 46, 47","9, 10, 11, 12, 13, 14, 15, 16, 17, 18, 19, 20, 29, 30, 31, 32, 33, 34, 35, 36, 37, 38, 48, 49, 50, 51, 52, 53, 54, 55, 56, 57, 58, 59, 60, 61, 62, 63, 64",1111111100000000000011111111000000000011111111100000000000000000,D:\Data-Aji\KULIAH\Tugas-Akhir\AttentiveSkel3D-WeightTraining-PoC\Release_V2_AttentiveSkel3D\data\tensors\Squat_158.npy,D:\Data-Aji\KULIAH\Tugas-Akhir\AttentiveSkel3D-WeightTraining-PoC\Release_V2_AttentiveSkel3D\data\v2_labels\Squat_158_labels.npy
Squat_159,sekunder_sekunder_squat_kaggle85_rep85.mp4,Squat,Sekunder,64,64,0,0.0,100% Sempurna (Tidak Ada Kesalahan),Tidak Ada Frame Salah (100% Sempurna),-,"1, 2, 3, 4, 5, 6, 7, 8, 9, 10, 11, 12, 13, 14, 15, 16, 17, 18, 19, 20, 21, 22, 23, 24, 25, 26, 27, 28, 29, 30, 31, 32, 33, 34, 35, 36, 37, 38, 39, 40, 41, 42, 43, 44, 45, 46, 47, 48, 49, 50, 51, 52, 53, 54, 55, 56, 57, 58, 59, 60, 61, 62, 63, 64",0000000000000000000000000000000000000000000000000000000000000000,D:\Data-Aji\KULIAH\Tugas-Akhir\AttentiveSkel3D-WeightTraining-PoC\Release_V2_AttentiveSkel3D\data\tensors\Squat_159.npy,D:\Data-Aji\KULIAH\Tugas-Akhir\AttentiveSkel3D-WeightTraining-PoC\Release_V2_AttentiveSkel3D\data\v2_labels\Squat_159_labels.npy
Squat_160,sekunder_sekunder_squat_kaggle86_rep86.mp4,Squat,Sekunder,64,34,30,46.88,Campuran (Sebagian Fase Gerakan Salah),Frame 20-31 (12 frame); Frame 47-64 (18 frame),"20, 21, 22, 23, 24, 25, 26, 27, 28, 29, 30, 31, 47, 48, 49, 50, 51, 52, 53, 54, 55, 56, 57, 58, 59, 60, 61, 62, 63, 64","1, 2, 3, 4, 5, 6, 7, 8, 9, 10, 11, 12, 13, 14, 15, 16, 17, 18, 19, 32, 33, 34, 35, 36, 37, 38, 39, 40, 41, 42, 43, 44, 45, 46",0000000000000000000111111111111000000000000000111111111111111111,D:\Data-Aji\KULIAH\Tugas-Akhir\AttentiveSkel3D-WeightTraining-PoC\Release_V2_AttentiveSkel3D\data\tensors\Squat_160.npy,D:\Data-Aji\KULIAH\Tugas-Akhir\AttentiveSkel3D-WeightTraining-PoC\Release_V2_AttentiveSkel3D\data\v2_labels\Squat_160_labels.npy
Squat_161,sekunder_sekunder_squat_kaggle87_rep87.mp4,Squat,Sekunder,64,37,27,42.19,Campuran (Sebagian Fase Gerakan Salah),Frame 1-3 (3 frame); Frame 31-54 (24 frame),"1, 2, 3, 31, 32, 33, 34, 35, 36, 37, 38, 39, 40, 41, 42, 43, 44, 45, 46, 47, 48, 49, 50, 51, 52, 53, 54","4, 5, 6, 7, 8, 9, 10, 11, 12, 13, 14, 15, 16, 17, 18, 19, 20, 21, 22, 23, 24, 25, 26, 27, 28, 29, 30, 55, 56, 57, 58, 59, 60, 61, 62, 63, 64",1110000000000000000000000000001111111111111111111111110000000000,D:\Data-Aji\KULIAH\Tugas-Akhir\AttentiveSkel3D-WeightTraining-PoC\Release_V2_AttentiveSkel3D\data\tensors\Squat_161.npy,D:\Data-Aji\KULIAH\Tugas-Akhir\AttentiveSkel3D-WeightTraining-PoC\Release_V2_AttentiveSkel3D\data\v2_labels\Squat_161_labels.npy
Squat_162,sekunder_sekunder_squat_kaggle88_rep88.mp4,Squat,Sekunder,64,30,34,53.12,Campuran (Sebagian Fase Gerakan Salah),Frame 1-10 (10 frame); Frame 26-43 (18 frame); Frame 59-64 (6 frame),"1, 2, 3, 4, 5, 6, 7, 8, 9, 10, 26, 27, 28, 29, 30, 31, 32, 33, 34, 35, 36, 37, 38, 39, 40, 41, 42, 43, 59, 60, 61, 62, 63, 64","11, 12, 13, 14, 15, 16, 17, 18, 19, 20, 21, 22, 23, 24, 25, 44, 45, 46, 47, 48, 49, 50, 51, 52, 53, 54, 55, 56, 57, 58",1111111111000000000000000111111111111111111000000000000000111111,D:\Data-Aji\KULIAH\Tugas-Akhir\AttentiveSkel3D-WeightTraining-PoC\Release_V2_AttentiveSkel3D\data\tensors\Squat_162.npy,D:\Data-Aji\KULIAH\Tugas-Akhir\AttentiveSkel3D-WeightTraining-PoC\Release_V2_AttentiveSkel3D\data\v2_labels\Squat_162_labels.npy
Squat_163,sekunder_sekunder_squat_kaggle89_rep89.mp4,Squat,Sekunder,64,45,19,29.69,Campuran (Sebagian Fase Gerakan Salah),Frame 1-9 (9 frame); Frame 11-12 (2 frame); Frame 17; Frame 30-34 (5 frame); Frame 50; Frame 64,"1, 2, 3, 4, 5, 6, 7, 8, 9, 11, 12, 17, 30, 31, 32, 33, 34, 50, 64","10, 13, 14, 15, 16, 18, 19, 20, 21, 22, 23, 24, 25, 26, 27, 28, 29, 35, 36, 37, 38, 39, 40, 41, 42, 43, 44, 45, 46, 47, 48, 49, 51, 52, 53, 54, 55, 56, 57, 58, 59, 60, 61, 62, 63",1111111110110000100000000000011111000000000000000100000000000001,D:\Data-Aji\KULIAH\Tugas-Akhir\AttentiveSkel3D-WeightTraining-PoC\Release_V2_AttentiveSkel3D\data\tensors\Squat_163.npy,D:\Data-Aji\KULIAH\Tugas-Akhir\AttentiveSkel3D-WeightTraining-PoC\Release_V2_AttentiveSkel3D\data\v2_labels\Squat_163_labels.npy
Squat_164,sekunder_sekunder_squat_kaggle90_rep90.mp4,Squat,Sekunder,64,56,8,12.5,Dominan Benar (Kesalahan Ringan/Fase Transisi),Frame 33-37 (5 frame); Frame 62-64 (3 frame),"33, 34, 35, 36, 37, 62, 63, 64","1, 2, 3, 4, 5, 6, 7, 8, 9, 10, 11, 12, 13, 14, 15, 16, 17, 18, 19, 20, 21, 22, 23, 24, 25, 26, 27, 28, 29, 30, 31, 32, 38, 39, 40, 41, 42, 43, 44, 45, 46, 47, 48, 49, 50, 51, 52, 53, 54, 55, 56, 57, 58, 59, 60, 61",0000000000000000000000000000000011111000000000000000000000000111,D:\Data-Aji\KULIAH\Tugas-Akhir\AttentiveSkel3D-WeightTraining-PoC\Release_V2_AttentiveSkel3D\data\tensors\Squat_164.npy,D:\Data-Aji\KULIAH\Tugas-Akhir\AttentiveSkel3D-WeightTraining-PoC\Release_V2_AttentiveSkel3D\data\v2_labels\Squat_164_labels.npy
Squat_165,sekunder_sekunder_squat_kaggle91_rep91.mp4,Squat,Sekunder,64,59,5,7.81,Dominan Benar (Kesalahan Ringan/Fase Transisi),Frame 41-45 (5 frame),"41, 42, 43, 44, 45","1, 2, 3, 4, 5, 6, 7, 8, 9, 10, 11, 12, 13, 14, 15, 16, 17, 18, 19, 20, 21, 22, 23, 24, 25, 26, 27, 28, 29, 30, 31, 32, 33, 34, 35, 36, 37, 38, 39, 40, 46, 47, 48, 49, 50, 51, 52, 53, 54, 55, 56, 57, 58, 59, 60, 61, 62, 63, 64",0000000000000000000000000000000000000000111110000000000000000000,D:\Data-Aji\KULIAH\Tugas-Akhir\AttentiveSkel3D-WeightTraining-PoC\Release_V2_AttentiveSkel3D\data\tensors\Squat_165.npy,D:\Data-Aji\KULIAH\Tugas-Akhir\AttentiveSkel3D-WeightTraining-PoC\Release_V2_AttentiveSkel3D\data\v2_labels\Squat_165_labels.npy
Squat_166,sekunder_sekunder_squat_kaggle92_rep92.mp4,Squat,Sekunder,64,61,3,4.69,Dominan Benar (Kesalahan Ringan/Fase Transisi),Frame 3; Frame 35; Frame 62,"3, 35, 62","1, 2, 4, 5, 6, 7, 8, 9, 10, 11, 12, 13, 14, 15, 16, 17, 18, 19, 20, 21, 22, 23, 24, 25, 26, 27, 28, 29, 30, 31, 32, 33, 34, 36, 37, 38, 39, 40, 41, 42, 43, 44, 45, 46, 47, 48, 49, 50, 51, 52, 53, 54, 55, 56, 57, 58, 59, 60, 61, 63, 64",0010000000000000000000000000000000100000000000000000000000000100,D:\Data-Aji\KULIAH\Tugas-Akhir\AttentiveSkel3D-WeightTraining-PoC\Release_V2_AttentiveSkel3D\data\tensors\Squat_166.npy,D:\Data-Aji\KULIAH\Tugas-Akhir\AttentiveSkel3D-WeightTraining-PoC\Release_V2_AttentiveSkel3D\data\v2_labels\Squat_166_labels.npy
Squat_167,sekunder_sekunder_squat_kaggle93_rep93.mp4,Squat,Sekunder,64,63,1,1.56,Dominan Benar (Kesalahan Ringan/Fase Transisi),Frame 46,46,"1, 2, 3, 4, 5, 6, 7, 8, 9, 10, 11, 12, 13, 14, 15, 16, 17, 18, 19, 20, 21, 22, 23, 24, 25, 26, 27, 28, 29, 30, 31, 32, 33, 34, 35, 36, 37, 38, 39, 40, 41, 42, 43, 44, 45, 47, 48, 49, 50, 51, 52, 53, 54, 55, 56, 57, 58, 59, 60, 61, 62, 63, 64",0000000000000000000000000000000000000000000001000000000000000000,D:\Data-Aji\KULIAH\Tugas-Akhir\AttentiveSkel3D-WeightTraining-PoC\Release_V2_AttentiveSkel3D\data\tensors\Squat_167.npy,D:\Data-Aji\KULIAH\Tugas-Akhir\AttentiveSkel3D-WeightTraining-PoC\Release_V2_AttentiveSkel3D\data\v2_labels\Squat_167_labels.npy
Squat_168,sekunder_sekunder_squat_kaggle94_rep94.mp4,Squat,Sekunder,64,64,0,0.0,100% Sempurna (Tidak Ada Kesalahan),Tidak Ada Frame Salah (100% Sempurna),-,"1, 2, 3, 4, 5, 6, 7, 8, 9, 10, 11, 12, 13, 14, 15, 16, 17, 18, 19, 20, 21, 22, 23, 24, 25, 26, 27, 28, 29, 30, 31, 32, 33, 34, 35, 36, 37, 38, 39, 40, 41, 42, 43, 44, 45, 46, 47, 48, 49, 50, 51, 52, 53, 54, 55, 56, 57, 58, 59, 60, 61, 62, 63, 64",0000000000000000000000000000000000000000000000000000000000000000,D:\Data-Aji\KULIAH\Tugas-Akhir\AttentiveSkel3D-WeightTraining-PoC\Release_V2_AttentiveSkel3D\data\tensors\Squat_168.npy,D:\Data-Aji\KULIAH\Tugas-Akhir\AttentiveSkel3D-WeightTraining-PoC\Release_V2_AttentiveSkel3D\data\v2_labels\Squat_168_labels.npy
Squat_169,sekunder_sekunder_squat_kaggle95_rep95.mp4,Squat,Sekunder,64,64,0,0.0,100% Sempurna (Tidak Ada Kesalahan),Tidak Ada Frame Salah (100% Sempurna),-,"1, 2, 3, 4, 5, 6, 7, 8, 9, 10, 11, 12, 13, 14, 15, 16, 17, 18, 19, 20, 21, 22, 23, 24, 25, 26, 27, 28, 29, 30, 31, 32, 33, 34, 35, 36, 37, 38, 39, 40, 41, 42, 43, 44, 45, 46, 47, 48, 49, 50, 51, 52, 53, 54, 55, 56, 57, 58, 59, 60, 61, 62, 63, 64",0000000000000000000000000000000000000000000000000000000000000000,D:\Data-Aji\KULIAH\Tugas-Akhir\AttentiveSkel3D-WeightTraining-PoC\Release_V2_AttentiveSkel3D\data\tensors\Squat_169.npy,D:\Data-Aji\KULIAH\Tugas-Akhir\AttentiveSkel3D-WeightTraining-PoC\Release_V2_AttentiveSkel3D\data\v2_labels\Squat_169_labels.npy
Squat_170,sekunder_sekunder_squat_kaggle96_rep96.mp4,Squat,Sekunder,64,60,4,6.25,Dominan Benar (Kesalahan Ringan/Fase Transisi),Frame 20; Frame 39-40 (2 frame); Frame 56,"20, 39, 40, 56","1, 2, 3, 4, 5, 6, 7, 8, 9, 10, 11, 12, 13, 14, 15, 16, 17, 18, 19, 21, 22, 23, 24, 25, 26, 27, 28, 29, 30, 31, 32, 33, 34, 35, 36, 37, 38, 41, 42, 43, 44, 45, 46, 47, 48, 49, 50, 51, 52, 53, 54, 55, 57, 58, 59, 60, 61, 62, 63, 64",0000000000000000000100000000000000000011000000000000000100000000,D:\Data-Aji\KULIAH\Tugas-Akhir\AttentiveSkel3D-WeightTraining-PoC\Release_V2_AttentiveSkel3D\data\tensors\Squat_170.npy,D:\Data-Aji\KULIAH\Tugas-Akhir\AttentiveSkel3D-WeightTraining-PoC\Release_V2_AttentiveSkel3D\data\v2_labels\Squat_170_labels.npy
Squat_171,sekunder_sekunder_squat_kaggle97_rep97.mp4,Squat,Sekunder,64,50,14,21.88,Dominan Benar (Kesalahan Ringan/Fase Transisi),Frame 51-64 (14 frame),"51, 52, 53, 54, 55, 56, 57, 58, 59, 60, 61, 62, 63, 64","1, 2, 3, 4, 5, 6, 7, 8, 9, 10, 11, 12, 13, 14, 15, 16, 17, 18, 19, 20, 21, 22, 23, 24, 25, 26, 27, 28, 29, 30, 31, 32, 33, 34, 35, 36, 37, 38, 39, 40, 41, 42, 43, 44, 45, 46, 47, 48, 49, 50",0000000000000000000000000000000000000000000000000011111111111111,D:\Data-Aji\KULIAH\Tugas-Akhir\AttentiveSkel3D-WeightTraining-PoC\Release_V2_AttentiveSkel3D\data\tensors\Squat_171.npy,D:\Data-Aji\KULIAH\Tugas-Akhir\AttentiveSkel3D-WeightTraining-PoC\Release_V2_AttentiveSkel3D\data\v2_labels\Squat_171_labels.npy
Squat_172,sekunder_sekunder_squat_kaggle98_rep98.mp4,Squat,Sekunder,64,43,21,32.81,Campuran (Sebagian Fase Gerakan Salah),Frame 44-64 (21 frame),"44, 45, 46, 47, 48, 49, 50, 51, 52, 53, 54, 55, 56, 57, 58, 59, 60, 61, 62, 63, 64","1, 2, 3, 4, 5, 6, 7, 8, 9, 10, 11, 12, 13, 14, 15, 16, 17, 18, 19, 20, 21, 22, 23, 24, 25, 26, 27, 28, 29, 30, 31, 32, 33, 34, 35, 36, 37, 38, 39, 40, 41, 42, 43",0000000000000000000000000000000000000000000111111111111111111111,D:\Data-Aji\KULIAH\Tugas-Akhir\AttentiveSkel3D-WeightTraining-PoC\Release_V2_AttentiveSkel3D\data\tensors\Squat_172.npy,D:\Data-Aji\KULIAH\Tugas-Akhir\AttentiveSkel3D-WeightTraining-PoC\Release_V2_AttentiveSkel3D\data\v2_labels\Squat_172_labels.npy
Squat_173,sekunder_sekunder_squat_kaggle99_rep99.mp4,Squat,Sekunder,64,38,26,40.62,Campuran (Sebagian Fase Gerakan Salah),Frame 1-14 (14 frame); Frame 53-64 (12 frame),"1, 2, 3, 4, 5, 6, 7, 8, 9, 10, 11, 12, 13, 14, 53, 54, 55, 56, 57, 58, 59, 60, 61, 62, 63, 64","15, 16, 17, 18, 19, 20, 21, 22, 23, 24, 25, 26, 27, 28, 29, 30, 31, 32, 33, 34, 35, 36, 37, 38, 39, 40, 41, 42, 43, 44, 45, 46, 47, 48, 49, 50, 51, 52",1111111111111100000000000000000000000000000000000000111111111111,D:\Data-Aji\KULIAH\Tugas-Akhir\AttentiveSkel3D-WeightTraining-PoC\Release_V2_AttentiveSkel3D\data\tensors\Squat_173.npy,D:\Data-Aji\KULIAH\Tugas-Akhir\AttentiveSkel3D-WeightTraining-PoC\Release_V2_AttentiveSkel3D\data\v2_labels\Squat_173_labels.npy
