Scenario,Logits_Class0,Logits_Class1,Softmax_Class0,Softmax_Class1,Pred_Class,Confidence,Top5_Joints
Full Model,-0.74433994,0.47935057,0.22728765,0.77271235,1,0.7727123498916626,"[(22, 1.0), (31, 0.9951843619346619), (16, 0.9805877804756165), (29, 0.957427442073822), (14, 0.918994128704071)]"
Baseline 3D-CNN,8.563449,-7.918457,0.9999999,6.950223e-08,0,0.9999998807907104,"[(32, 0.5), (15, 0.5), (1, 0.5), (2, 0.5), (3, 0.5)]"
Ablasi A - No Prior,1.1614498,-0.9966173,0.89642024,0.103579774,0,0.8964202404022217,"[(32, 0.5), (15, 0.5), (1, 0.5), (2, 0.5), (3, 0.5)]"
Ablasi B - No Learned Spatial,-0.49637052,0.44505465,0.28061256,0.7193875,1,0.7193874716758728,"[(20, 1.0), (13, 0.977603554725647), (22, 0.9590165615081787), (21, 0.9394317865371704), (16, 0.9253363609313965)]"
Ablasi C - No Temporal,2.373545,-3.8761172,0.9980726,0.0019273841,0,0.998072624206543,"[(13, 1.0), (14, 0.9823464751243591), (22, 0.9214217662811279), (15, 0.8540952205657959), (12, 0.791946530342102)]"
